[T 14:12:55 12558] CodeQL CLI version 2.27.1
[T 14:12:55 12558] Initializing tracer.
[T 14:12:55 12558] Initializing tags.
[T 14:12:55 12558] ID set to 000000000000310E_0000000000000001 (parent root)
[T 14:12:55 12558] Initializing tracer.
[T 14:12:55 12558] Initializing tags.
[T 14:12:55 12558] ID set to 000000000000310E_0000000000000002 (parent root)
[T 14:12:55 12558] Warning: SEMMLE_EXEC and SEMMLE_EXECP not set. Falling back to path lookup on argv[0].
[T 14:12:55 12558] ==== Candidate to intercept: /home/codespace/.local/share/gh/extensions/gh-codeql/dist/release/v2.27.1/tools/linux64/runner-linux (canonical: /home/codespace/.local/share/gh/extensions/gh-codeql/dist/release/v2.27.1/tools/linux64/runner-linux) ====
[T 14:12:55 12558] Executing the following tracer actions:
[T 14:12:55 12558] Tracer actions:
[T 14:12:55 12558] pre_invocations(0)
[T 14:12:55 12558] post_invocations(0)
[T 14:12:55 12558] trace_languages(1): [cpp]
[T 14:12:55 12558] Initializing tracer.
[T 14:12:55 12558] Initializing tags.
[T 14:12:55 12558] ID set to 000000000000310E_0000000000000003 (parent 000000000000310E_0000000000000002)
[T 14:12:55 12558] ==== Candidate to intercept: gcc (canonical: /usr/bin/gcc) ====
[T 14:12:55 12558] Lua: === Intercepted call to /usr/bin/gcc ===
[T 14:12:55 12558] Executing the following tracer actions:
[T 14:12:55 12558] Tracer actions:
[T 14:12:55 12558] pre_invocations(0)
[T 14:12:55 12558] post_invocations(1)
[T 14:12:55 12558] invocation: /home/codespace/.local/share/gh/extensions/gh-codeql/dist/release/v2.27.1/cpp/tools/linux64/extractor, args: [--mimic, /usr/bin/gcc, -Wall, -Wextra, -Wpedantic, -c, assistant1.c, assistant2.c]
[T 14:12:55 12558] trace_languages(1): [cpp]
[T 14:12:55 12575] Initializing tracer.
[T 14:12:55 12575] Initializing tags.
[T 14:12:55 12575] ID set to 000000000000311F_0000000000000001 (parent 000000000000310E_0000000000000003)
[T 14:12:55 12575] ==== Candidate to intercept: /usr/libexec/gcc/x86_64-linux-gnu/13/cc1 (canonical: /usr/libexec/gcc/x86_64-linux-gnu/13/cc1) ====
[T 14:12:55 12575] Lua: === Intercepted call to /usr/libexec/gcc/x86_64-linux-gnu/13/cc1 ===
[T 14:12:55 12575] Executing the following tracer actions:
[T 14:12:55 12575] Tracer actions:
[T 14:12:55 12575] pre_invocations(0)
[T 14:12:55 12575] post_invocations(1)
[T 14:12:55 12575] invocation: /home/codespace/.local/share/gh/extensions/gh-codeql/dist/release/v2.27.1/cpp/tools/linux64/extractor, args: [--mimic, /usr/libexec/gcc/x86_64-linux-gnu/13/cc1, -quiet, -imultiarch, x86_64-linux-gnu, assistant1.c, -quiet, -dumpbase, assistant1.c, -dumpbase-ext, .c, -mtune=generic, -march=x86-64, -Wall, -Wextra, -Wpedantic, -fasynchronous-unwind-tables, -fstack-protector-strong, -Wformat-security, -fstack-clash-protection, -fcf-protection, -o, /tmp/ccxRKKEF.s]
[T 14:12:55 12575] trace_languages(1): [cpp]
[T 14:12:55 12577] Attempting to switch stdout/stderr to 4...
[T 14:12:56 12577] Initializing tracer.
[T 14:12:56 12577] Initializing tags.
[T 14:12:56 12577] ID set to 0000000000003121_0000000000000001 (parent 000000000000311F_0000000000000001)
[E 14:12:57 12577] CodeQL C/C++ Extractor 2.27.1
[E 14:12:57 12577] Current directory: /workspaces/cybr621-lab2-Memory-Safety-Validation
[E 14:12:57 12577] Command: /home/codespace/.local/share/gh/extensions/gh-codeql/dist/release/v2.27.1/cpp/tools/linux64/extractor --mimic /usr/libexec/gcc/x86_64-linux-gnu/13/cc1 -quiet -imultiarch x86_64-linux-gnu assistant1.c -quiet -dumpbase assistant1.c -dumpbase-ext .c -mtune=generic -march=x86-64 -Wall -Wextra -Wpedantic -fasynchronous-unwind-tables -fstack-protector-strong -Wformat-security -fstack-clash-protection -fcf-protection -o /tmp/ccxRKKEF.s
[T 14:12:57 12590] Initializing tracer.
[T 14:12:57 12590] Initializing tags.
[T 14:12:57 12590] ID set to 000000000000312E_0000000000000001 (parent 0000000000003121_0000000000000001)
[T 14:12:57 12590] ==== Candidate to intercept: /usr/libexec/gcc/x86_64-linux-gnu/13/cc1 (canonical: /usr/libexec/gcc/x86_64-linux-gnu/13/cc1) ====
[T 14:12:57 12590] Lua: === Intercepted call to /usr/libexec/gcc/x86_64-linux-gnu/13/cc1 ===
[T 14:12:57 12590] Executing the following tracer actions:
[T 14:12:57 12590] Tracer actions:
[T 14:12:57 12590] pre_invocations(0)
[T 14:12:57 12590] post_invocations(1)
[T 14:12:57 12590] invocation: /home/codespace/.local/share/gh/extensions/gh-codeql/dist/release/v2.27.1/cpp/tools/linux64/extractor, args: [--mimic, /usr/libexec/gcc/x86_64-linux-gnu/13/cc1, --version]
[T 14:12:57 12590] trace_languages(1): [cpp]
[T 14:12:57 12592] Attempting to switch stdout/stderr to 7...
[T 14:12:57 12592] Initializing tracer.
[T 14:12:57 12592] Initializing tags.
[T 14:12:57 12592] ID set to 0000000000003130_0000000000000001 (parent 000000000000312E_0000000000000001)
[E 14:12:57 12592] Mimicry classification suppression detected; exiting.
[E 14:12:57 12592] Extractor exited successfully
[T 14:12:57 12590] Extractor /home/codespace/.local/share/gh/extensions/gh-codeql/dist/release/v2.27.1/cpp/tools/linux64/extractor terminated with exit code 0.
[T 14:12:57 12593] Initializing tracer.
[T 14:12:57 12593] Initializing tags.
[T 14:12:57 12593] ID set to 0000000000003131_0000000000000001 (parent 0000000000003121_0000000000000001)
[T 14:12:57 12593] ==== Candidate to intercept: /usr/libexec/gcc/x86_64-linux-gnu/13/cc1 (canonical: /usr/libexec/gcc/x86_64-linux-gnu/13/cc1) ====
[T 14:12:57 12593] Lua: === Intercepted call to /usr/libexec/gcc/x86_64-linux-gnu/13/cc1 ===
[T 14:12:57 12593] Executing the following tracer actions:
[T 14:12:57 12593] Tracer actions:
[T 14:12:57 12593] pre_invocations(0)
[T 14:12:57 12593] post_invocations(1)
[T 14:12:57 12593] invocation: /home/codespace/.local/share/gh/extensions/gh-codeql/dist/release/v2.27.1/cpp/tools/linux64/extractor, args: [--mimic, /usr/libexec/gcc/x86_64-linux-gnu/13/cc1, --help]
[T 14:12:57 12593] trace_languages(1): [cpp]
[T 14:12:57 12595] Attempting to switch stdout/stderr to 7...
[T 14:12:57 12595] Initializing tracer.
[T 14:12:57 12595] Initializing tags.
[T 14:12:57 12595] ID set to 0000000000003133_0000000000000001 (parent 0000000000003131_0000000000000001)
[E 14:12:57 12595] Mimicry classification suppression detected; exiting.
[E 14:12:57 12595] Extractor exited successfully
[T 14:12:57 12593] Extractor /home/codespace/.local/share/gh/extensions/gh-codeql/dist/release/v2.27.1/cpp/tools/linux64/extractor terminated with exit code 0.
[T 14:12:57 12596] Initializing tracer.
[T 14:12:57 12596] Initializing tags.
[T 14:12:57 12596] ID set to 0000000000003134_0000000000000001 (parent 0000000000003121_0000000000000001)
[T 14:12:57 12596] ==== Candidate to intercept: /usr/libexec/gcc/x86_64-linux-gnu/13/cc1 (canonical: /usr/libexec/gcc/x86_64-linux-gnu/13/cc1) ====
[T 14:12:57 12596] Lua: === Intercepted call to /usr/libexec/gcc/x86_64-linux-gnu/13/cc1 ===
[T 14:12:57 12596] Executing the following tracer actions:
[T 14:12:57 12596] Tracer actions:
[T 14:12:57 12596] pre_invocations(0)
[T 14:12:57 12596] post_invocations(1)
[T 14:12:57 12596] invocation: /home/codespace/.local/share/gh/extensions/gh-codeql/dist/release/v2.27.1/cpp/tools/linux64/extractor, args: [--mimic, /usr/libexec/gcc/x86_64-linux-gnu/13/cc1, -version, --help]
[T 14:12:57 12596] trace_languages(1): [cpp]
[T 14:12:57 12601] Attempting to switch stdout/stderr to 7...
[T 14:12:57 12601] Initializing tracer.
[T 14:12:57 12601] Initializing tags.
[T 14:12:57 12601] ID set to 0000000000003139_0000000000000001 (parent 0000000000003134_0000000000000001)
[E 14:12:57 12601] Mimicry classification suppression detected; exiting.
[E 14:12:57 12601] Extractor exited successfully
[T 14:12:57 12596] Extractor /home/codespace/.local/share/gh/extensions/gh-codeql/dist/release/v2.27.1/cpp/tools/linux64/extractor terminated with exit code 0.
[T 14:12:57 12602] Initializing tracer.
[T 14:12:57 12602] Initializing tags.
[T 14:12:57 12602] ID set to 000000000000313A_0000000000000001 (parent 0000000000003121_0000000000000001)
[T 14:12:57 12602] ==== Candidate to intercept: /usr/libexec/gcc/x86_64-linux-gnu/13/cc1 (canonical: /usr/libexec/gcc/x86_64-linux-gnu/13/cc1) ====
[T 14:12:57 12602] Lua: === Intercepted call to /usr/libexec/gcc/x86_64-linux-gnu/13/cc1 ===
[T 14:12:57 12602] Executing the following tracer actions:
[T 14:12:57 12602] Tracer actions:
[T 14:12:57 12602] pre_invocations(0)
[T 14:12:57 12602] post_invocations(1)
[T 14:12:57 12602] invocation: /home/codespace/.local/share/gh/extensions/gh-codeql/dist/release/v2.27.1/cpp/tools/linux64/extractor, args: [--mimic, /usr/libexec/gcc/x86_64-linux-gnu/13/cc1, -nostdinc, -o, /workspaces/cybr621-lab2-Memory-Safety-Validation/codeql-db/working/tmp//semmle_2_12577_151824.o, /workspaces/cybr621-lab2-Memory-Safety-Validation/codeql-db/working/tmp//semmle_1_12577_151774.c]
[T 14:12:57 12602] trace_languages(1): [cpp]
[T 14:12:57 12604] Attempting to switch stdout/stderr to 7...
[T 14:12:57 12604] Initializing tracer.
[T 14:12:57 12604] Initializing tags.
[T 14:12:57 12604] ID set to 000000000000313C_0000000000000001 (parent 000000000000313A_0000000000000001)
[E 14:12:57 12604] Mimicry classification suppression detected; exiting.
[E 14:12:57 12604] Extractor exited successfully
[T 14:12:57 12602] Extractor /home/codespace/.local/share/gh/extensions/gh-codeql/dist/release/v2.27.1/cpp/tools/linux64/extractor terminated with exit code 0.
[T 14:12:57 12608] Initializing tracer.
[T 14:12:57 12608] Initializing tags.
[T 14:12:57 12608] ID set to 0000000000003140_0000000000000001 (parent 0000000000003121_0000000000000001)
[T 14:12:57 12608] ==== Candidate to intercept: /usr/libexec/gcc/x86_64-linux-gnu/13/cc1 (canonical: /usr/libexec/gcc/x86_64-linux-gnu/13/cc1) ====
[T 14:12:57 12608] Lua: === Intercepted call to /usr/libexec/gcc/x86_64-linux-gnu/13/cc1 ===
[T 14:12:57 12608] Executing the following tracer actions:
[T 14:12:57 12608] Tracer actions:
[T 14:12:57 12608] pre_invocations(0)
[T 14:12:57 12608] post_invocations(1)
[T 14:12:57 12608] invocation: /home/codespace/.local/share/gh/extensions/gh-codeql/dist/release/v2.27.1/cpp/tools/linux64/extractor, args: [--mimic, /usr/libexec/gcc/x86_64-linux-gnu/13/cc1, -nostdinc, -o, /workspaces/cybr621-lab2-Memory-Safety-Validation/codeql-db/working/tmp//semmle_4_12577_183938.o, /workspaces/cybr621-lab2-Memory-Safety-Validation/codeql-db/working/tmp//semmle_3_12577_183811.c]
[T 14:12:57 12608] trace_languages(1): [cpp]
[T 14:12:57 12610] Attempting to switch stdout/stderr to 7...
[T 14:12:57 12610] Initializing tracer.
[T 14:12:57 12610] Initializing tags.
[T 14:12:57 12610] ID set to 0000000000003142_0000000000000001 (parent 0000000000003140_0000000000000001)
[E 14:12:57 12610] Mimicry classification suppression detected; exiting.
[E 14:12:57 12610] Extractor exited successfully
[T 14:12:57 12608] Extractor /home/codespace/.local/share/gh/extensions/gh-codeql/dist/release/v2.27.1/cpp/tools/linux64/extractor terminated with exit code 0.
[E 14:12:57 12577] Checking whether C compilation already happened.
[E 14:12:57 12577] Checking for tag c-compilation-happened
[E 14:12:57 12577] Checking CODEQL_TRACER_DB_ID 000000000000311F_0000000000000001
[E 14:12:57 12577] Locking DB /workspaces/cybr621-lab2-Memory-Safety-Validation/codeql-db/working/tags.db
[E 14:12:57 12577] Locked DB /workspaces/cybr621-lab2-Memory-Safety-Validation/codeql-db/working/tags.db
[E 14:12:57 12577] Unlocking DB
[E 14:12:57 12577] Unlocked DB
[E 14:12:57 12577] Looks like C compilation didn't already happen.
[E 14:12:57 12577] Checking whether C compilation has been attempted.
[E 14:12:57 12577] Checking for tag c-compilation-attempted
[E 14:12:57 12577] Checking CODEQL_TRACER_DB_ID 000000000000311F_0000000000000001
[E 14:12:57 12577] Locking DB /workspaces/cybr621-lab2-Memory-Safety-Validation/codeql-db/working/tags.db
[E 14:12:57 12577] Locked DB /workspaces/cybr621-lab2-Memory-Safety-Validation/codeql-db/working/tags.db
[E 14:12:57 12577] Unlocking DB
[E 14:12:57 12577] Unlocked DB
[E 14:12:57 12577] Marking C compilation as attempted.
[E 14:12:57 12577] Setting tag c-compilation-attempted
[E 14:12:57 12577] Starting from CODEQL_TRACER_DB_ID 000000000000311F_0000000000000001
[E 14:12:57 12577] Locking DB /workspaces/cybr621-lab2-Memory-Safety-Validation/codeql-db/working/tags.db
[E 14:12:57 12577] Locked DB /workspaces/cybr621-lab2-Memory-Safety-Validation/codeql-db/working/tags.db
[E 14:12:57 12577] Set tag for 000000000000311F_0000000000000001
[E 14:12:57 12577] Set tag for 000000000000310E_0000000000000003
[E 14:12:57 12577] Set tag for 000000000000310E_0000000000000002
[E 14:12:57 12577] Set tag for root
[E 14:12:57 12577] Unlocking DB
[E 14:12:57 12577] Unlocked DB
[T 14:12:57 12612] Initializing tracer.
[T 14:12:57 12612] Initializing tags.
[T 14:12:57 12612] ID set to 0000000000003144_0000000000000001 (parent 0000000000003121_0000000000000001)
[T 14:12:57 12612] ==== Candidate to intercept: /usr/libexec/gcc/x86_64-linux-gnu/13/cc1 (canonical: /usr/libexec/gcc/x86_64-linux-gnu/13/cc1) ====
[T 14:12:57 12612] Lua: === Intercepted call to /usr/libexec/gcc/x86_64-linux-gnu/13/cc1 ===
[T 14:12:57 12612] Executing the following tracer actions:
[T 14:12:57 12612] Tracer actions:
[T 14:12:57 12612] pre_invocations(0)
[T 14:12:57 12612] post_invocations(1)
[T 14:12:57 12612] invocation: /home/codespace/.local/share/gh/extensions/gh-codeql/dist/release/v2.27.1/cpp/tools/linux64/extractor, args: [--mimic, /usr/libexec/gcc/x86_64-linux-gnu/13/cc1, @/workspaces/cybr621-lab2-Memory-Safety-Validation/codeql-db/working/tmp//semmle_6_12577_211702, -v, -fsyntax-only, /workspaces/cybr621-lab2-Memory-Safety-Validation/codeql-db/working/tmp//semmle_7_12577_211847]
[T 14:12:57 12612] trace_languages(1): [cpp]
[T 14:12:57 12614] Attempting to switch stdout/stderr to 7...
[T 14:12:57 12614] Initializing tracer.
[T 14:12:57 12614] Initializing tags.
[T 14:12:57 12614] ID set to 0000000000003146_0000000000000001 (parent 0000000000003144_0000000000000001)
[E 14:12:57 12614] Mimicry classification suppression detected; exiting.
[E 14:12:57 12614] Extractor exited successfully
[T 14:12:57 12612] Extractor /home/codespace/.local/share/gh/extensions/gh-codeql/dist/release/v2.27.1/cpp/tools/linux64/extractor terminated with exit code 0.
[T 14:12:57 12615] Initializing tracer.
[T 14:12:57 12615] Initializing tags.
[T 14:12:57 12615] ID set to 0000000000003147_0000000000000001 (parent 0000000000003121_0000000000000001)
[T 14:12:57 12615] ==== Candidate to intercept: /usr/libexec/gcc/x86_64-linux-gnu/13/cc1 (canonical: /usr/libexec/gcc/x86_64-linux-gnu/13/cc1) ====
[T 14:12:57 12615] Lua: === Intercepted call to /usr/libexec/gcc/x86_64-linux-gnu/13/cc1 ===
[T 14:12:57 12615] Executing the following tracer actions:
[T 14:12:57 12615] Tracer actions:
[T 14:12:57 12615] pre_invocations(0)
[T 14:12:57 12615] post_invocations(1)
[T 14:12:57 12615] invocation: /home/codespace/.local/share/gh/extensions/gh-codeql/dist/release/v2.27.1/cpp/tools/linux64/extractor, args: [--mimic, /usr/libexec/gcc/x86_64-linux-gnu/13/cc1, @/workspaces/cybr621-lab2-Memory-Safety-Validation/codeql-db/working/tmp//semmle_6_12577_211702, -E, -dM, /workspaces/cybr621-lab2-Memory-Safety-Validation/codeql-db/working/tmp//semmle_8_12577_239890]
[T 14:12:57 12615] trace_languages(1): [cpp]
[T 14:12:57 12618] Attempting to switch stdout/stderr to 7...
[T 14:12:57 12618] Initializing tracer.
[T 14:12:57 12618] Initializing tags.
[T 14:12:57 12618] ID set to 000000000000314A_0000000000000001 (parent 0000000000003147_0000000000000001)
[E 14:12:57 12618] Mimicry classification suppression detected; exiting.
[E 14:12:57 12618] Extractor exited successfully
[T 14:12:57 12615] Extractor /home/codespace/.local/share/gh/extensions/gh-codeql/dist/release/v2.27.1/cpp/tools/linux64/extractor terminated with exit code 0.
[T 14:12:57 12623] Initializing tracer.
[T 14:12:57 12623] Initializing tags.
[T 14:12:57 12623] ID set to 000000000000314F_0000000000000001 (parent 0000000000003121_0000000000000001)
[T 14:12:57 12623] ==== Candidate to intercept: /usr/libexec/gcc/x86_64-linux-gnu/13/cc1 (canonical: /usr/libexec/gcc/x86_64-linux-gnu/13/cc1) ====
[T 14:12:57 12623] Lua: === Intercepted call to /usr/libexec/gcc/x86_64-linux-gnu/13/cc1 ===
[T 14:12:57 12623] Executing the following tracer actions:
[T 14:12:57 12623] Tracer actions:
[T 14:12:57 12623] pre_invocations(0)
[T 14:12:57 12623] post_invocations(1)
[T 14:12:57 12623] invocation: /home/codespace/.local/share/gh/extensions/gh-codeql/dist/release/v2.27.1/cpp/tools/linux64/extractor, args: [--mimic, /usr/libexec/gcc/x86_64-linux-gnu/13/cc1, @/workspaces/cybr621-lab2-Memory-Safety-Validation/codeql-db/working/tmp//semmle_9_12577_269132, -o, /workspaces/cybr621-lab2-Memory-Safety-Validation/codeql-db/working/tmp//semmle_11_12577_269579.o, /workspaces/cybr621-lab2-Memory-Safety-Validation/codeql-db/working/tmp//semmle_10_12577_269462.c]
[T 14:12:57 12623] trace_languages(1): [cpp]
[T 14:12:57 12625] Attempting to switch stdout/stderr to 7...
[T 14:12:57 12625] Initializing tracer.
[T 14:12:57 12625] Initializing tags.
[T 14:12:57 12625] ID set to 0000000000003151_0000000000000001 (parent 000000000000314F_0000000000000001)
[E 14:12:57 12625] Mimicry classification suppression detected; exiting.
[E 14:12:57 12625] Extractor exited successfully
[T 14:12:57 12623] Extractor /home/codespace/.local/share/gh/extensions/gh-codeql/dist/release/v2.27.1/cpp/tools/linux64/extractor terminated with exit code 0.
[T 14:12:57 12626] Initializing tracer.
[T 14:12:57 12626] Initializing tags.
[T 14:12:57 12626] ID set to 0000000000003152_0000000000000001 (parent 0000000000003121_0000000000000001)
[T 14:12:57 12626] ==== Candidate to intercept: /usr/libexec/gcc/x86_64-linux-gnu/13/cc1 (canonical: /usr/libexec/gcc/x86_64-linux-gnu/13/cc1) ====
[T 14:12:57 12626] Lua: === Intercepted call to /usr/libexec/gcc/x86_64-linux-gnu/13/cc1 ===
[T 14:12:57 12626] Executing the following tracer actions:
[T 14:12:57 12626] Tracer actions:
[T 14:12:57 12626] pre_invocations(0)
[T 14:12:57 12626] post_invocations(1)
[T 14:12:57 12626] invocation: /home/codespace/.local/share/gh/extensions/gh-codeql/dist/release/v2.27.1/cpp/tools/linux64/extractor, args: [--mimic, /usr/libexec/gcc/x86_64-linux-gnu/13/cc1, @/workspaces/cybr621-lab2-Memory-Safety-Validation/codeql-db/working/tmp//semmle_9_12577_269132, -o, /workspaces/cybr621-lab2-Memory-Safety-Validation/codeql-db/working/tmp//semmle_13_12577_306961.o, /workspaces/cybr621-lab2-Memory-Safety-Validation/codeql-db/working/tmp//semmle_12_12577_306920.c]
[T 14:12:57 12626] trace_languages(1): [cpp]
[T 14:12:57 12628] Attempting to switch stdout/stderr to 7...
[T 14:12:57 12628] Initializing tracer.
[T 14:12:57 12628] Initializing tags.
[T 14:12:57 12628] ID set to 0000000000003154_0000000000000001 (parent 0000000000003152_0000000000000001)
[E 14:12:57 12628] Mimicry classification suppression detected; exiting.
[E 14:12:57 12628] Extractor exited successfully
[T 14:12:57 12626] Extractor /home/codespace/.local/share/gh/extensions/gh-codeql/dist/release/v2.27.1/cpp/tools/linux64/extractor terminated with exit code 0.
[T 14:12:57 12635] Initializing tracer.
[T 14:12:57 12635] Initializing tags.
[T 14:12:57 12635] ID set to 000000000000315B_0000000000000001 (parent 0000000000003121_0000000000000001)
[T 14:12:57 12635] ==== Candidate to intercept: /usr/libexec/gcc/x86_64-linux-gnu/13/cc1 (canonical: /usr/libexec/gcc/x86_64-linux-gnu/13/cc1) ====
[T 14:12:57 12635] Lua: === Intercepted call to /usr/libexec/gcc/x86_64-linux-gnu/13/cc1 ===
[T 14:12:57 12635] Executing the following tracer actions:
[T 14:12:57 12635] Tracer actions:
[T 14:12:57 12635] pre_invocations(0)
[T 14:12:57 12635] post_invocations(1)
[T 14:12:57 12635] invocation: /home/codespace/.local/share/gh/extensions/gh-codeql/dist/release/v2.27.1/cpp/tools/linux64/extractor, args: [--mimic, /usr/libexec/gcc/x86_64-linux-gnu/13/cc1, @/workspaces/cybr621-lab2-Memory-Safety-Validation/codeql-db/working/tmp//semmle_9_12577_269132, -o, /workspaces/cybr621-lab2-Memory-Safety-Validation/codeql-db/working/tmp//semmle_15_12577_357885.o, /workspaces/cybr621-lab2-Memory-Safety-Validation/codeql-db/working/tmp//semmle_14_12577_357848.c]
[T 14:12:57 12635] trace_languages(1): [cpp]
[T 14:12:57 12637] Attempting to switch stdout/stderr to 7...
[T 14:12:57 12637] Initializing tracer.
[T 14:12:57 12637] Initializing tags.
[T 14:12:57 12637] ID set to 000000000000315D_0000000000000001 (parent 000000000000315B_0000000000000001)
[E 14:12:57 12637] Mimicry classification suppression detected; exiting.
[E 14:12:57 12637] Extractor exited successfully
[T 14:12:57 12635] Extractor /home/codespace/.local/share/gh/extensions/gh-codeql/dist/release/v2.27.1/cpp/tools/linux64/extractor terminated with exit code 0.
[T 14:12:57 12644] Initializing tracer.
[T 14:12:57 12644] Initializing tags.
[T 14:12:57 12644] ID set to 0000000000003164_0000000000000001 (parent 0000000000003121_0000000000000001)
[T 14:12:57 12644] ==== Candidate to intercept: /usr/libexec/gcc/x86_64-linux-gnu/13/cc1 (canonical: /usr/libexec/gcc/x86_64-linux-gnu/13/cc1) ====
[T 14:12:57 12644] Lua: === Intercepted call to /usr/libexec/gcc/x86_64-linux-gnu/13/cc1 ===
[T 14:12:57 12644] Executing the following tracer actions:
[T 14:12:57 12644] Tracer actions:
[T 14:12:57 12644] pre_invocations(0)
[T 14:12:57 12644] post_invocations(1)
[T 14:12:57 12644] invocation: /home/codespace/.local/share/gh/extensions/gh-codeql/dist/release/v2.27.1/cpp/tools/linux64/extractor, args: [--mimic, /usr/libexec/gcc/x86_64-linux-gnu/13/cc1, @/workspaces/cybr621-lab2-Memory-Safety-Validation/codeql-db/working/tmp//semmle_9_12577_269132, -o, /workspaces/cybr621-lab2-Memory-Safety-Validation/codeql-db/working/tmp//semmle_17_12577_389822.o, /workspaces/cybr621-lab2-Memory-Safety-Validation/codeql-db/working/tmp//semmle_16_12577_389643.c]
[T 14:12:57 12644] trace_languages(1): [cpp]
[T 14:12:57 12646] Attempting to switch stdout/stderr to 7...
[T 14:12:57 12646] Initializing tracer.
[T 14:12:57 12646] Initializing tags.
[T 14:12:57 12646] ID set to 0000000000003166_0000000000000001 (parent 0000000000003164_0000000000000001)
[E 14:12:57 12646] Mimicry classification suppression detected; exiting.
[E 14:12:57 12646] Extractor exited successfully
[T 14:12:57 12644] Extractor /home/codespace/.local/share/gh/extensions/gh-codeql/dist/release/v2.27.1/cpp/tools/linux64/extractor terminated with exit code 0.
[T 14:12:57 12647] Initializing tracer.
[T 14:12:57 12647] Initializing tags.
[T 14:12:57 12647] ID set to 0000000000003167_0000000000000001 (parent 0000000000003121_0000000000000001)
[T 14:12:57 12647] ==== Candidate to intercept: /usr/libexec/gcc/x86_64-linux-gnu/13/cc1 (canonical: /usr/libexec/gcc/x86_64-linux-gnu/13/cc1) ====
[T 14:12:57 12647] Lua: === Intercepted call to /usr/libexec/gcc/x86_64-linux-gnu/13/cc1 ===
[T 14:12:57 12647] Executing the following tracer actions:
[T 14:12:57 12647] Tracer actions:
[T 14:12:57 12647] pre_invocations(0)
[T 14:12:57 12647] post_invocations(1)
[T 14:12:57 12647] invocation: /home/codespace/.local/share/gh/extensions/gh-codeql/dist/release/v2.27.1/cpp/tools/linux64/extractor, args: [--mimic, /usr/libexec/gcc/x86_64-linux-gnu/13/cc1, @/workspaces/cybr621-lab2-Memory-Safety-Validation/codeql-db/working/tmp//semmle_9_12577_269132, -o, /workspaces/cybr621-lab2-Memory-Safety-Validation/codeql-db/working/tmp//semmle_19_12577_433558.o, /workspaces/cybr621-lab2-Memory-Safety-Validation/codeql-db/working/tmp//semmle_18_12577_433463.c]
[T 14:12:57 12647] trace_languages(1): [cpp]
[T 14:12:57 12649] Attempting to switch stdout/stderr to 7...
[T 14:12:57 12649] Initializing tracer.
[T 14:12:57 12649] Initializing tags.
[T 14:12:57 12649] ID set to 0000000000003169_0000000000000001 (parent 0000000000003167_0000000000000001)
[E 14:12:57 12649] Mimicry classification suppression detected; exiting.
[E 14:12:57 12649] Extractor exited successfully
[T 14:12:57 12647] Extractor /home/codespace/.local/share/gh/extensions/gh-codeql/dist/release/v2.27.1/cpp/tools/linux64/extractor terminated with exit code 0.
[T 14:12:57 12650] Initializing tracer.
[T 14:12:57 12650] Initializing tags.
[T 14:12:57 12650] ID set to 000000000000316A_0000000000000001 (parent 0000000000003121_0000000000000001)
[T 14:12:57 12650] ==== Candidate to intercept: /usr/libexec/gcc/x86_64-linux-gnu/13/cc1 (canonical: /usr/libexec/gcc/x86_64-linux-gnu/13/cc1) ====
[T 14:12:57 12650] Lua: === Intercepted call to /usr/libexec/gcc/x86_64-linux-gnu/13/cc1 ===
[T 14:12:57 12650] Executing the following tracer actions:
[T 14:12:57 12650] Tracer actions:
[T 14:12:57 12650] pre_invocations(0)
[T 14:12:57 12650] post_invocations(1)
[T 14:12:57 12650] invocation: /home/codespace/.local/share/gh/extensions/gh-codeql/dist/release/v2.27.1/cpp/tools/linux64/extractor, args: [--mimic, /usr/libexec/gcc/x86_64-linux-gnu/13/cc1, @/workspaces/cybr621-lab2-Memory-Safety-Validation/codeql-db/working/tmp//semmle_9_12577_269132, -o, /workspaces/cybr621-lab2-Memory-Safety-Validation/codeql-db/working/tmp//semmle_21_12577_463032.o, /workspaces/cybr621-lab2-Memory-Safety-Validation/codeql-db/working/tmp//semmle_20_12577_462858.c]
[T 14:12:57 12650] trace_languages(1): [cpp]
[T 14:12:57 12658] Attempting to switch stdout/stderr to 7...
[T 14:12:57 12658] Initializing tracer.
[T 14:12:57 12658] Initializing tags.
[T 14:12:57 12658] ID set to 0000000000003172_0000000000000001 (parent 000000000000316A_0000000000000001)
[E 14:12:57 12658] Mimicry classification suppression detected; exiting.
[E 14:12:57 12658] Extractor exited successfully
[T 14:12:57 12650] Extractor /home/codespace/.local/share/gh/extensions/gh-codeql/dist/release/v2.27.1/cpp/tools/linux64/extractor terminated with exit code 0.
[E 14:12:57 12577] Processed command line: /home/codespace/.local/share/gh/extensions/gh-codeql/dist/release/v2.27.1/cpp/tools/linux64/extractor --trapfolder /workspaces/cybr621-lab2-Memory-Safety-Validation/codeql-db/trap/cpp --src_archive /workspaces/cybr621-lab2-Memory-Safety-Validation/codeql-db/src --object_filename /tmp/ccxRKKEF.s --no_warnings_and_discretionary_errors --error_limit 1000 --disable_system_macros --variadic_macros --incognito --gcc --gnu_version 130300 --target linux_x86_64 '-D__DBL_MIN_EXP__=(-1021)' -D__UINT_LEAST16_MAX__=0xffff -D__FLT16_HAS_QUIET_NAN__=1 -D__ATOMIC_ACQUIRE=2 -D__FLT128_MAX_10_EXP__=4932 -D__FLT_MIN__=1.17549435082228750796873653722224568e-38F -D__GCC_IEC_559_COMPLEX=2 '-D__UINT_LEAST8_TYPE__=unsigned char' -D__SIZEOF_FLOAT80__=16 -D__BFLT16_DENORM_MIN__=9.18354961579912115600575419704879436e-41BF16 '-D__INTMAX_C(c)=c ## L' -D__CHAR_BIT__=8 -D__UINT8_MAX__=0xff -D__SCHAR_WIDTH__=8 -D__WINT_MAX__=0xffffffffU '-D__FLT32_MIN_EXP__=(-125)' -D__BFLT16_NORM_MAX__=3.38953138925153547590470800371487867e+38BF16 '-D__BFLT16_MIN_10_EXP__=(-37)' -D__ORDER_LITTLE_ENDIAN__=1234 -D__WCHAR_MAX__=0x7fffffff -D__GCC_HAVE_SYNC_COMPARE_AND_SWAP_2=1 -D__GCC_HAVE_SYNC_COMPARE_AND_SWAP_4=1 -D__GCC_HAVE_SYNC_COMPARE_AND_SWAP_8=1 -D__GCC_ATOMIC_CHAR_LOCK_FREE=2 -D__GCC_IEC_559=2 -D__FLT32X_DECIMAL_DIG__=17 -D__FLT_EVAL_METHOD__=0 -D__FLT64_DECIMAL_DIG__=17 -D__CET__=3 -D__GCC_ATOMIC_CHAR32_T_LOCK_FREE=2 -D__UINT_FAST64_MAX__=0xffffffffffffffffUL -D__SIG_ATOMIC_TYPE__=int '-D__DBL_MIN_10_EXP__=(-307)' -D__FINITE_MATH_ONLY__=0 -D__FLT32X_MAX_EXP__=1024 -D__GCC_HAVE_SYNC_COMPARE_AND_SWAP_1=1 -D__FLT32_HAS_DENORM__=1 -D__UINT_FAST8_MAX__=0xff -D__FLT32_MAX_10_EXP__=38 -D__DEC64_MAX_EXP__=385 '-D__INT8_C(c)=c' -D__INT_LEAST8_WIDTH__=8 -D__UINT_LEAST64_MAX__=0xffffffffffffffffUL -D__SHRT_MAX__=0x7fff -D__LDBL_MAX__=1.18973149535723176502126385303097021e+4932L -D__FLT64X_MAX_10_EXP__=4932 -D__BFLT16_MAX_10_EXP__=38 -D__BFLT16_MAX_EXP__=128 -D__LDBL_IS_IEC_60559__=1 -D__FLT64X_HAS_QUIET_NAN__=1 -D__UINT_LEAST8_MAX__=0xff -D__GCC_ATOMIC_BOOL_LOCK_FREE=2 -D__FLT128_DENORM_MIN__=6.47517511943802511092443895822764655e-4966F128 '-D__UINTMAX_TYPE__=long unsigned int' -D__BFLT16_DECIMAL_DIG__=4 -D__linux=1 -D__DEC32_EPSILON__=1E-6DF -D__FLT_EVAL_METHOD_TS_18661_3__=0 -D__UINT32_MAX__=0xffffffffU '-D__DBL_DENORM_MIN__=((double)4.94065645841246544176568792868221372e-324L)' '-D__FLT128_MIN_EXP__=(-16381)' -D__WINT_MIN__=0U '-D__FLT128_MIN_10_EXP__=(-4931)' -D__FLT32X_IS_IEC_60559__=1 -D__INT_LEAST16_WIDTH__=16 -D__SCHAR_MAX__=0x7f -D__FLT128_MANT_DIG__=113 '-D__WCHAR_MIN__=(-__WCHAR_MAX__ - 1)' '-D__INT64_C(c)=c ## L' -D__SSP_STRONG__=3 -D__GCC_ATOMIC_POINTER_LOCK_FREE=2 -D__ATOMIC_SEQ_CST=5 -D__unix=1 -D__INT_LEAST64_MAX__=0x7fffffffffffffffL -D__FLT32X_MANT_DIG__=53 -D__FLT64X_EPSILON__=1.08420217248550443400745280086994171e-19F64x '-D__DEC64_MIN_EXP__=(-382)' -D__DBL_DIG__=15 -D__FLT_EPSILON__=1.19209289550781250000000000000000000e-7F -D__SHRT_WIDTH__=16 -D__FLT32_IS_IEC_60559__=1 -D__LDBL_MIN__=3.36210314311209350626267781732175260e-4932L -D__STDC_UTF_16__=1 -D__DBL_IS_IEC_60559__=1 -D__DEC32_MAX__=9.999999E96DF -D__FLT64X_DENORM_MIN__=3.64519953188247460252840593361941982e-4951F64x -D__FLT32X_HAS_INFINITY__=1 -D__unix__=1 -D__INT_WIDTH__=32 -D__STDC_IEC_559__=1 -D__STDC_ISO_10646__=201706L -D__DECIMAL_DIG__=21 -D__STDC_IEC_559_COMPLEX__=1 -D__FLT64_EPSILON__=2.22044604925031308084726333618164062e-16F64 -D__gnu_linux__=1 -D__FLT128_IS_IEC_60559__=1 '-D__FLT64X_MIN_10_EXP__=(-4931)' -D__LDBL_HAS_QUIET_NAN__=1 '-D__FLT16_MIN_EXP__=(-13)' -D__FLT64_MANT_DIG__=53 -D__FLT64X_MANT_DIG__=64 -D__BFLT16_DIG__=2 -D__pie__=2 -D__MMX__=1 -D__FLT_HAS_DENORM__=1 -D__SIZEOF_LONG_DOUBLE__=16 -D__BIGGEST_ALIGNMENT__=16 -D__FLT64_MAX_10_EXP__=308 -D__BFLT16_IS_IEC_60559__=0 -D__FLT16_MAX_10_EXP__=4 '-D__DBL_MAX__=((double)1.79769313486231570814527423731704357e+308L)' -D__INT_FAST32_MAX__=0x7fffffffffffffffL -D__DBL_HAS_INFINITY__=1 -D__INT64_MAX__=0x7fffffffffffffffL -D__SIZEOF_FLOAT__=4 -D__HAVE_SPECULATION_SAFE_VALUE=1 '-D__DEC32_MIN_EXP__=(-94)' -D__INTPTR_WIDTH__=64 -D__UINT_LEAST32_MAX__=0xffffffffU -D__FLT32X_HAS_DENORM__=1 '-D__INT_FAST16_TYPE__=long int' -D__MMX_WITH_SSE__=1 -D__LDBL_HAS_DENORM__=1 -D__SEG_GS=1 -D__BFLT16_EPSILON__=7.81250000000000000000000000000000000e-3BF16 -D__FLT128_HAS_INFINITY__=1 -D__DEC32_MIN__=1E-95DF -D__DBL_MAX_EXP__=1024 -D__WCHAR_WIDTH__=32 -D__FLT32_MAX__=3.40282346638528859811704183484516925e+38F32 -D__DEC128_EPSILON__=1E-33DL -D__FLT16_DECIMAL_DIG__=5 -D__SSE2_MATH__=1 -D__ATOMIC_HLE_RELEASE=131072 -D__PTRDIFF_MAX__=0x7fffffffffffffffL -D__amd64=1 -D__ATOMIC_HLE_ACQUIRE=65536 -D__LONG_LONG_MAX__=0x7fffffffffffffffLL -D__SIZEOF_SIZE_T__=8 -D__BFLT16_HAS_INFINITY__=1 '-D__FLT64X_MIN_EXP__=(-16381)' -D__SIZEOF_WINT_T__=4 -D__LONG_LONG_WIDTH__=64 -D__FLT32_MAX_EXP__=128 -D__GXX_ABI_VERSION=1018 '-D__FLT_MIN_EXP__=(-125)' -D__GCC_HAVE_DWARF2_CFI_ASM=1 -D__INT16_MAX__=0x7fff -D__x86_64=1 '-D__INT_FAST64_TYPE__=long int' -D__BFLT16_MAX__=3.38953138925153547590470800371487867e+38BF16 -D__BFLT16_HAS_DENORM__=1 -D__FLT64_DENORM_MIN__=4.94065645841246544176568792868221372e-324F64 -D__FLT16_DENORM_MIN__=5.96046447753906250000000000000000000e-8F16 -D__FLT128_EPSILON__=1.92592994438723585305597794258492732e-34F128 -D__FLT64X_NORM_MAX__=1.18973149535723176502126385303097021e+4932F64x -D__SIZEOF_POINTER__=8 '-D__SIZE_TYPE__=long unsigned int' -D__LP64__=1 -D__DBL_HAS_QUIET_NAN__=1 -D__FLT32X_EPSILON__=2.22044604925031308084726333618164062e-16F32x -D__LDBL_MAX_EXP__=16384 -D__DECIMAL_BID_FORMAT__=1 '-D__FLT64_MIN_EXP__=(-1021)' '-D__FLT64_MIN_10_EXP__=(-307)' '-D__FLT16_MIN_10_EXP__=(-4)' -D__FLT64X_DECIMAL_DIG__=21 -D__DEC128_MIN__=1E-6143DL -D__REGISTER_PREFIX__= -D__UINT16_MAX__=0xffff -D__DBL_HAS_DENORM__=1 -D__FLT32_MIN__=1.17549435082228750796873653722224568e-38F32 '-D__UINT8_TYPE__=unsigned char' -D__FLT_DIG__=6 -D__NO_INLINE__=1 -D__DEC_EVAL_METHOD__=2 -D__FLT_MANT_DIG__=24 -D__LDBL_DECIMAL_DIG__=21 '-D__UINT64_C(c)=c ## UL' -D_STDC_PREDEF_H=1 -D__INT_LEAST32_MAX__=0x7fffffff -D__GCC_ATOMIC_INT_LOCK_FREE=2 -D__FLT128_MAX_EXP__=16384 -D__FLT32_MANT_DIG__=24 -D__FLOAT_WORD_ORDER__=__ORDER_LITTLE_ENDIAN__ '-D__FLT32X_MIN_EXP__=(-1021)' -D__STDC_IEC_60559_COMPLEX__=201404L -D__BFLT16_MIN__=1.17549435082228750796873653722224568e-38BF16 -D__FLT128_HAS_DENORM__=1 -D__FLT32_DECIMAL_DIG__=9 -D__FLT128_DIG__=33 '-D__INT32_C(c)=c' -D__DEC64_EPSILON__=1E-15DD -D__ORDER_PDP_ENDIAN__=3412 '-D__DEC128_MIN_EXP__=(-6142)' -D__DEC128_MAX__=9.999999999999999999999999999999999E6144DL '-D__INT_FAST32_TYPE__=long int' '-D__UINT_LEAST16_TYPE__=short unsigned int' -D__DEC128_MAX_EXP__=6145 -Dunix=1 -D__UINT64_MAX__=0xffffffffffffffffUL -D__FLT_IS_IEC_60559__=1 '-D__GNUC_WIDE_EXECUTION_CHARSET_NAME="UTF-32LE"' -D__FLT64X_DIG__=18 '-D__INT8_TYPE__=signed char' -D__ELF__=1 -D__GCC_ASM_FLAG_OUTPUTS__=1 '-D__UINT32_TYPE__=unsigned int' -D__BFLT16_HAS_QUIET_NAN__=1 -D__FLT_RADIX__=2 '-D__INT_LEAST16_TYPE__=short int' -D__LDBL_EPSILON__=1.08420217248550443400745280086994171e-19L '-D__UINTMAX_C(c)=c ## UL' -D__FLT16_DIG__=3 -D__SSE_MATH__=1 -D__k8=1 -D__FLT32X_MIN__=2.22507385850720138309023271733240406e-308F32x -D__SIG_ATOMIC_MAX__=0x7fffffff -D__GCC_ATOMIC_WCHAR_T_LOCK_FREE=2 -D__USER_LABEL_PREFIX__= -D__STDC_IEC_60559_BFP__=201404L -D__SIZEOF_PTRDIFF_T__=8 -D__FLT64X_HAS_INFINITY__=1 -D__FLT32_HAS_INFINITY__=1 -D__SIZEOF_LONG__=8 -D__LDBL_DIG__=18 -D__FLT64_IS_IEC_60559__=1 -D__x86_64__=1 -D__FLT16_IS_IEC_60559__=1 -D__FLT16_MAX_EXP__=16 -D__DEC32_SUBNORMAL_MIN__=0.000001E-95DF -D__INT_FAST16_MAX__=0x7fffffffffffffffL -D__GCC_CONSTRUCTIVE_SIZE=64 -D__FLT64_DIG__=15 -D__UINT_FAST32_MAX__=0xffffffffffffffffUL '-D__UINT_LEAST64_TYPE__=long unsigned int' -D__FLT16_EPSILON__=9.76562500000000000000000000000000000e-4F16 -D__FLT_HAS_QUIET_NAN__=1 -D__FLT_MAX_10_EXP__=38 -D__LONG_MAX__=0x7fffffffffffffffL -D__FLT64X_HAS_DENORM__=1 -D__DEC128_SUBNORMAL_MIN__=0.000000000000000000000000000000001E-6143DL -D__FLT_HAS_INFINITY__=1 '-D__GNUC_EXECUTION_CHARSET_NAME="UTF-8"' '-D__UINT_FAST16_TYPE__=long unsigned int' -D__DEC64_MAX__=9.999999999999999E384DD -D__INT_FAST32_WIDTH__=64 -D__PRAGMA_REDEFINE_EXTNAME=1 -D__SIZE_WIDTH__=64 -D__SEG_FS=1 -D__INT_LEAST16_MAX__=0x7fff -D__FLT16_NORM_MAX__=6.55040000000000000000000000000000000e+4F16 -D__DEC64_MANT_DIG__=16 -D__FLT32_DENORM_MIN__=1.40129846432481707092372958328991613e-45F32 -D__SIG_ATOMIC_WIDTH__=32 '-D__INT_LEAST64_TYPE__=long int' '-D__INT16_TYPE__=short int' '-D__INT_LEAST8_TYPE__=signed char' -D__FLT16_MAX__=6.55040000000000000000000000000000000e+4F16 -D__FLT128_MIN__=3.36210314311209350626267781732175260e-4932F128 -D__SIZEOF_INT__=4 -D__DEC32_MAX_EXP__=97 -D__INT_FAST8_MAX__=0x7f -D__FLT128_MAX__=1.18973149535723176508575932662800702e+4932F128 -D__INTPTR_MAX__=0x7fffffffffffffffL -Dlinux=1 -D__FLT64_HAS_QUIET_NAN__=1 '-D__FLT32_MIN_10_EXP__=(-37)' -D__FLT32X_DIG__=15 '-D__UINT16_C(c)=c' -D__PTRDIFF_WIDTH__=64 -D__LDBL_MANT_DIG__=64 -D__INT_FAST16_WIDTH__=64 -D__FLT64_HAS_INFINITY__=1 -D__FLT64X_MAX__=1.18973149535723176502126385303097021e+4932F64x -D__FLT16_HAS_INFINITY__=1 '-D__SIG_ATOMIC_MIN__=(-__SIG_ATOMIC_MAX__ - 1)' -D__code_model_small__=1 -D__GCC_ATOMIC_LONG_LOCK_FREE=2 -D__DEC32_MANT_DIG__=7 -D__FLT16_MANT_DIG__=11 -D__k8__=1 '-D__INTPTR_TYPE__=long int' '-D__UINT16_TYPE__=short unsigned int' -D__WCHAR_TYPE__=int -D__pic__=2 -D__UINTPTR_MAX__=0xffffffffffffffffUL -D__INT_FAST64_WIDTH__=64 -D__LDBL_HAS_INFINITY__=1 -D__INT_FAST64_MAX__=0x7fffffffffffffffL -D__GCC_ATOMIC_TEST_AND_SET_TRUEVAL=1 -D__FLT_NORM_MAX__=3.40282346638528859811704183484516925e+38F -D__FLT64X_MAX_EXP__=16384 '-D__UINT_FAST64_TYPE__=long unsigned int' '-D__BFLT16_MIN_EXP__=(-125)' -D__INT_MAX__=0x7fffffff -D__linux__=1 '-D__INT64_TYPE__=long int' -D__FLT_MAX_EXP__=128 -D__ORDER_BIG_ENDIAN__=4321 -D__DBL_MANT_DIG__=53 -D__SIZEOF_FLOAT128__=16 -D__BFLT16_MANT_DIG__=8 -D__GCC_ATOMIC_CHAR16_T_LOCK_FREE=2 -D__DEC64_MIN__=1E-383DD '-D__WINT_TYPE__=unsigned int' '-D__UINT_LEAST32_TYPE__=unsigned int' -D__SIZEOF_SHORT__=2 -D__FLT32_NORM_MAX__=3.40282346638528859811704183484516925e+38F32 -D__SSE__=1 '-D__LDBL_MIN_EXP__=(-16381)' -D__FLT64_MAX__=1.79769313486231570814527423731704357e+308F64 -D__amd64__=1 -D__WINT_WIDTH__=32 -D__INT_LEAST8_MAX__=0x7f -D__INT_LEAST64_WIDTH__=64 -D__FLT32X_MAX_10_EXP__=308 -D__SIZEOF_INT128__=16 -D__FLT16_MIN__=6.10351562500000000000000000000000000e-5F16 -D__FLT64X_IS_IEC_60559__=1 -D__LDBL_MAX_10_EXP__=4932 -D__ATOMIC_RELAXED=0 '-D__DBL_EPSILON__=((double)2.22044604925031308084726333618164062e-16L)' -D__INT_LEAST32_TYPE__=int -D_LP64=1 '-D__UINT8_C(c)=c' -D__FLT64_MAX_EXP__=1024 -D__SIZEOF_WCHAR_T__=4 '-D__UINT64_TYPE__=long unsigned int' -D__FLT128_NORM_MAX__=1.18973149535723176508575932662800702e+4932F128 -D__FLT64_NORM_MAX__=1.79769313486231570814527423731704357e+308F64 -D__FLT128_HAS_QUIET_NAN__=1 -D__INTMAX_MAX__=0x7fffffffffffffffL '-D__INT_FAST8_TYPE__=signed char' -D__FLT64X_MIN__=3.36210314311209350626267781732175260e-4932F64x -D__FLT64_HAS_DENORM__=1 -D__FLT32_EPSILON__=1.19209289550781250000000000000000000e-7F32 -D__FLT16_HAS_DENORM__=1 -D__DBL_DECIMAL_DIG__=17 -D__STDC_UTF_32__=1 -D__INT_FAST8_WIDTH__=8 -D__FXSR__=1 -D__FLT32X_MAX__=1.79769313486231570814527423731704357e+308F32x '-D__DBL_NORM_MAX__=((double)1.79769313486231570814527423731704357e+308L)' -D__BYTE_ORDER__=__ORDER_LITTLE_ENDIAN__ -D__GCC_DESTRUCTIVE_SIZE=64 -D__INTMAX_WIDTH__=64 -D__FLT32_DIG__=6 '-D__UINT32_C(c)=c ## U' -D__FLT_DENORM_MIN__=1.40129846432481707092372958328991613e-45F -D__INT8_MAX__=0x7f -D__LONG_WIDTH__=64 '-D__DBL_MIN__=((double)2.22507385850720138309023271733240406e-308L)' -D__PIC__=2 -D__INT32_MAX__=0x7fffffff '-D__UINT_FAST32_TYPE__=long unsigned int' -D__FLT32X_NORM_MAX__=1.79769313486231570814527423731704357e+308F32x -D__FLT_MAX__=3.40282346638528859811704183484516925e+38F -D__SSE2__=1 -D__INT32_TYPE__=int -D__SIZEOF_DOUBLE__=8 '-D__FLT_MIN_10_EXP__=(-37)' -D__FLT64_MIN__=2.22507385850720138309023271733240406e-308F64 -D__INT_LEAST32_WIDTH__=32 '-D__INTMAX_TYPE__=long int' -D__FLT32X_HAS_QUIET_NAN__=1 -D__ATOMIC_CONSUME=1 -D__UINTMAX_MAX__=0xffffffffffffffffUL -D__PIE__=2 -D__FLT32X_DENORM_MIN__=4.94065645841246544176568792868221372e-324F32x -D__DBL_MAX_10_EXP__=308 -D__LDBL_DENORM_MIN__=3.64519953188247460252840593361941982e-4951L '-D__INT16_C(c)=c' '-D__PTRDIFF_TYPE__=long int' '-D__FLT32X_MIN_10_EXP__=(-307)' '-D__UINTPTR_TYPE__=long unsigned int' -D__DEC64_SUBNORMAL_MIN__=0.000000000000001E-383DD -D__DEC128_MANT_DIG__=34 '-D__LDBL_MIN_10_EXP__=(-4931)' -D__SIZEOF_LONG_LONG__=8 -D__FLT128_DECIMAL_DIG__=36 -D__GCC_ATOMIC_LLONG_LOCK_FREE=2 -D__FLT32_HAS_QUIET_NAN__=1 -D__FLT_DECIMAL_DIG__=9 -D__UINT_FAST16_MAX__=0xffffffffffffffffUL -D__LDBL_NORM_MAX__=1.18973149535723176502126385303097021e+4932L -D__GCC_ATOMIC_SHORT_LOCK_FREE=2 -D__SIZE_MAX__=0xffffffffffffffffUL '-D__UINT_FAST8_TYPE__=unsigned char' -D__ATOMIC_ACQ_REL=4 -D__ATOMIC_RELEASE=3 -I/usr/lib/gcc/x86_64-linux-gnu/13/include -I/usr/local/include -I/usr/include/x86_64-linux-gnu -I/usr/include -- assistant1.c
[E 14:12:57 12577] CODEQL_EXTRACTOR_CPP_TRAP_CACHING is not set
[E 14:12:57 12577] CODEQL_EXTRACTOR_CPP_OPTION_TRAP_CACHE_WRITE is not set
[E 14:12:57 12577] CODEQL_EXTRACTOR_CPP_OPTION_TRAP_CACHE_DIR is not set
[E 14:12:57 12577] Initialising TRAP cache at path: 1d/85e6/e635c295bac4d8cf384863f23559
[E 14:12:57 12577] Not using TRAP cache
[E 14:12:57 12577] TRAP cache miss
[E 14:12:57 12577] Starting compilation TRAP /workspaces/cybr621-lab2-Memory-Safety-Validation/codeql-db/trap/cpp/compilations/5/13452404_0.trap.zst
[E 14:12:57 12577] Archiving /workspaces/cybr621-lab2-Memory-Safety-Validation/codeql-db/src/workspaces/cybr621-lab2-Memory-Safety-Validation/assistant1.c
[E 14:12:57 12577] Archiving /workspaces/cybr621-lab2-Memory-Safety-Validation/codeql-db/src/usr/include/stdio.h
[E 14:12:57 12577] Archiving /workspaces/cybr621-lab2-Memory-Safety-Validation/codeql-db/src/usr/include/x86_64-linux-gnu/bits/libc-header-start.h
[E 14:12:57 12577] Archiving /workspaces/cybr621-lab2-Memory-Safety-Validation/codeql-db/src/usr/include/features.h
[E 14:12:57 12577] Archiving /workspaces/cybr621-lab2-Memory-Safety-Validation/codeql-db/src/usr/include/features-time64.h
[E 14:12:57 12577] Archiving /workspaces/cybr621-lab2-Memory-Safety-Validation/codeql-db/src/usr/include/x86_64-linux-gnu/bits/wordsize.h
[E 14:12:57 12577] Archiving /workspaces/cybr621-lab2-Memory-Safety-Validation/codeql-db/src/usr/include/x86_64-linux-gnu/bits/timesize.h
[E 14:12:57 12577] Already archived /workspaces/cybr621-lab2-Memory-Safety-Validation/codeql-db/src/usr/include/x86_64-linux-gnu/bits/wordsize.h
[E 14:12:57 12577] Archiving /workspaces/cybr621-lab2-Memory-Safety-Validation/codeql-db/src/usr/include/stdc-predef.h
[E 14:12:57 12577] Archiving /workspaces/cybr621-lab2-Memory-Safety-Validation/codeql-db/src/usr/include/x86_64-linux-gnu/sys/cdefs.h
[E 14:12:57 12577] Already archived /workspaces/cybr621-lab2-Memory-Safety-Validation/codeql-db/src/usr/include/x86_64-linux-gnu/bits/wordsize.h
[E 14:12:57 12577] Archiving /workspaces/cybr621-lab2-Memory-Safety-Validation/codeql-db/src/usr/include/x86_64-linux-gnu/bits/long-double.h
[E 14:12:57 12577] Archiving /workspaces/cybr621-lab2-Memory-Safety-Validation/codeql-db/src/usr/include/x86_64-linux-gnu/gnu/stubs.h
[E 14:12:57 12577] Archiving /workspaces/cybr621-lab2-Memory-Safety-Validation/codeql-db/src/usr/include/x86_64-linux-gnu/gnu/stubs-64.h
[E 14:12:57 12577] Archiving /workspaces/cybr621-lab2-Memory-Safety-Validation/codeql-db/src/usr/lib/gcc/x86_64-linux-gnu/13/include/stddef.h
[E 14:12:57 12577] Archiving /workspaces/cybr621-lab2-Memory-Safety-Validation/codeql-db/src/usr/lib/gcc/x86_64-linux-gnu/13/include/stdarg.h
[E 14:12:57 12577] Archiving /workspaces/cybr621-lab2-Memory-Safety-Validation/codeql-db/src/usr/include/x86_64-linux-gnu/bits/types.h
[E 14:12:57 12577] Already archived /workspaces/cybr621-lab2-Memory-Safety-Validation/codeql-db/src/usr/include/x86_64-linux-gnu/bits/wordsize.h
[E 14:12:57 12577] Already archived /workspaces/cybr621-lab2-Memory-Safety-Validation/codeql-db/src/usr/include/x86_64-linux-gnu/bits/timesize.h
[E 14:12:57 12577] Already archived /workspaces/cybr621-lab2-Memory-Safety-Validation/codeql-db/src/usr/include/x86_64-linux-gnu/bits/wordsize.h
[E 14:12:57 12577] Archiving /workspaces/cybr621-lab2-Memory-Safety-Validation/codeql-db/src/usr/include/x86_64-linux-gnu/bits/typesizes.h
[E 14:12:57 12577] Archiving /workspaces/cybr621-lab2-Memory-Safety-Validation/codeql-db/src/usr/include/x86_64-linux-gnu/bits/time64.h
[E 14:12:57 12577] Archiving /workspaces/cybr621-lab2-Memory-Safety-Validation/codeql-db/src/usr/include/x86_64-linux-gnu/bits/types/__fpos_t.h
[E 14:12:57 12577] Archiving /workspaces/cybr621-lab2-Memory-Safety-Validation/codeql-db/src/usr/include/x86_64-linux-gnu/bits/types/__mbstate_t.h
[E 14:12:57 12577] Archiving /workspaces/cybr621-lab2-Memory-Safety-Validation/codeql-db/src/usr/include/x86_64-linux-gnu/bits/types/__fpos64_t.h
[E 14:12:57 12577] Archiving /workspaces/cybr621-lab2-Memory-Safety-Validation/codeql-db/src/usr/include/x86_64-linux-gnu/bits/types/__FILE.h
[E 14:12:57 12577] Archiving /workspaces/cybr621-lab2-Memory-Safety-Validation/codeql-db/src/usr/include/x86_64-linux-gnu/bits/types/FILE.h
[E 14:12:57 12577] Archiving /workspaces/cybr621-lab2-Memory-Safety-Validation/codeql-db/src/usr/include/x86_64-linux-gnu/bits/types/struct_FILE.h
[E 14:12:57 12577] Archiving /workspaces/cybr621-lab2-Memory-Safety-Validation/codeql-db/src/usr/include/x86_64-linux-gnu/bits/types/cookie_io_functions_t.h
[E 14:12:57 12577] Archiving /workspaces/cybr621-lab2-Memory-Safety-Validation/codeql-db/src/usr/include/x86_64-linux-gnu/bits/stdio_lim.h
[E 14:12:57 12577] Archiving /workspaces/cybr621-lab2-Memory-Safety-Validation/codeql-db/src/usr/include/x86_64-linux-gnu/bits/floatn.h
[E 14:12:57 12577] Archiving /workspaces/cybr621-lab2-Memory-Safety-Validation/codeql-db/src/usr/include/x86_64-linux-gnu/bits/floatn-common.h
[E 14:12:57 12577] Already archived /workspaces/cybr621-lab2-Memory-Safety-Validation/codeql-db/src/usr/include/x86_64-linux-gnu/bits/long-double.h
[E 14:12:57 12577] Archiving /workspaces/cybr621-lab2-Memory-Safety-Validation/codeql-db/src/usr/include/stdlib.h
[E 14:12:57 12577] Already archived /workspaces/cybr621-lab2-Memory-Safety-Validation/codeql-db/src/usr/include/x86_64-linux-gnu/bits/libc-header-start.h
[E 14:12:57 12577] Already archived /workspaces/cybr621-lab2-Memory-Safety-Validation/codeql-db/src/usr/lib/gcc/x86_64-linux-gnu/13/include/stddef.h
[E 14:12:57 12577] Archiving /workspaces/cybr621-lab2-Memory-Safety-Validation/codeql-db/src/usr/include/x86_64-linux-gnu/bits/waitflags.h
[E 14:12:57 12577] Archiving /workspaces/cybr621-lab2-Memory-Safety-Validation/codeql-db/src/usr/include/x86_64-linux-gnu/bits/waitstatus.h
[E 14:12:57 12577] Archiving /workspaces/cybr621-lab2-Memory-Safety-Validation/codeql-db/src/usr/include/x86_64-linux-gnu/sys/types.h
[E 14:12:57 12577] Archiving /workspaces/cybr621-lab2-Memory-Safety-Validation/codeql-db/src/usr/include/x86_64-linux-gnu/bits/types/clock_t.h
[E 14:12:57 12577] Archiving /workspaces/cybr621-lab2-Memory-Safety-Validation/codeql-db/src/usr/include/x86_64-linux-gnu/bits/types/clockid_t.h
[E 14:12:57 12577] Archiving /workspaces/cybr621-lab2-Memory-Safety-Validation/codeql-db/src/usr/include/x86_64-linux-gnu/bits/types/time_t.h
[E 14:12:57 12577] Archiving /workspaces/cybr621-lab2-Memory-Safety-Validation/codeql-db/src/usr/include/x86_64-linux-gnu/bits/types/timer_t.h
[E 14:12:57 12577] Already archived /workspaces/cybr621-lab2-Memory-Safety-Validation/codeql-db/src/usr/lib/gcc/x86_64-linux-gnu/13/include/stddef.h
[E 14:12:57 12577] Archiving /workspaces/cybr621-lab2-Memory-Safety-Validation/codeql-db/src/usr/include/x86_64-linux-gnu/bits/stdint-intn.h
[E 14:12:57 12577] Archiving /workspaces/cybr621-lab2-Memory-Safety-Validation/codeql-db/src/usr/include/endian.h
[E 14:12:57 12577] Archiving /workspaces/cybr621-lab2-Memory-Safety-Validation/codeql-db/src/usr/include/x86_64-linux-gnu/bits/endian.h
[E 14:12:57 12577] Archiving /workspaces/cybr621-lab2-Memory-Safety-Validation/codeql-db/src/usr/include/x86_64-linux-gnu/bits/endianness.h
[E 14:12:57 12577] Archiving /workspaces/cybr621-lab2-Memory-Safety-Validation/codeql-db/src/usr/include/x86_64-linux-gnu/bits/byteswap.h
[E 14:12:57 12577] Archiving /workspaces/cybr621-lab2-Memory-Safety-Validation/codeql-db/src/usr/include/x86_64-linux-gnu/bits/uintn-identity.h
[E 14:12:57 12577] Archiving /workspaces/cybr621-lab2-Memory-Safety-Validation/codeql-db/src/usr/include/x86_64-linux-gnu/sys/select.h
[E 14:12:57 12577] Archiving /workspaces/cybr621-lab2-Memory-Safety-Validation/codeql-db/src/usr/include/x86_64-linux-gnu/bits/select.h
[E 14:12:57 12577] Archiving /workspaces/cybr621-lab2-Memory-Safety-Validation/codeql-db/src/usr/include/x86_64-linux-gnu/bits/types/sigset_t.h
[E 14:12:57 12577] Archiving /workspaces/cybr621-lab2-Memory-Safety-Validation/codeql-db/src/usr/include/x86_64-linux-gnu/bits/types/__sigset_t.h
[E 14:12:57 12577] Archiving /workspaces/cybr621-lab2-Memory-Safety-Validation/codeql-db/src/usr/include/x86_64-linux-gnu/bits/types/struct_timeval.h
[E 14:12:57 12577] Archiving /workspaces/cybr621-lab2-Memory-Safety-Validation/codeql-db/src/usr/include/x86_64-linux-gnu/bits/types/struct_timespec.h
[E 14:12:57 12577] Archiving /workspaces/cybr621-lab2-Memory-Safety-Validation/codeql-db/src/usr/include/x86_64-linux-gnu/bits/pthreadtypes.h
[E 14:12:57 12577] Archiving /workspaces/cybr621-lab2-Memory-Safety-Validation/codeql-db/src/usr/include/x86_64-linux-gnu/bits/thread-shared-types.h
[E 14:12:57 12577] Archiving /workspaces/cybr621-lab2-Memory-Safety-Validation/codeql-db/src/usr/include/x86_64-linux-gnu/bits/pthreadtypes-arch.h
[E 14:12:57 12577] Already archived /workspaces/cybr621-lab2-Memory-Safety-Validation/codeql-db/src/usr/include/x86_64-linux-gnu/bits/wordsize.h
[E 14:12:57 12577] Archiving /workspaces/cybr621-lab2-Memory-Safety-Validation/codeql-db/src/usr/include/x86_64-linux-gnu/bits/atomic_wide_counter.h
[E 14:12:57 12577] Archiving /workspaces/cybr621-lab2-Memory-Safety-Validation/codeql-db/src/usr/include/x86_64-linux-gnu/bits/struct_mutex.h
[E 14:12:57 12577] Archiving /workspaces/cybr621-lab2-Memory-Safety-Validation/codeql-db/src/usr/include/x86_64-linux-gnu/bits/struct_rwlock.h
[E 14:12:57 12577] Archiving /workspaces/cybr621-lab2-Memory-Safety-Validation/codeql-db/src/usr/include/alloca.h
[E 14:12:57 12577] Already archived /workspaces/cybr621-lab2-Memory-Safety-Validation/codeql-db/src/usr/lib/gcc/x86_64-linux-gnu/13/include/stddef.h
[E 14:12:57 12577] Archiving /workspaces/cybr621-lab2-Memory-Safety-Validation/codeql-db/src/usr/include/x86_64-linux-gnu/bits/stdlib-float.h
[E 14:12:57 12577] Archiving /workspaces/cybr621-lab2-Memory-Safety-Validation/codeql-db/src/usr/include/string.h
[E 14:12:57 12577] Already archived /workspaces/cybr621-lab2-Memory-Safety-Validation/codeql-db/src/usr/include/x86_64-linux-gnu/bits/libc-header-start.h
[E 14:12:57 12577] Already archived /workspaces/cybr621-lab2-Memory-Safety-Validation/codeql-db/src/usr/lib/gcc/x86_64-linux-gnu/13/include/stddef.h
[E 14:12:57 12577] Archiving /workspaces/cybr621-lab2-Memory-Safety-Validation/codeql-db/src/usr/include/x86_64-linux-gnu/bits/types/locale_t.h
[E 14:12:57 12577] Archiving /workspaces/cybr621-lab2-Memory-Safety-Validation/codeql-db/src/usr/include/x86_64-linux-gnu/bits/types/__locale_t.h
[E 14:12:57 12577] Archiving /workspaces/cybr621-lab2-Memory-Safety-Validation/codeql-db/src/usr/include/strings.h
[E 14:12:57 12577] Already archived /workspaces/cybr621-lab2-Memory-Safety-Validation/codeql-db/src/usr/lib/gcc/x86_64-linux-gnu/13/include/stddef.h
[E 14:12:57 12577] Archiving /workspaces/cybr621-lab2-Memory-Safety-Validation/codeql-db/src/usr/include/time.h
[E 14:12:57 12577] Already archived /workspaces/cybr621-lab2-Memory-Safety-Validation/codeql-db/src/usr/lib/gcc/x86_64-linux-gnu/13/include/stddef.h
[E 14:12:57 12577] Archiving /workspaces/cybr621-lab2-Memory-Safety-Validation/codeql-db/src/usr/include/x86_64-linux-gnu/bits/time.h
[E 14:12:57 12577] Archiving /workspaces/cybr621-lab2-Memory-Safety-Validation/codeql-db/src/usr/include/x86_64-linux-gnu/bits/types/struct_tm.h
[E 14:12:57 12577] Archiving /workspaces/cybr621-lab2-Memory-Safety-Validation/codeql-db/src/usr/include/x86_64-linux-gnu/bits/types/struct_itimerspec.h
[E 14:12:57 12577] Creating trap tarball /workspaces/cybr621-lab2-Memory-Safety-Validation/codeql-db/trap/cpp/tarballs/workspaces/cybr621-lab2-Memory-Safety-Validation/assistant1.c.e7696ad5_0.trap.tar.zst
[E 14:12:57 12577] Emitting trap files for assistant1.c
[E 14:12:57 12577] Opening existencedb in /workspaces/cybr621-lab2-Memory-Safety-Validation/codeql-db/working/existencedb/db
[E 14:12:57 12577] Wrote 72 files to /workspaces/cybr621-lab2-Memory-Safety-Validation/codeql-db/trap/cpp/tarballs/workspaces/cybr621-lab2-Memory-Safety-Validation/assistant1.c.e7696ad5_0.trap.tar.zst
[E 14:12:57 12577] Finished compilation TRAP /workspaces/cybr621-lab2-Memory-Safety-Validation/codeql-db/trap/cpp/compilations/5/13452404_0.trap.zst
[E 14:12:57 12577] Marking C compilation as happened.
[E 14:12:57 12577] Setting tag c-compilation-happened
[E 14:12:57 12577] Starting from CODEQL_TRACER_DB_ID 000000000000311F_0000000000000001
[E 14:12:57 12577] Locking DB /workspaces/cybr621-lab2-Memory-Safety-Validation/codeql-db/working/tags.db
[E 14:12:57 12577] Locked DB /workspaces/cybr621-lab2-Memory-Safety-Validation/codeql-db/working/tags.db
[E 14:12:57 12577] Set tag for 000000000000311F_0000000000000001
[E 14:12:57 12577] Set tag for 000000000000310E_0000000000000003
[E 14:12:57 12577] Set tag for 000000000000310E_0000000000000002
[E 14:12:57 12577] Set tag for root
[E 14:12:57 12577] Unlocking DB
[E 14:12:57 12577] Unlocked DB
[E 14:12:57 12577] Time: 0.14 (CPU) 0.00 (elapsed)
[E 14:12:57 12577] Memory: 35.13 MiB (peak rss)
[E 14:12:57 12577] Extractor exited successfully
[T 14:12:57 12575] Extractor /home/codespace/.local/share/gh/extensions/gh-codeql/dist/release/v2.27.1/cpp/tools/linux64/extractor terminated with exit code 0.
[T 14:12:57 12659] Initializing tracer.
[T 14:12:57 12659] Initializing tags.
[T 14:12:57 12659] ID set to 0000000000003173_0000000000000001 (parent 000000000000310E_0000000000000003)
[T 14:12:57 12659] ==== Candidate to intercept: as (canonical: /usr/bin/as) ====
[T 14:12:57 12659] Lua: === Intercepted call to /usr/bin/as ===
[T 14:12:57 12659] Executing the following tracer actions:
[T 14:12:57 12659] Tracer actions:
[T 14:12:57 12659] pre_invocations(0)
[T 14:12:57 12659] post_invocations(1)
[T 14:12:57 12659] invocation: /home/codespace/.local/share/gh/extensions/gh-codeql/dist/release/v2.27.1/cpp/tools/linux64/extractor, args: [--assembler, --codeql-assembler-executable, /usr/bin/as, --64, -o, assistant1.o, /tmp/ccxRKKEF.s]
[T 14:12:57 12659] trace_languages(1): [cpp]
[T 14:12:57 12661] Attempting to switch stdout/stderr to 4...
[T 14:12:57 12661] Initializing tracer.
[T 14:12:57 12661] Initializing tags.
[T 14:12:57 12661] ID set to 0000000000003175_0000000000000001 (parent 0000000000003173_0000000000000001)
[E 14:12:57 12661] CodeQL C/C++ Extractor 2.27.1
[E 14:12:57 12661] Current directory: /workspaces/cybr621-lab2-Memory-Safety-Validation
[E 14:12:57 12661] Command: /home/codespace/.local/share/gh/extensions/gh-codeql/dist/release/v2.27.1/cpp/tools/linux64/extractor --assembler --codeql-assembler-executable /usr/bin/as --64 -o assistant1.o /tmp/ccxRKKEF.s
[E 14:12:57 12661] Extractor exited after mimicking assembler
[T 14:12:57 12659] Extractor /home/codespace/.local/share/gh/extensions/gh-codeql/dist/release/v2.27.1/cpp/tools/linux64/extractor terminated with exit code 0.
[T 14:12:57 12662] Initializing tracer.
[T 14:12:57 12662] Initializing tags.
[T 14:12:57 12662] ID set to 0000000000003176_0000000000000001 (parent 000000000000310E_0000000000000003)
[T 14:12:57 12662] ==== Candidate to intercept: /usr/libexec/gcc/x86_64-linux-gnu/13/cc1 (canonical: /usr/libexec/gcc/x86_64-linux-gnu/13/cc1) ====
[T 14:12:57 12662] Lua: === Intercepted call to /usr/libexec/gcc/x86_64-linux-gnu/13/cc1 ===
[T 14:12:57 12662] Executing the following tracer actions:
[T 14:12:57 12662] Tracer actions:
[T 14:12:57 12662] pre_invocations(0)
[T 14:12:57 12662] post_invocations(1)
[T 14:12:57 12662] invocation: /home/codespace/.local/share/gh/extensions/gh-codeql/dist/release/v2.27.1/cpp/tools/linux64/extractor, args: [--mimic, /usr/libexec/gcc/x86_64-linux-gnu/13/cc1, -quiet, -imultiarch, x86_64-linux-gnu, assistant2.c, -quiet, -dumpbase, assistant2.c, -dumpbase-ext, .c, -mtune=generic, -march=x86-64, -Wall, -Wextra, -Wpedantic, -fasynchronous-unwind-tables, -fstack-protector-strong, -Wformat-security, -fstack-clash-protection, -fcf-protection, -o, /tmp/ccxRKKEF.s]
[T 14:12:57 12662] trace_languages(1): [cpp]
[T 14:12:57 12664] Attempting to switch stdout/stderr to 4...
[T 14:12:57 12664] Initializing tracer.
[T 14:12:57 12664] Initializing tags.
[T 14:12:57 12664] ID set to 0000000000003178_0000000000000001 (parent 0000000000003176_0000000000000001)
[E 14:12:57 12664] CodeQL C/C++ Extractor 2.27.1
[E 14:12:57 12664] Current directory: /workspaces/cybr621-lab2-Memory-Safety-Validation
[E 14:12:57 12664] Command: /home/codespace/.local/share/gh/extensions/gh-codeql/dist/release/v2.27.1/cpp/tools/linux64/extractor --mimic /usr/libexec/gcc/x86_64-linux-gnu/13/cc1 -quiet -imultiarch x86_64-linux-gnu assistant2.c -quiet -dumpbase assistant2.c -dumpbase-ext .c -mtune=generic -march=x86-64 -Wall -Wextra -Wpedantic -fasynchronous-unwind-tables -fstack-protector-strong -Wformat-security -fstack-clash-protection -fcf-protection -o /tmp/ccxRKKEF.s
[E 14:12:57 12664] Checking whether C compilation already happened.
[E 14:12:57 12664] Checking for tag c-compilation-happened
[E 14:12:57 12664] Checking CODEQL_TRACER_DB_ID 0000000000003176_0000000000000001
[E 14:12:57 12664] Locking DB /workspaces/cybr621-lab2-Memory-Safety-Validation/codeql-db/working/tags.db
[E 14:12:57 12664] Locked DB /workspaces/cybr621-lab2-Memory-Safety-Validation/codeql-db/working/tags.db
[E 14:12:57 12664] Unlocking DB
[E 14:12:57 12664] Unlocked DB
[E 14:12:57 12664] Looks like C compilation didn't already happen.
[E 14:12:57 12664] Checking whether C compilation has been attempted.
[E 14:12:57 12664] Checking for tag c-compilation-attempted
[E 14:12:57 12664] Checking CODEQL_TRACER_DB_ID 0000000000003176_0000000000000001
[E 14:12:57 12664] Locking DB /workspaces/cybr621-lab2-Memory-Safety-Validation/codeql-db/working/tags.db
[E 14:12:57 12664] Locked DB /workspaces/cybr621-lab2-Memory-Safety-Validation/codeql-db/working/tags.db
[E 14:12:57 12664] Unlocking DB
[E 14:12:57 12664] Unlocked DB
[E 14:12:57 12664] Marking C compilation as attempted.
[E 14:12:57 12664] Setting tag c-compilation-attempted
[E 14:12:57 12664] Starting from CODEQL_TRACER_DB_ID 0000000000003176_0000000000000001
[E 14:12:57 12664] Locking DB /workspaces/cybr621-lab2-Memory-Safety-Validation/codeql-db/working/tags.db
[E 14:12:57 12664] Locked DB /workspaces/cybr621-lab2-Memory-Safety-Validation/codeql-db/working/tags.db
[E 14:12:57 12664] Set tag for 0000000000003176_0000000000000001
[E 14:12:57 12664] Set tag for 000000000000310E_0000000000000003
[E 14:12:57 12664] Set tag for 000000000000310E_0000000000000002
[E 14:12:57 12664] Set tag for root
[E 14:12:57 12664] Unlocking DB
[E 14:12:57 12664] Unlocked DB
[E 14:12:57 12664] Processed command line: /home/codespace/.local/share/gh/extensions/gh-codeql/dist/release/v2.27.1/cpp/tools/linux64/extractor --trapfolder /workspaces/cybr621-lab2-Memory-Safety-Validation/codeql-db/trap/cpp --src_archive /workspaces/cybr621-lab2-Memory-Safety-Validation/codeql-db/src --object_filename /tmp/ccxRKKEF.s --no_warnings_and_discretionary_errors --error_limit 1000 --disable_system_macros --variadic_macros --incognito --gcc --gnu_version 130300 --target linux_x86_64 '-D__DBL_MIN_EXP__=(-1021)' -D__UINT_LEAST16_MAX__=0xffff -D__FLT16_HAS_QUIET_NAN__=1 -D__ATOMIC_ACQUIRE=2 -D__FLT128_MAX_10_EXP__=4932 -D__FLT_MIN__=1.17549435082228750796873653722224568e-38F -D__GCC_IEC_559_COMPLEX=2 '-D__UINT_LEAST8_TYPE__=unsigned char' -D__SIZEOF_FLOAT80__=16 -D__BFLT16_DENORM_MIN__=9.18354961579912115600575419704879436e-41BF16 '-D__INTMAX_C(c)=c ## L' -D__CHAR_BIT__=8 -D__UINT8_MAX__=0xff -D__SCHAR_WIDTH__=8 -D__WINT_MAX__=0xffffffffU '-D__FLT32_MIN_EXP__=(-125)' -D__BFLT16_NORM_MAX__=3.38953138925153547590470800371487867e+38BF16 '-D__BFLT16_MIN_10_EXP__=(-37)' -D__ORDER_LITTLE_ENDIAN__=1234 -D__WCHAR_MAX__=0x7fffffff -D__GCC_HAVE_SYNC_COMPARE_AND_SWAP_2=1 -D__GCC_HAVE_SYNC_COMPARE_AND_SWAP_4=1 -D__GCC_HAVE_SYNC_COMPARE_AND_SWAP_8=1 -D__GCC_ATOMIC_CHAR_LOCK_FREE=2 -D__GCC_IEC_559=2 -D__FLT32X_DECIMAL_DIG__=17 -D__FLT_EVAL_METHOD__=0 -D__FLT64_DECIMAL_DIG__=17 -D__CET__=3 -D__GCC_ATOMIC_CHAR32_T_LOCK_FREE=2 -D__UINT_FAST64_MAX__=0xffffffffffffffffUL -D__SIG_ATOMIC_TYPE__=int '-D__DBL_MIN_10_EXP__=(-307)' -D__FINITE_MATH_ONLY__=0 -D__FLT32X_MAX_EXP__=1024 -D__GCC_HAVE_SYNC_COMPARE_AND_SWAP_1=1 -D__FLT32_HAS_DENORM__=1 -D__UINT_FAST8_MAX__=0xff -D__FLT32_MAX_10_EXP__=38 -D__DEC64_MAX_EXP__=385 '-D__INT8_C(c)=c' -D__INT_LEAST8_WIDTH__=8 -D__UINT_LEAST64_MAX__=0xffffffffffffffffUL -D__SHRT_MAX__=0x7fff -D__LDBL_MAX__=1.18973149535723176502126385303097021e+4932L -D__FLT64X_MAX_10_EXP__=4932 -D__BFLT16_MAX_10_EXP__=38 -D__BFLT16_MAX_EXP__=128 -D__LDBL_IS_IEC_60559__=1 -D__FLT64X_HAS_QUIET_NAN__=1 -D__UINT_LEAST8_MAX__=0xff -D__GCC_ATOMIC_BOOL_LOCK_FREE=2 -D__FLT128_DENORM_MIN__=6.47517511943802511092443895822764655e-4966F128 '-D__UINTMAX_TYPE__=long unsigned int' -D__BFLT16_DECIMAL_DIG__=4 -D__linux=1 -D__DEC32_EPSILON__=1E-6DF -D__FLT_EVAL_METHOD_TS_18661_3__=0 -D__UINT32_MAX__=0xffffffffU '-D__DBL_DENORM_MIN__=((double)4.94065645841246544176568792868221372e-324L)' '-D__FLT128_MIN_EXP__=(-16381)' -D__WINT_MIN__=0U '-D__FLT128_MIN_10_EXP__=(-4931)' -D__FLT32X_IS_IEC_60559__=1 -D__INT_LEAST16_WIDTH__=16 -D__SCHAR_MAX__=0x7f -D__FLT128_MANT_DIG__=113 '-D__WCHAR_MIN__=(-__WCHAR_MAX__ - 1)' '-D__INT64_C(c)=c ## L' -D__SSP_STRONG__=3 -D__GCC_ATOMIC_POINTER_LOCK_FREE=2 -D__ATOMIC_SEQ_CST=5 -D__unix=1 -D__INT_LEAST64_MAX__=0x7fffffffffffffffL -D__FLT32X_MANT_DIG__=53 -D__FLT64X_EPSILON__=1.08420217248550443400745280086994171e-19F64x '-D__DEC64_MIN_EXP__=(-382)' -D__DBL_DIG__=15 -D__FLT_EPSILON__=1.19209289550781250000000000000000000e-7F -D__SHRT_WIDTH__=16 -D__FLT32_IS_IEC_60559__=1 -D__LDBL_MIN__=3.36210314311209350626267781732175260e-4932L -D__STDC_UTF_16__=1 -D__DBL_IS_IEC_60559__=1 -D__DEC32_MAX__=9.999999E96DF -D__FLT64X_DENORM_MIN__=3.64519953188247460252840593361941982e-4951F64x -D__FLT32X_HAS_INFINITY__=1 -D__unix__=1 -D__INT_WIDTH__=32 -D__STDC_IEC_559__=1 -D__STDC_ISO_10646__=201706L -D__DECIMAL_DIG__=21 -D__STDC_IEC_559_COMPLEX__=1 -D__FLT64_EPSILON__=2.22044604925031308084726333618164062e-16F64 -D__gnu_linux__=1 -D__FLT128_IS_IEC_60559__=1 '-D__FLT64X_MIN_10_EXP__=(-4931)' -D__LDBL_HAS_QUIET_NAN__=1 '-D__FLT16_MIN_EXP__=(-13)' -D__FLT64_MANT_DIG__=53 -D__FLT64X_MANT_DIG__=64 -D__BFLT16_DIG__=2 -D__pie__=2 -D__MMX__=1 -D__FLT_HAS_DENORM__=1 -D__SIZEOF_LONG_DOUBLE__=16 -D__BIGGEST_ALIGNMENT__=16 -D__FLT64_MAX_10_EXP__=308 -D__BFLT16_IS_IEC_60559__=0 -D__FLT16_MAX_10_EXP__=4 '-D__DBL_MAX__=((double)1.79769313486231570814527423731704357e+308L)' -D__INT_FAST32_MAX__=0x7fffffffffffffffL -D__DBL_HAS_INFINITY__=1 -D__INT64_MAX__=0x7fffffffffffffffL -D__SIZEOF_FLOAT__=4 -D__HAVE_SPECULATION_SAFE_VALUE=1 '-D__DEC32_MIN_EXP__=(-94)' -D__INTPTR_WIDTH__=64 -D__UINT_LEAST32_MAX__=0xffffffffU -D__FLT32X_HAS_DENORM__=1 '-D__INT_FAST16_TYPE__=long int' -D__MMX_WITH_SSE__=1 -D__LDBL_HAS_DENORM__=1 -D__SEG_GS=1 -D__BFLT16_EPSILON__=7.81250000000000000000000000000000000e-3BF16 -D__FLT128_HAS_INFINITY__=1 -D__DEC32_MIN__=1E-95DF -D__DBL_MAX_EXP__=1024 -D__WCHAR_WIDTH__=32 -D__FLT32_MAX__=3.40282346638528859811704183484516925e+38F32 -D__DEC128_EPSILON__=1E-33DL -D__FLT16_DECIMAL_DIG__=5 -D__SSE2_MATH__=1 -D__ATOMIC_HLE_RELEASE=131072 -D__PTRDIFF_MAX__=0x7fffffffffffffffL -D__amd64=1 -D__ATOMIC_HLE_ACQUIRE=65536 -D__LONG_LONG_MAX__=0x7fffffffffffffffLL -D__SIZEOF_SIZE_T__=8 -D__BFLT16_HAS_INFINITY__=1 '-D__FLT64X_MIN_EXP__=(-16381)' -D__SIZEOF_WINT_T__=4 -D__LONG_LONG_WIDTH__=64 -D__FLT32_MAX_EXP__=128 -D__GXX_ABI_VERSION=1018 '-D__FLT_MIN_EXP__=(-125)' -D__GCC_HAVE_DWARF2_CFI_ASM=1 -D__INT16_MAX__=0x7fff -D__x86_64=1 '-D__INT_FAST64_TYPE__=long int' -D__BFLT16_MAX__=3.38953138925153547590470800371487867e+38BF16 -D__BFLT16_HAS_DENORM__=1 -D__FLT64_DENORM_MIN__=4.94065645841246544176568792868221372e-324F64 -D__FLT16_DENORM_MIN__=5.96046447753906250000000000000000000e-8F16 -D__FLT128_EPSILON__=1.92592994438723585305597794258492732e-34F128 -D__FLT64X_NORM_MAX__=1.18973149535723176502126385303097021e+4932F64x -D__SIZEOF_POINTER__=8 '-D__SIZE_TYPE__=long unsigned int' -D__LP64__=1 -D__DBL_HAS_QUIET_NAN__=1 -D__FLT32X_EPSILON__=2.22044604925031308084726333618164062e-16F32x -D__LDBL_MAX_EXP__=16384 -D__DECIMAL_BID_FORMAT__=1 '-D__FLT64_MIN_EXP__=(-1021)' '-D__FLT64_MIN_10_EXP__=(-307)' '-D__FLT16_MIN_10_EXP__=(-4)' -D__FLT64X_DECIMAL_DIG__=21 -D__DEC128_MIN__=1E-6143DL -D__REGISTER_PREFIX__= -D__UINT16_MAX__=0xffff -D__DBL_HAS_DENORM__=1 -D__FLT32_MIN__=1.17549435082228750796873653722224568e-38F32 '-D__UINT8_TYPE__=unsigned char' -D__FLT_DIG__=6 -D__NO_INLINE__=1 -D__DEC_EVAL_METHOD__=2 -D__FLT_MANT_DIG__=24 -D__LDBL_DECIMAL_DIG__=21 '-D__UINT64_C(c)=c ## UL' -D_STDC_PREDEF_H=1 -D__INT_LEAST32_MAX__=0x7fffffff -D__GCC_ATOMIC_INT_LOCK_FREE=2 -D__FLT128_MAX_EXP__=16384 -D__FLT32_MANT_DIG__=24 -D__FLOAT_WORD_ORDER__=__ORDER_LITTLE_ENDIAN__ '-D__FLT32X_MIN_EXP__=(-1021)' -D__STDC_IEC_60559_COMPLEX__=201404L -D__BFLT16_MIN__=1.17549435082228750796873653722224568e-38BF16 -D__FLT128_HAS_DENORM__=1 -D__FLT32_DECIMAL_DIG__=9 -D__FLT128_DIG__=33 '-D__INT32_C(c)=c' -D__DEC64_EPSILON__=1E-15DD -D__ORDER_PDP_ENDIAN__=3412 '-D__DEC128_MIN_EXP__=(-6142)' -D__DEC128_MAX__=9.999999999999999999999999999999999E6144DL '-D__INT_FAST32_TYPE__=long int' '-D__UINT_LEAST16_TYPE__=short unsigned int' -D__DEC128_MAX_EXP__=6145 -Dunix=1 -D__UINT64_MAX__=0xffffffffffffffffUL -D__FLT_IS_IEC_60559__=1 '-D__GNUC_WIDE_EXECUTION_CHARSET_NAME="UTF-32LE"' -D__FLT64X_DIG__=18 '-D__INT8_TYPE__=signed char' -D__ELF__=1 -D__GCC_ASM_FLAG_OUTPUTS__=1 '-D__UINT32_TYPE__=unsigned int' -D__BFLT16_HAS_QUIET_NAN__=1 -D__FLT_RADIX__=2 '-D__INT_LEAST16_TYPE__=short int' -D__LDBL_EPSILON__=1.08420217248550443400745280086994171e-19L '-D__UINTMAX_C(c)=c ## UL' -D__FLT16_DIG__=3 -D__SSE_MATH__=1 -D__k8=1 -D__FLT32X_MIN__=2.22507385850720138309023271733240406e-308F32x -D__SIG_ATOMIC_MAX__=0x7fffffff -D__GCC_ATOMIC_WCHAR_T_LOCK_FREE=2 -D__USER_LABEL_PREFIX__= -D__STDC_IEC_60559_BFP__=201404L -D__SIZEOF_PTRDIFF_T__=8 -D__FLT64X_HAS_INFINITY__=1 -D__FLT32_HAS_INFINITY__=1 -D__SIZEOF_LONG__=8 -D__LDBL_DIG__=18 -D__FLT64_IS_IEC_60559__=1 -D__x86_64__=1 -D__FLT16_IS_IEC_60559__=1 -D__FLT16_MAX_EXP__=16 -D__DEC32_SUBNORMAL_MIN__=0.000001E-95DF -D__INT_FAST16_MAX__=0x7fffffffffffffffL -D__GCC_CONSTRUCTIVE_SIZE=64 -D__FLT64_DIG__=15 -D__UINT_FAST32_MAX__=0xffffffffffffffffUL '-D__UINT_LEAST64_TYPE__=long unsigned int' -D__FLT16_EPSILON__=9.76562500000000000000000000000000000e-4F16 -D__FLT_HAS_QUIET_NAN__=1 -D__FLT_MAX_10_EXP__=38 -D__LONG_MAX__=0x7fffffffffffffffL -D__FLT64X_HAS_DENORM__=1 -D__DEC128_SUBNORMAL_MIN__=0.000000000000000000000000000000001E-6143DL -D__FLT_HAS_INFINITY__=1 '-D__GNUC_EXECUTION_CHARSET_NAME="UTF-8"' '-D__UINT_FAST16_TYPE__=long unsigned int' -D__DEC64_MAX__=9.999999999999999E384DD -D__INT_FAST32_WIDTH__=64 -D__PRAGMA_REDEFINE_EXTNAME=1 -D__SIZE_WIDTH__=64 -D__SEG_FS=1 -D__INT_LEAST16_MAX__=0x7fff -D__FLT16_NORM_MAX__=6.55040000000000000000000000000000000e+4F16 -D__DEC64_MANT_DIG__=16 -D__FLT32_DENORM_MIN__=1.40129846432481707092372958328991613e-45F32 -D__SIG_ATOMIC_WIDTH__=32 '-D__INT_LEAST64_TYPE__=long int' '-D__INT16_TYPE__=short int' '-D__INT_LEAST8_TYPE__=signed char' -D__FLT16_MAX__=6.55040000000000000000000000000000000e+4F16 -D__FLT128_MIN__=3.36210314311209350626267781732175260e-4932F128 -D__SIZEOF_INT__=4 -D__DEC32_MAX_EXP__=97 -D__INT_FAST8_MAX__=0x7f -D__FLT128_MAX__=1.18973149535723176508575932662800702e+4932F128 -D__INTPTR_MAX__=0x7fffffffffffffffL -Dlinux=1 -D__FLT64_HAS_QUIET_NAN__=1 '-D__FLT32_MIN_10_EXP__=(-37)' -D__FLT32X_DIG__=15 '-D__UINT16_C(c)=c' -D__PTRDIFF_WIDTH__=64 -D__LDBL_MANT_DIG__=64 -D__INT_FAST16_WIDTH__=64 -D__FLT64_HAS_INFINITY__=1 -D__FLT64X_MAX__=1.18973149535723176502126385303097021e+4932F64x -D__FLT16_HAS_INFINITY__=1 '-D__SIG_ATOMIC_MIN__=(-__SIG_ATOMIC_MAX__ - 1)' -D__code_model_small__=1 -D__GCC_ATOMIC_LONG_LOCK_FREE=2 -D__DEC32_MANT_DIG__=7 -D__FLT16_MANT_DIG__=11 -D__k8__=1 '-D__INTPTR_TYPE__=long int' '-D__UINT16_TYPE__=short unsigned int' -D__WCHAR_TYPE__=int -D__pic__=2 -D__UINTPTR_MAX__=0xffffffffffffffffUL -D__INT_FAST64_WIDTH__=64 -D__LDBL_HAS_INFINITY__=1 -D__INT_FAST64_MAX__=0x7fffffffffffffffL -D__GCC_ATOMIC_TEST_AND_SET_TRUEVAL=1 -D__FLT_NORM_MAX__=3.40282346638528859811704183484516925e+38F -D__FLT64X_MAX_EXP__=16384 '-D__UINT_FAST64_TYPE__=long unsigned int' '-D__BFLT16_MIN_EXP__=(-125)' -D__INT_MAX__=0x7fffffff -D__linux__=1 '-D__INT64_TYPE__=long int' -D__FLT_MAX_EXP__=128 -D__ORDER_BIG_ENDIAN__=4321 -D__DBL_MANT_DIG__=53 -D__SIZEOF_FLOAT128__=16 -D__BFLT16_MANT_DIG__=8 -D__GCC_ATOMIC_CHAR16_T_LOCK_FREE=2 -D__DEC64_MIN__=1E-383DD '-D__WINT_TYPE__=unsigned int' '-D__UINT_LEAST32_TYPE__=unsigned int' -D__SIZEOF_SHORT__=2 -D__FLT32_NORM_MAX__=3.40282346638528859811704183484516925e+38F32 -D__SSE__=1 '-D__LDBL_MIN_EXP__=(-16381)' -D__FLT64_MAX__=1.79769313486231570814527423731704357e+308F64 -D__amd64__=1 -D__WINT_WIDTH__=32 -D__INT_LEAST8_MAX__=0x7f -D__INT_LEAST64_WIDTH__=64 -D__FLT32X_MAX_10_EXP__=308 -D__SIZEOF_INT128__=16 -D__FLT16_MIN__=6.10351562500000000000000000000000000e-5F16 -D__FLT64X_IS_IEC_60559__=1 -D__LDBL_MAX_10_EXP__=4932 -D__ATOMIC_RELAXED=0 '-D__DBL_EPSILON__=((double)2.22044604925031308084726333618164062e-16L)' -D__INT_LEAST32_TYPE__=int -D_LP64=1 '-D__UINT8_C(c)=c' -D__FLT64_MAX_EXP__=1024 -D__SIZEOF_WCHAR_T__=4 '-D__UINT64_TYPE__=long unsigned int' -D__FLT128_NORM_MAX__=1.18973149535723176508575932662800702e+4932F128 -D__FLT64_NORM_MAX__=1.79769313486231570814527423731704357e+308F64 -D__FLT128_HAS_QUIET_NAN__=1 -D__INTMAX_MAX__=0x7fffffffffffffffL '-D__INT_FAST8_TYPE__=signed char' -D__FLT64X_MIN__=3.36210314311209350626267781732175260e-4932F64x -D__FLT64_HAS_DENORM__=1 -D__FLT32_EPSILON__=1.19209289550781250000000000000000000e-7F32 -D__FLT16_HAS_DENORM__=1 -D__DBL_DECIMAL_DIG__=17 -D__STDC_UTF_32__=1 -D__INT_FAST8_WIDTH__=8 -D__FXSR__=1 -D__FLT32X_MAX__=1.79769313486231570814527423731704357e+308F32x '-D__DBL_NORM_MAX__=((double)1.79769313486231570814527423731704357e+308L)' -D__BYTE_ORDER__=__ORDER_LITTLE_ENDIAN__ -D__GCC_DESTRUCTIVE_SIZE=64 -D__INTMAX_WIDTH__=64 -D__FLT32_DIG__=6 '-D__UINT32_C(c)=c ## U' -D__FLT_DENORM_MIN__=1.40129846432481707092372958328991613e-45F -D__INT8_MAX__=0x7f -D__LONG_WIDTH__=64 '-D__DBL_MIN__=((double)2.22507385850720138309023271733240406e-308L)' -D__PIC__=2 -D__INT32_MAX__=0x7fffffff '-D__UINT_FAST32_TYPE__=long unsigned int' -D__FLT32X_NORM_MAX__=1.79769313486231570814527423731704357e+308F32x -D__FLT_MAX__=3.40282346638528859811704183484516925e+38F -D__SSE2__=1 -D__INT32_TYPE__=int -D__SIZEOF_DOUBLE__=8 '-D__FLT_MIN_10_EXP__=(-37)' -D__FLT64_MIN__=2.22507385850720138309023271733240406e-308F64 -D__INT_LEAST32_WIDTH__=32 '-D__INTMAX_TYPE__=long int' -D__FLT32X_HAS_QUIET_NAN__=1 -D__ATOMIC_CONSUME=1 -D__UINTMAX_MAX__=0xffffffffffffffffUL -D__PIE__=2 -D__FLT32X_DENORM_MIN__=4.94065645841246544176568792868221372e-324F32x -D__DBL_MAX_10_EXP__=308 -D__LDBL_DENORM_MIN__=3.64519953188247460252840593361941982e-4951L '-D__INT16_C(c)=c' '-D__PTRDIFF_TYPE__=long int' '-D__FLT32X_MIN_10_EXP__=(-307)' '-D__UINTPTR_TYPE__=long unsigned int' -D__DEC64_SUBNORMAL_MIN__=0.000000000000001E-383DD -D__DEC128_MANT_DIG__=34 '-D__LDBL_MIN_10_EXP__=(-4931)' -D__SIZEOF_LONG_LONG__=8 -D__FLT128_DECIMAL_DIG__=36 -D__GCC_ATOMIC_LLONG_LOCK_FREE=2 -D__FLT32_HAS_QUIET_NAN__=1 -D__FLT_DECIMAL_DIG__=9 -D__UINT_FAST16_MAX__=0xffffffffffffffffUL -D__LDBL_NORM_MAX__=1.18973149535723176502126385303097021e+4932L -D__GCC_ATOMIC_SHORT_LOCK_FREE=2 -D__SIZE_MAX__=0xffffffffffffffffUL '-D__UINT_FAST8_TYPE__=unsigned char' -D__ATOMIC_ACQ_REL=4 -D__ATOMIC_RELEASE=3 -I/usr/lib/gcc/x86_64-linux-gnu/13/include -I/usr/local/include -I/usr/include/x86_64-linux-gnu -I/usr/include -- assistant2.c
[E 14:12:57 12664] CODEQL_EXTRACTOR_CPP_TRAP_CACHING is not set
[E 14:12:57 12664] CODEQL_EXTRACTOR_CPP_OPTION_TRAP_CACHE_WRITE is not set
[E 14:12:57 12664] CODEQL_EXTRACTOR_CPP_OPTION_TRAP_CACHE_DIR is not set
[E 14:12:57 12664] Initialising TRAP cache at path: 33/fa9f/9f90b6ab5354591c34fdd7861023
[E 14:12:57 12664] Not using TRAP cache
[E 14:12:57 12664] TRAP cache miss
[E 14:12:57 12664] Starting compilation TRAP /workspaces/cybr621-lab2-Memory-Safety-Validation/codeql-db/trap/cpp/compilations/40/31777751_0.trap.zst
[E 14:12:57 12664] Archiving /workspaces/cybr621-lab2-Memory-Safety-Validation/codeql-db/src/workspaces/cybr621-lab2-Memory-Safety-Validation/assistant2.c
[E 14:12:57 12664] Archiving /workspaces/cybr621-lab2-Memory-Safety-Validation/codeql-db/src/usr/include/errno.h
[E 14:12:57 12664] Already archived /workspaces/cybr621-lab2-Memory-Safety-Validation/codeql-db/src/usr/include/features.h
[E 14:12:57 12664] Already archived /workspaces/cybr621-lab2-Memory-Safety-Validation/codeql-db/src/usr/include/features-time64.h
[E 14:12:57 12664] Already archived /workspaces/cybr621-lab2-Memory-Safety-Validation/codeql-db/src/usr/include/x86_64-linux-gnu/bits/wordsize.h
[E 14:12:57 12664] Already archived /workspaces/cybr621-lab2-Memory-Safety-Validation/codeql-db/src/usr/include/x86_64-linux-gnu/bits/timesize.h
[E 14:12:57 12664] Already archived /workspaces/cybr621-lab2-Memory-Safety-Validation/codeql-db/src/usr/include/x86_64-linux-gnu/bits/wordsize.h
[E 14:12:57 12664] Already archived /workspaces/cybr621-lab2-Memory-Safety-Validation/codeql-db/src/usr/include/stdc-predef.h
[E 14:12:57 12664] Already archived /workspaces/cybr621-lab2-Memory-Safety-Validation/codeql-db/src/usr/include/x86_64-linux-gnu/sys/cdefs.h
[E 14:12:57 12664] Already archived /workspaces/cybr621-lab2-Memory-Safety-Validation/codeql-db/src/usr/include/x86_64-linux-gnu/bits/wordsize.h
[E 14:12:57 12664] Already archived /workspaces/cybr621-lab2-Memory-Safety-Validation/codeql-db/src/usr/include/x86_64-linux-gnu/bits/long-double.h
[E 14:12:57 12664] Already archived /workspaces/cybr621-lab2-Memory-Safety-Validation/codeql-db/src/usr/include/x86_64-linux-gnu/gnu/stubs.h
[E 14:12:57 12664] Already archived /workspaces/cybr621-lab2-Memory-Safety-Validation/codeql-db/src/usr/include/x86_64-linux-gnu/gnu/stubs-64.h
[E 14:12:57 12664] Archiving /workspaces/cybr621-lab2-Memory-Safety-Validation/codeql-db/src/usr/include/x86_64-linux-gnu/bits/errno.h
[E 14:12:57 12664] Archiving /workspaces/cybr621-lab2-Memory-Safety-Validation/codeql-db/src/usr/include/linux/errno.h
[E 14:12:57 12664] Archiving /workspaces/cybr621-lab2-Memory-Safety-Validation/codeql-db/src/usr/include/x86_64-linux-gnu/asm/errno.h
[E 14:12:57 12664] Archiving /workspaces/cybr621-lab2-Memory-Safety-Validation/codeql-db/src/usr/include/asm-generic/errno.h
[E 14:12:57 12664] Archiving /workspaces/cybr621-lab2-Memory-Safety-Validation/codeql-db/src/usr/include/asm-generic/errno-base.h
[E 14:12:57 12664] Archiving /workspaces/cybr621-lab2-Memory-Safety-Validation/codeql-db/src/usr/include/x86_64-linux-gnu/bits/types/error_t.h
[E 14:12:57 12664] Archiving /workspaces/cybr621-lab2-Memory-Safety-Validation/codeql-db/src/usr/include/fcntl.h
[E 14:12:57 12664] Already archived /workspaces/cybr621-lab2-Memory-Safety-Validation/codeql-db/src/usr/include/x86_64-linux-gnu/bits/types.h
[E 14:12:57 12664] Already archived /workspaces/cybr621-lab2-Memory-Safety-Validation/codeql-db/src/usr/include/x86_64-linux-gnu/bits/wordsize.h
[E 14:12:57 12664] Already archived /workspaces/cybr621-lab2-Memory-Safety-Validation/codeql-db/src/usr/include/x86_64-linux-gnu/bits/timesize.h
[E 14:12:57 12664] Already archived /workspaces/cybr621-lab2-Memory-Safety-Validation/codeql-db/src/usr/include/x86_64-linux-gnu/bits/wordsize.h
[E 14:12:57 12664] Already archived /workspaces/cybr621-lab2-Memory-Safety-Validation/codeql-db/src/usr/include/x86_64-linux-gnu/bits/typesizes.h
[E 14:12:57 12664] Already archived /workspaces/cybr621-lab2-Memory-Safety-Validation/codeql-db/src/usr/include/x86_64-linux-gnu/bits/time64.h
[E 14:12:57 12664] Archiving /workspaces/cybr621-lab2-Memory-Safety-Validation/codeql-db/src/usr/include/x86_64-linux-gnu/bits/fcntl.h
[E 14:12:57 12664] Archiving /workspaces/cybr621-lab2-Memory-Safety-Validation/codeql-db/src/usr/include/x86_64-linux-gnu/bits/fcntl-linux.h
[E 14:12:57 12664] Archiving /workspaces/cybr621-lab2-Memory-Safety-Validation/codeql-db/src/usr/include/x86_64-linux-gnu/bits/types/struct_iovec.h
[E 14:12:57 12664] Already archived /workspaces/cybr621-lab2-Memory-Safety-Validation/codeql-db/src/usr/lib/gcc/x86_64-linux-gnu/13/include/stddef.h
[E 14:12:57 12664] Archiving /workspaces/cybr621-lab2-Memory-Safety-Validation/codeql-db/src/usr/include/linux/falloc.h
[E 14:12:57 12664] Already archived /workspaces/cybr621-lab2-Memory-Safety-Validation/codeql-db/src/usr/include/x86_64-linux-gnu/bits/types/struct_timespec.h
[E 14:12:57 12664] Already archived /workspaces/cybr621-lab2-Memory-Safety-Validation/codeql-db/src/usr/include/x86_64-linux-gnu/bits/endian.h
[E 14:12:57 12664] Already archived /workspaces/cybr621-lab2-Memory-Safety-Validation/codeql-db/src/usr/include/x86_64-linux-gnu/bits/endianness.h
[E 14:12:57 12664] Already archived /workspaces/cybr621-lab2-Memory-Safety-Validation/codeql-db/src/usr/include/x86_64-linux-gnu/bits/types/time_t.h
[E 14:12:57 12664] Archiving /workspaces/cybr621-lab2-Memory-Safety-Validation/codeql-db/src/usr/include/x86_64-linux-gnu/bits/stat.h
[E 14:12:57 12664] Archiving /workspaces/cybr621-lab2-Memory-Safety-Validation/codeql-db/src/usr/include/x86_64-linux-gnu/bits/struct_stat.h
[E 14:12:57 12664] Already archived /workspaces/cybr621-lab2-Memory-Safety-Validation/codeql-db/src/usr/include/stdio.h
[E 14:12:57 12664] Already archived /workspaces/cybr621-lab2-Memory-Safety-Validation/codeql-db/src/usr/include/x86_64-linux-gnu/bits/libc-header-start.h
[E 14:12:57 12664] Already archived /workspaces/cybr621-lab2-Memory-Safety-Validation/codeql-db/src/usr/lib/gcc/x86_64-linux-gnu/13/include/stddef.h
[E 14:12:57 12664] Already archived /workspaces/cybr621-lab2-Memory-Safety-Validation/codeql-db/src/usr/lib/gcc/x86_64-linux-gnu/13/include/stdarg.h
[E 14:12:57 12664] Already archived /workspaces/cybr621-lab2-Memory-Safety-Validation/codeql-db/src/usr/include/x86_64-linux-gnu/bits/types/__fpos_t.h
[E 14:12:57 12664] Already archived /workspaces/cybr621-lab2-Memory-Safety-Validation/codeql-db/src/usr/include/x86_64-linux-gnu/bits/types/__mbstate_t.h
[E 14:12:57 12664] Already archived /workspaces/cybr621-lab2-Memory-Safety-Validation/codeql-db/src/usr/include/x86_64-linux-gnu/bits/types/__fpos64_t.h
[E 14:12:57 12664] Already archived /workspaces/cybr621-lab2-Memory-Safety-Validation/codeql-db/src/usr/include/x86_64-linux-gnu/bits/types/__FILE.h
[E 14:12:57 12664] Already archived /workspaces/cybr621-lab2-Memory-Safety-Validation/codeql-db/src/usr/include/x86_64-linux-gnu/bits/types/FILE.h
[E 14:12:57 12664] Already archived /workspaces/cybr621-lab2-Memory-Safety-Validation/codeql-db/src/usr/include/x86_64-linux-gnu/bits/types/struct_FILE.h
[E 14:12:57 12664] Already archived /workspaces/cybr621-lab2-Memory-Safety-Validation/codeql-db/src/usr/include/x86_64-linux-gnu/bits/types/cookie_io_functions_t.h
[E 14:12:57 12664] Already archived /workspaces/cybr621-lab2-Memory-Safety-Validation/codeql-db/src/usr/include/x86_64-linux-gnu/bits/stdio_lim.h
[E 14:12:57 12664] Already archived /workspaces/cybr621-lab2-Memory-Safety-Validation/codeql-db/src/usr/include/x86_64-linux-gnu/bits/floatn.h
[E 14:12:57 12664] Already archived /workspaces/cybr621-lab2-Memory-Safety-Validation/codeql-db/src/usr/include/x86_64-linux-gnu/bits/floatn-common.h
[E 14:12:57 12664] Already archived /workspaces/cybr621-lab2-Memory-Safety-Validation/codeql-db/src/usr/include/x86_64-linux-gnu/bits/long-double.h
[E 14:12:57 12664] Already archived /workspaces/cybr621-lab2-Memory-Safety-Validation/codeql-db/src/usr/include/stdlib.h
[E 14:12:57 12664] Already archived /workspaces/cybr621-lab2-Memory-Safety-Validation/codeql-db/src/usr/include/x86_64-linux-gnu/bits/libc-header-start.h
[E 14:12:57 12664] Already archived /workspaces/cybr621-lab2-Memory-Safety-Validation/codeql-db/src/usr/lib/gcc/x86_64-linux-gnu/13/include/stddef.h
[E 14:12:57 12664] Already archived /workspaces/cybr621-lab2-Memory-Safety-Validation/codeql-db/src/usr/include/x86_64-linux-gnu/bits/waitflags.h
[E 14:12:57 12664] Already archived /workspaces/cybr621-lab2-Memory-Safety-Validation/codeql-db/src/usr/include/x86_64-linux-gnu/bits/waitstatus.h
[E 14:12:57 12664] Already archived /workspaces/cybr621-lab2-Memory-Safety-Validation/codeql-db/src/usr/include/x86_64-linux-gnu/bits/types/locale_t.h
[E 14:12:57 12664] Already archived /workspaces/cybr621-lab2-Memory-Safety-Validation/codeql-db/src/usr/include/x86_64-linux-gnu/bits/types/__locale_t.h
[E 14:12:57 12664] Already archived /workspaces/cybr621-lab2-Memory-Safety-Validation/codeql-db/src/usr/include/x86_64-linux-gnu/sys/types.h
[E 14:12:57 12664] Already archived /workspaces/cybr621-lab2-Memory-Safety-Validation/codeql-db/src/usr/include/x86_64-linux-gnu/bits/types/clock_t.h
[E 14:12:57 12664] Already archived /workspaces/cybr621-lab2-Memory-Safety-Validation/codeql-db/src/usr/include/x86_64-linux-gnu/bits/types/clockid_t.h
[E 14:12:57 12664] Already archived /workspaces/cybr621-lab2-Memory-Safety-Validation/codeql-db/src/usr/include/x86_64-linux-gnu/bits/types/timer_t.h
[E 14:12:57 12664] Already archived /workspaces/cybr621-lab2-Memory-Safety-Validation/codeql-db/src/usr/lib/gcc/x86_64-linux-gnu/13/include/stddef.h
[E 14:12:57 12664] Already archived /workspaces/cybr621-lab2-Memory-Safety-Validation/codeql-db/src/usr/include/x86_64-linux-gnu/bits/stdint-intn.h
[E 14:12:57 12664] Already archived /workspaces/cybr621-lab2-Memory-Safety-Validation/codeql-db/src/usr/include/endian.h
[E 14:12:57 12664] Already archived /workspaces/cybr621-lab2-Memory-Safety-Validation/codeql-db/src/usr/include/x86_64-linux-gnu/bits/byteswap.h
[E 14:12:57 12664] Already archived /workspaces/cybr621-lab2-Memory-Safety-Validation/codeql-db/src/usr/include/x86_64-linux-gnu/bits/uintn-identity.h
[E 14:12:57 12664] Already archived /workspaces/cybr621-lab2-Memory-Safety-Validation/codeql-db/src/usr/include/x86_64-linux-gnu/sys/select.h
[E 14:12:57 12664] Already archived /workspaces/cybr621-lab2-Memory-Safety-Validation/codeql-db/src/usr/include/x86_64-linux-gnu/bits/select.h
[E 14:12:57 12664] Already archived /workspaces/cybr621-lab2-Memory-Safety-Validation/codeql-db/src/usr/include/x86_64-linux-gnu/bits/types/sigset_t.h
[E 14:12:57 12664] Already archived /workspaces/cybr621-lab2-Memory-Safety-Validation/codeql-db/src/usr/include/x86_64-linux-gnu/bits/types/__sigset_t.h
[E 14:12:57 12664] Already archived /workspaces/cybr621-lab2-Memory-Safety-Validation/codeql-db/src/usr/include/x86_64-linux-gnu/bits/types/struct_timeval.h
[E 14:12:57 12664] Already archived /workspaces/cybr621-lab2-Memory-Safety-Validation/codeql-db/src/usr/include/x86_64-linux-gnu/bits/pthreadtypes.h
[E 14:12:57 12664] Already archived /workspaces/cybr621-lab2-Memory-Safety-Validation/codeql-db/src/usr/include/x86_64-linux-gnu/bits/thread-shared-types.h
[E 14:12:57 12664] Already archived /workspaces/cybr621-lab2-Memory-Safety-Validation/codeql-db/src/usr/include/x86_64-linux-gnu/bits/pthreadtypes-arch.h
[E 14:12:57 12664] Already archived /workspaces/cybr621-lab2-Memory-Safety-Validation/codeql-db/src/usr/include/x86_64-linux-gnu/bits/wordsize.h
[E 14:12:57 12664] Already archived /workspaces/cybr621-lab2-Memory-Safety-Validation/codeql-db/src/usr/include/x86_64-linux-gnu/bits/atomic_wide_counter.h
[E 14:12:57 12664] Already archived /workspaces/cybr621-lab2-Memory-Safety-Validation/codeql-db/src/usr/include/x86_64-linux-gnu/bits/struct_mutex.h
[E 14:12:57 12664] Already archived /workspaces/cybr621-lab2-Memory-Safety-Validation/codeql-db/src/usr/include/x86_64-linux-gnu/bits/struct_rwlock.h
[E 14:12:57 12664] Already archived /workspaces/cybr621-lab2-Memory-Safety-Validation/codeql-db/src/usr/include/alloca.h
[E 14:12:57 12664] Already archived /workspaces/cybr621-lab2-Memory-Safety-Validation/codeql-db/src/usr/lib/gcc/x86_64-linux-gnu/13/include/stddef.h
[E 14:12:57 12664] Already archived /workspaces/cybr621-lab2-Memory-Safety-Validation/codeql-db/src/usr/include/x86_64-linux-gnu/bits/stdlib-float.h
[E 14:12:57 12664] Already archived /workspaces/cybr621-lab2-Memory-Safety-Validation/codeql-db/src/usr/include/string.h
[E 14:12:57 12664] Already archived /workspaces/cybr621-lab2-Memory-Safety-Validation/codeql-db/src/usr/include/x86_64-linux-gnu/bits/libc-header-start.h
[E 14:12:57 12664] Already archived /workspaces/cybr621-lab2-Memory-Safety-Validation/codeql-db/src/usr/lib/gcc/x86_64-linux-gnu/13/include/stddef.h
[E 14:12:57 12664] Already archived /workspaces/cybr621-lab2-Memory-Safety-Validation/codeql-db/src/usr/include/strings.h
[E 14:12:57 12664] Already archived /workspaces/cybr621-lab2-Memory-Safety-Validation/codeql-db/src/usr/lib/gcc/x86_64-linux-gnu/13/include/stddef.h
[E 14:12:57 12664] Archiving /workspaces/cybr621-lab2-Memory-Safety-Validation/codeql-db/src/usr/include/x86_64-linux-gnu/sys/file.h
[E 14:12:57 12664] Archiving /workspaces/cybr621-lab2-Memory-Safety-Validation/codeql-db/src/usr/include/x86_64-linux-gnu/sys/stat.h
[E 14:12:57 12664] Already archived /workspaces/cybr621-lab2-Memory-Safety-Validation/codeql-db/src/usr/include/x86_64-linux-gnu/bits/stat.h
[E 14:12:57 12664] Archiving /workspaces/cybr621-lab2-Memory-Safety-Validation/codeql-db/src/usr/include/x86_64-linux-gnu/bits/statx.h
[E 14:12:57 12664] Archiving /workspaces/cybr621-lab2-Memory-Safety-Validation/codeql-db/src/usr/include/linux/stat.h
[E 14:12:57 12664] Archiving /workspaces/cybr621-lab2-Memory-Safety-Validation/codeql-db/src/usr/include/linux/types.h
[E 14:12:57 12664] Archiving /workspaces/cybr621-lab2-Memory-Safety-Validation/codeql-db/src/usr/include/x86_64-linux-gnu/asm/types.h
[E 14:12:57 12664] Archiving /workspaces/cybr621-lab2-Memory-Safety-Validation/codeql-db/src/usr/include/asm-generic/types.h
[E 14:12:57 12664] Archiving /workspaces/cybr621-lab2-Memory-Safety-Validation/codeql-db/src/usr/include/asm-generic/int-ll64.h
[E 14:12:57 12664] Archiving /workspaces/cybr621-lab2-Memory-Safety-Validation/codeql-db/src/usr/include/x86_64-linux-gnu/asm/bitsperlong.h
[E 14:12:57 12664] Archiving /workspaces/cybr621-lab2-Memory-Safety-Validation/codeql-db/src/usr/include/asm-generic/bitsperlong.h
[E 14:12:57 12664] Archiving /workspaces/cybr621-lab2-Memory-Safety-Validation/codeql-db/src/usr/include/linux/posix_types.h
[E 14:12:57 12664] Archiving /workspaces/cybr621-lab2-Memory-Safety-Validation/codeql-db/src/usr/include/linux/stddef.h
[E 14:12:57 12664] Archiving /workspaces/cybr621-lab2-Memory-Safety-Validation/codeql-db/src/usr/include/x86_64-linux-gnu/asm/posix_types.h
[E 14:12:57 12664] Archiving /workspaces/cybr621-lab2-Memory-Safety-Validation/codeql-db/src/usr/include/x86_64-linux-gnu/asm/posix_types_64.h
[E 14:12:57 12664] Archiving /workspaces/cybr621-lab2-Memory-Safety-Validation/codeql-db/src/usr/include/asm-generic/posix_types.h
[E 14:12:57 12664] Archiving /workspaces/cybr621-lab2-Memory-Safety-Validation/codeql-db/src/usr/include/x86_64-linux-gnu/bits/statx-generic.h
[E 14:12:57 12664] Archiving /workspaces/cybr621-lab2-Memory-Safety-Validation/codeql-db/src/usr/include/x86_64-linux-gnu/bits/types/struct_statx_timestamp.h
[E 14:12:57 12664] Archiving /workspaces/cybr621-lab2-Memory-Safety-Validation/codeql-db/src/usr/include/x86_64-linux-gnu/bits/types/struct_statx.h
[E 14:12:57 12664] Already archived /workspaces/cybr621-lab2-Memory-Safety-Validation/codeql-db/src/usr/include/time.h
[E 14:12:57 12664] Already archived /workspaces/cybr621-lab2-Memory-Safety-Validation/codeql-db/src/usr/lib/gcc/x86_64-linux-gnu/13/include/stddef.h
[E 14:12:57 12664] Already archived /workspaces/cybr621-lab2-Memory-Safety-Validation/codeql-db/src/usr/include/x86_64-linux-gnu/bits/time.h
[E 14:12:57 12664] Archiving /workspaces/cybr621-lab2-Memory-Safety-Validation/codeql-db/src/usr/include/x86_64-linux-gnu/bits/timex.h
[E 14:12:57 12664] Already archived /workspaces/cybr621-lab2-Memory-Safety-Validation/codeql-db/src/usr/include/x86_64-linux-gnu/bits/types/struct_tm.h
[E 14:12:57 12664] Already archived /workspaces/cybr621-lab2-Memory-Safety-Validation/codeql-db/src/usr/include/x86_64-linux-gnu/bits/types/struct_itimerspec.h
[E 14:12:57 12664] Archiving /workspaces/cybr621-lab2-Memory-Safety-Validation/codeql-db/src/usr/include/unistd.h
[E 14:12:57 12664] Archiving /workspaces/cybr621-lab2-Memory-Safety-Validation/codeql-db/src/usr/include/x86_64-linux-gnu/bits/posix_opt.h
[E 14:12:57 12664] Archiving /workspaces/cybr621-lab2-Memory-Safety-Validation/codeql-db/src/usr/include/x86_64-linux-gnu/bits/environments.h
[E 14:12:57 12664] Already archived /workspaces/cybr621-lab2-Memory-Safety-Validation/codeql-db/src/usr/include/x86_64-linux-gnu/bits/wordsize.h
[E 14:12:57 12664] Already archived /workspaces/cybr621-lab2-Memory-Safety-Validation/codeql-db/src/usr/lib/gcc/x86_64-linux-gnu/13/include/stddef.h
[E 14:12:57 12664] Archiving /workspaces/cybr621-lab2-Memory-Safety-Validation/codeql-db/src/usr/include/x86_64-linux-gnu/bits/confname.h
[E 14:12:57 12664] Archiving /workspaces/cybr621-lab2-Memory-Safety-Validation/codeql-db/src/usr/include/x86_64-linux-gnu/bits/getopt_posix.h
[E 14:12:57 12664] Archiving /workspaces/cybr621-lab2-Memory-Safety-Validation/codeql-db/src/usr/include/x86_64-linux-gnu/bits/getopt_core.h
[E 14:12:57 12664] Archiving /workspaces/cybr621-lab2-Memory-Safety-Validation/codeql-db/src/usr/include/x86_64-linux-gnu/bits/unistd_ext.h
[E 14:12:57 12664] Archiving /workspaces/cybr621-lab2-Memory-Safety-Validation/codeql-db/src/usr/include/linux/close_range.h
[E 14:12:57 12664] Creating trap tarball /workspaces/cybr621-lab2-Memory-Safety-Validation/codeql-db/trap/cpp/tarballs/workspaces/cybr621-lab2-Memory-Safety-Validation/assistant2.c.13d6c5f7_0.trap.tar.zst
[E 14:12:57 12664] Emitting trap files for assistant2.c
[E 14:12:57 12664] Opening existencedb in /workspaces/cybr621-lab2-Memory-Safety-Validation/codeql-db/working/existencedb/db
[E 14:12:58 12664] Wrote 60 files to /workspaces/cybr621-lab2-Memory-Safety-Validation/codeql-db/trap/cpp/tarballs/workspaces/cybr621-lab2-Memory-Safety-Validation/assistant2.c.13d6c5f7_0.trap.tar.zst
[E 14:12:58 12664] Finished compilation TRAP /workspaces/cybr621-lab2-Memory-Safety-Validation/codeql-db/trap/cpp/compilations/40/31777751_0.trap.zst
[E 14:12:58 12664] Marking C compilation as happened.
[E 14:12:58 12664] Setting tag c-compilation-happened
[E 14:12:58 12664] Starting from CODEQL_TRACER_DB_ID 0000000000003176_0000000000000001
[E 14:12:58 12664] Locking DB /workspaces/cybr621-lab2-Memory-Safety-Validation/codeql-db/working/tags.db
[E 14:12:58 12664] Locked DB /workspaces/cybr621-lab2-Memory-Safety-Validation/codeql-db/working/tags.db
[E 14:12:58 12664] Set tag for 0000000000003176_0000000000000001
[E 14:12:58 12664] Set tag for 000000000000310E_0000000000000003
[E 14:12:58 12664] Set tag for 000000000000310E_0000000000000002
[E 14:12:58 12664] Set tag for root
[E 14:12:58 12664] Unlocking DB
[E 14:12:58 12664] Unlocked DB
[E 14:12:58 12664] Time: 0.17 (CPU) 1.00 (elapsed)
[E 14:12:58 12664] Memory: 41.12 MiB (peak rss)
[E 14:12:58 12664] Extractor exited successfully
[T 14:12:58 12662] Extractor /home/codespace/.local/share/gh/extensions/gh-codeql/dist/release/v2.27.1/cpp/tools/linux64/extractor terminated with exit code 0.
[T 14:12:58 12665] Initializing tracer.
[T 14:12:58 12665] Initializing tags.
[T 14:12:58 12665] ID set to 0000000000003179_0000000000000001 (parent 000000000000310E_0000000000000003)
[T 14:12:58 12665] ==== Candidate to intercept: as (canonical: /usr/bin/as) ====
[T 14:12:58 12665] Lua: === Intercepted call to /usr/bin/as ===
[T 14:12:58 12665] Executing the following tracer actions:
[T 14:12:58 12665] Tracer actions:
[T 14:12:58 12665] pre_invocations(0)
[T 14:12:58 12665] post_invocations(1)
[T 14:12:58 12665] invocation: /home/codespace/.local/share/gh/extensions/gh-codeql/dist/release/v2.27.1/cpp/tools/linux64/extractor, args: [--assembler, --codeql-assembler-executable, /usr/bin/as, --64, -o, assistant2.o, /tmp/ccxRKKEF.s]
[T 14:12:58 12665] trace_languages(1): [cpp]
[T 14:12:58 12667] Attempting to switch stdout/stderr to 4...
[T 14:12:58 12667] Initializing tracer.
[T 14:12:58 12667] Initializing tags.
[T 14:12:58 12667] ID set to 000000000000317B_0000000000000001 (parent 0000000000003179_0000000000000001)
[E 14:12:58 12667] CodeQL C/C++ Extractor 2.27.1
[E 14:12:58 12667] Current directory: /workspaces/cybr621-lab2-Memory-Safety-Validation
[E 14:12:58 12667] Command: /home/codespace/.local/share/gh/extensions/gh-codeql/dist/release/v2.27.1/cpp/tools/linux64/extractor --assembler --codeql-assembler-executable /usr/bin/as --64 -o assistant2.o /tmp/ccxRKKEF.s
[E 14:12:58 12667] Extractor exited after mimicking assembler
[T 14:12:58 12665] Extractor /home/codespace/.local/share/gh/extensions/gh-codeql/dist/release/v2.27.1/cpp/tools/linux64/extractor terminated with exit code 0.
[T 14:12:58 12668] Attempting to switch stdout/stderr to 4...
[T 14:12:58 12668] Initializing tracer.
[T 14:12:58 12668] Initializing tags.
[T 14:12:58 12668] ID set to 000000000000317C_0000000000000001 (parent 000000000000310E_0000000000000003)
[E 14:12:58 12668] CodeQL C/C++ Extractor 2.27.1
[E 14:12:58 12668] Current directory: /workspaces/cybr621-lab2-Memory-Safety-Validation
[E 14:12:58 12668] Command: /home/codespace/.local/share/gh/extensions/gh-codeql/dist/release/v2.27.1/cpp/tools/linux64/extractor --mimic /usr/bin/gcc -Wall -Wextra -Wpedantic -c assistant1.c assistant2.c
[T 14:12:58 12669] Initializing tracer.
[T 14:12:58 12669] Initializing tags.
[T 14:12:58 12669] ID set to 000000000000317D_0000000000000001 (parent 000000000000317C_0000000000000001)
[T 14:12:58 12669] ==== Candidate to intercept: /usr/bin/gcc (canonical: /usr/bin/x86_64-linux-gnu-gcc-13) ====
[T 14:12:58 12669] Lua: === Intercepted call to /usr/bin/x86_64-linux-gnu-gcc-13 ===
[T 14:12:58 12669] Executing the following tracer actions:
[T 14:12:58 12669] Tracer actions:
[T 14:12:58 12669] pre_invocations(0)
[T 14:12:58 12669] post_invocations(1)
[T 14:12:58 12669] invocation: /home/codespace/.local/share/gh/extensions/gh-codeql/dist/release/v2.27.1/cpp/tools/linux64/extractor, args: [--mimic, /usr/bin/x86_64-linux-gnu-gcc-13, --version]
[T 14:12:58 12669] trace_languages(1): [cpp]
[T 14:12:58 12671] Attempting to switch stdout/stderr to 7...
[T 14:12:58 12671] Initializing tracer.
[T 14:12:58 12671] Initializing tags.
[T 14:12:58 12671] ID set to 000000000000317F_0000000000000001 (parent 000000000000317D_0000000000000001)
[E 14:12:58 12671] Mimicry classification suppression detected; exiting.
[E 14:12:58 12671] Extractor exited successfully
[T 14:12:58 12669] Extractor /home/codespace/.local/share/gh/extensions/gh-codeql/dist/release/v2.27.1/cpp/tools/linux64/extractor terminated with exit code 0.
[T 14:12:58 12672] Initializing tracer.
[T 14:12:58 12672] Initializing tags.
[T 14:12:58 12672] ID set to 0000000000003180_0000000000000001 (parent 000000000000317C_0000000000000001)
[T 14:12:58 12672] ==== Candidate to intercept: /usr/bin/gcc (canonical: /usr/bin/x86_64-linux-gnu-gcc-13) ====
[T 14:12:58 12672] Lua: === Intercepted call to /usr/bin/x86_64-linux-gnu-gcc-13 ===
[T 14:12:58 12672] Executing the following tracer actions:
[T 14:12:58 12672] Tracer actions:
[T 14:12:58 12672] pre_invocations(0)
[T 14:12:58 12672] post_invocations(1)
[T 14:12:58 12672] invocation: /home/codespace/.local/share/gh/extensions/gh-codeql/dist/release/v2.27.1/cpp/tools/linux64/extractor, args: [--mimic, /usr/bin/x86_64-linux-gnu-gcc-13, --help]
[T 14:12:58 12672] trace_languages(1): [cpp]
[T 14:12:58 12674] Attempting to switch stdout/stderr to 7...
[T 14:12:58 12674] Initializing tracer.
[T 14:12:58 12674] Initializing tags.
[T 14:12:58 12674] ID set to 0000000000003182_0000000000000001 (parent 0000000000003180_0000000000000001)
[E 14:12:58 12674] Mimicry classification suppression detected; exiting.
[E 14:12:58 12674] Extractor exited successfully
[T 14:12:58 12672] Extractor /home/codespace/.local/share/gh/extensions/gh-codeql/dist/release/v2.27.1/cpp/tools/linux64/extractor terminated with exit code 0.
[T 14:12:58 12675] Initializing tracer.
[T 14:12:58 12675] Initializing tags.
[T 14:12:58 12675] ID set to 0000000000003183_0000000000000001 (parent 000000000000317C_0000000000000001)
[T 14:12:58 12675] ==== Candidate to intercept: /usr/bin/gcc (canonical: /usr/bin/x86_64-linux-gnu-gcc-13) ====
[T 14:12:58 12675] Lua: === Intercepted call to /usr/bin/x86_64-linux-gnu-gcc-13 ===
[T 14:12:58 12675] Executing the following tracer actions:
[T 14:12:58 12675] Tracer actions:
[T 14:12:58 12675] pre_invocations(0)
[T 14:12:58 12675] post_invocations(1)
[T 14:12:58 12675] invocation: /home/codespace/.local/share/gh/extensions/gh-codeql/dist/release/v2.27.1/cpp/tools/linux64/extractor, args: [--mimic, /usr/bin/x86_64-linux-gnu-gcc-13, -S, -nostdinc, -o, /workspaces/cybr621-lab2-Memory-Safety-Validation/codeql-db/working/tmp//semmle_2_12668_154357.o, -c, /workspaces/cybr621-lab2-Memory-Safety-Validation/codeql-db/working/tmp//semmle_1_12668_154131.c]
[T 14:12:58 12675] trace_languages(1): [cpp]
[T 14:12:58 12677] Initializing tracer.
[T 14:12:58 12677] Initializing tags.
[T 14:12:58 12677] ID set to 0000000000003185_0000000000000001 (parent 0000000000003183_0000000000000001)
[T 14:12:58 12677] ==== Candidate to intercept: /usr/libexec/gcc/x86_64-linux-gnu/13/cc1 (canonical: /usr/libexec/gcc/x86_64-linux-gnu/13/cc1) ====
[T 14:12:58 12677] Lua: === Intercepted call to /usr/libexec/gcc/x86_64-linux-gnu/13/cc1 ===
[T 14:12:58 12677] Executing the following tracer actions:
[T 14:12:58 12677] Tracer actions:
[T 14:12:58 12677] pre_invocations(0)
[T 14:12:58 12677] post_invocations(1)
[T 14:12:58 12677] invocation: /home/codespace/.local/share/gh/extensions/gh-codeql/dist/release/v2.27.1/cpp/tools/linux64/extractor, args: [--mimic, /usr/libexec/gcc/x86_64-linux-gnu/13/cc1, -quiet, -nostdinc, -imultiarch, x86_64-linux-gnu, /workspaces/cybr621-lab2-Memory-Safety-Validation/codeql-db/working/tmp//semmle_1_12668_154131.c, -quiet, -dumpdir, /workspaces/cybr621-lab2-Memory-Safety-Validation/codeql-db/working/tmp//, -dumpbase, semmle_2_12668_154357.c, -dumpbase-ext, .c, -mtune=generic, -march=x86-64, -o, /workspaces/cybr621-lab2-Memory-Safety-Validation/codeql-db/working/tmp//semmle_2_12668_154357.o, -fasynchronous-unwind-tables, -fstack-protector-strong, -Wformat, -Wformat-security, -fstack-clash-protection, -fcf-protection]
[T 14:12:58 12677] trace_languages(1): [cpp]
[T 14:12:58 12679] Attempting to switch stdout/stderr to 7...
[T 14:12:58 12679] Initializing tracer.
[T 14:12:58 12679] Initializing tags.
[T 14:12:58 12679] ID set to 0000000000003187_0000000000000001 (parent 0000000000003185_0000000000000001)
[E 14:12:58 12679] Mimicry classification suppression detected; exiting.
[E 14:12:58 12679] Extractor exited successfully
[T 14:12:58 12677] Extractor /home/codespace/.local/share/gh/extensions/gh-codeql/dist/release/v2.27.1/cpp/tools/linux64/extractor terminated with exit code 0.
[T 14:12:58 12680] Attempting to switch stdout/stderr to 7...
[T 14:12:58 12680] Initializing tracer.
[T 14:12:58 12680] Initializing tags.
[T 14:12:58 12680] ID set to 0000000000003188_0000000000000001 (parent 0000000000003183_0000000000000001)
[E 14:12:58 12680] Mimicry classification suppression detected; exiting.
[E 14:12:58 12680] Extractor exited successfully
[T 14:12:58 12675] Extractor /home/codespace/.local/share/gh/extensions/gh-codeql/dist/release/v2.27.1/cpp/tools/linux64/extractor terminated with exit code 0.
[T 14:12:58 12681] Initializing tracer.
[T 14:12:58 12681] Initializing tags.
[T 14:12:58 12681] ID set to 0000000000003189_0000000000000001 (parent 000000000000317C_0000000000000001)
[T 14:12:58 12681] ==== Candidate to intercept: /usr/bin/gcc (canonical: /usr/bin/x86_64-linux-gnu-gcc-13) ====
[T 14:12:58 12681] Lua: === Intercepted call to /usr/bin/x86_64-linux-gnu-gcc-13 ===
[T 14:12:58 12681] Executing the following tracer actions:
[T 14:12:58 12681] Tracer actions:
[T 14:12:58 12681] pre_invocations(0)
[T 14:12:58 12681] post_invocations(1)
[T 14:12:58 12681] invocation: /home/codespace/.local/share/gh/extensions/gh-codeql/dist/release/v2.27.1/cpp/tools/linux64/extractor, args: [--mimic, /usr/bin/x86_64-linux-gnu-gcc-13, -S, -nostdinc, -o, /workspaces/cybr621-lab2-Memory-Safety-Validation/codeql-db/working/tmp//semmle_4_12668_203398.o, -c, /workspaces/cybr621-lab2-Memory-Safety-Validation/codeql-db/working/tmp//semmle_3_12668_203237.c]
[T 14:12:58 12681] trace_languages(1): [cpp]
[T 14:12:58 12684] Initializing tracer.
[T 14:12:58 12684] Initializing tags.
[T 14:12:58 12684] ID set to 000000000000318C_0000000000000001 (parent 0000000000003189_0000000000000001)
[T 14:12:58 12684] ==== Candidate to intercept: /usr/libexec/gcc/x86_64-linux-gnu/13/cc1 (canonical: /usr/libexec/gcc/x86_64-linux-gnu/13/cc1) ====
[T 14:12:58 12684] Lua: === Intercepted call to /usr/libexec/gcc/x86_64-linux-gnu/13/cc1 ===
[T 14:12:58 12684] Executing the following tracer actions:
[T 14:12:58 12684] Tracer actions:
[T 14:12:58 12684] pre_invocations(0)
[T 14:12:58 12684] post_invocations(1)
[T 14:12:58 12684] invocation: /home/codespace/.local/share/gh/extensions/gh-codeql/dist/release/v2.27.1/cpp/tools/linux64/extractor, args: [--mimic, /usr/libexec/gcc/x86_64-linux-gnu/13/cc1, -quiet, -nostdinc, -imultiarch, x86_64-linux-gnu, /workspaces/cybr621-lab2-Memory-Safety-Validation/codeql-db/working/tmp//semmle_3_12668_203237.c, -quiet, -dumpdir, /workspaces/cybr621-lab2-Memory-Safety-Validation/codeql-db/working/tmp//, -dumpbase, semmle_4_12668_203398.c, -dumpbase-ext, .c, -mtune=generic, -march=x86-64, -o, /workspaces/cybr621-lab2-Memory-Safety-Validation/codeql-db/working/tmp//semmle_4_12668_203398.o, -fasynchronous-unwind-tables, -fstack-protector-strong, -Wformat, -Wformat-security, -fstack-clash-protection, -fcf-protection]
[T 14:12:58 12684] trace_languages(1): [cpp]
[T 14:12:58 12686] Attempting to switch stdout/stderr to 7...
[T 14:12:58 12686] Initializing tracer.
[T 14:12:58 12686] Initializing tags.
[T 14:12:58 12686] ID set to 000000000000318E_0000000000000001 (parent 000000000000318C_0000000000000001)
[E 14:12:58 12686] Mimicry classification suppression detected; exiting.
[E 14:12:58 12686] Extractor exited successfully
[T 14:12:58 12684] Extractor /home/codespace/.local/share/gh/extensions/gh-codeql/dist/release/v2.27.1/cpp/tools/linux64/extractor terminated with exit code 0.
[T 14:12:58 12688] Attempting to switch stdout/stderr to 7...
[T 14:12:58 12688] Initializing tracer.
[T 14:12:58 12688] Initializing tags.
[T 14:12:58 12688] ID set to 0000000000003190_0000000000000001 (parent 0000000000003189_0000000000000001)
[E 14:12:58 12688] Mimicry classification suppression detected; exiting.
[E 14:12:58 12688] Extractor exited successfully
[T 14:12:58 12681] Extractor /home/codespace/.local/share/gh/extensions/gh-codeql/dist/release/v2.27.1/cpp/tools/linux64/extractor terminated with exit code 0.
[E 14:12:58 12668] Checking whether C compilation already happened.
[E 14:12:58 12668] Checking for tag c-compilation-happened
[E 14:12:58 12668] Checking CODEQL_TRACER_DB_ID 000000000000310E_0000000000000003
[E 14:12:58 12668] Locking DB /workspaces/cybr621-lab2-Memory-Safety-Validation/codeql-db/working/tags.db
[E 14:12:58 12668] Locked DB /workspaces/cybr621-lab2-Memory-Safety-Validation/codeql-db/working/tags.db
[E 14:12:58 12668] Unlocking DB
[E 14:12:58 12668] Unlocked DB
[E 14:12:58 12668] Exiting as C compilation already happened.
[T 14:12:58 12558] Extractor /home/codespace/.local/share/gh/extensions/gh-codeql/dist/release/v2.27.1/cpp/tools/linux64/extractor terminated with exit code 0.
[T 14:33:11 22445] CodeQL CLI version 2.27.1
[T 14:33:11 22445] Initializing tracer.
[T 14:33:11 22445] Initializing tags.
[T 14:33:11 22445] ID set to 00000000000057AD_0000000000000001 (parent root)
[T 14:33:11 22445] Initializing tracer.
[T 14:33:11 22445] Initializing tags.
[T 14:33:11 22445] ID set to 00000000000057AD_0000000000000002 (parent root)
[T 14:33:11 22445] Warning: SEMMLE_EXEC and SEMMLE_EXECP not set. Falling back to path lookup on argv[0].
[T 14:33:11 22445] ==== Candidate to intercept: /home/codespace/.local/share/gh/extensions/gh-codeql/dist/release/v2.27.1/tools/linux64/runner-linux (canonical: /home/codespace/.local/share/gh/extensions/gh-codeql/dist/release/v2.27.1/tools/linux64/runner-linux) ====
[T 14:33:11 22445] Executing the following tracer actions:
[T 14:33:11 22445] Tracer actions:
[T 14:33:11 22445] pre_invocations(0)
[T 14:33:11 22445] post_invocations(0)
[T 14:33:11 22445] trace_languages(1): [cpp]
[T 14:33:11 22445] Initializing tracer.
[T 14:33:11 22445] Initializing tags.
[T 14:33:11 22445] ID set to 00000000000057AD_0000000000000003 (parent 00000000000057AD_0000000000000002)
[T 14:33:11 22445] ==== Candidate to intercept: gcc (canonical: /usr/bin/gcc) ====
[T 14:33:11 22445] Lua: === Intercepted call to /usr/bin/gcc ===
[T 14:33:11 22445] Executing the following tracer actions:
[T 14:33:11 22445] Tracer actions:
[T 14:33:11 22445] pre_invocations(0)
[T 14:33:11 22445] post_invocations(1)
[T 14:33:11 22445] invocation: /home/codespace/.local/share/gh/extensions/gh-codeql/dist/release/v2.27.1/cpp/tools/linux64/extractor, args: [--mimic, /usr/bin/gcc, -Wall, -Wextra, -Wpedantic, -c, assistant1.c, assistant2.c]
[T 14:33:11 22445] trace_languages(1): [cpp]
[T 14:33:11 22449] Initializing tracer.
[T 14:33:11 22449] Initializing tags.
[T 14:33:11 22449] ID set to 00000000000057B1_0000000000000001 (parent 00000000000057AD_0000000000000003)
[T 14:33:11 22449] ==== Candidate to intercept: /usr/libexec/gcc/x86_64-linux-gnu/13/cc1 (canonical: /usr/libexec/gcc/x86_64-linux-gnu/13/cc1) ====
[T 14:33:11 22449] Lua: === Intercepted call to /usr/libexec/gcc/x86_64-linux-gnu/13/cc1 ===
[T 14:33:11 22449] Executing the following tracer actions:
[T 14:33:11 22449] Tracer actions:
[T 14:33:11 22449] pre_invocations(0)
[T 14:33:11 22449] post_invocations(1)
[T 14:33:11 22449] invocation: /home/codespace/.local/share/gh/extensions/gh-codeql/dist/release/v2.27.1/cpp/tools/linux64/extractor, args: [--mimic, /usr/libexec/gcc/x86_64-linux-gnu/13/cc1, -quiet, -imultiarch, x86_64-linux-gnu, assistant1.c, -quiet, -dumpbase, assistant1.c, -dumpbase-ext, .c, -mtune=generic, -march=x86-64, -Wall, -Wextra, -Wpedantic, -fasynchronous-unwind-tables, -fstack-protector-strong, -Wformat-security, -fstack-clash-protection, -fcf-protection, -o, /tmp/ccxt2TST.s]
[T 14:33:11 22449] trace_languages(1): [cpp]
[T 14:33:11 22464] Attempting to switch stdout/stderr to 4...
[T 14:33:11 22464] Initializing tracer.
[T 14:33:11 22464] Initializing tags.
[T 14:33:11 22464] ID set to 00000000000057C0_0000000000000001 (parent 00000000000057B1_0000000000000001)
[E 14:33:11 22464] CodeQL C/C++ Extractor 2.27.1
[E 14:33:11 22464] Current directory: /workspaces/cybr621-lab2-Memory-Safety-Validation
[E 14:33:11 22464] Command: /home/codespace/.local/share/gh/extensions/gh-codeql/dist/release/v2.27.1/cpp/tools/linux64/extractor --mimic /usr/libexec/gcc/x86_64-linux-gnu/13/cc1 -quiet -imultiarch x86_64-linux-gnu assistant1.c -quiet -dumpbase assistant1.c -dumpbase-ext .c -mtune=generic -march=x86-64 -Wall -Wextra -Wpedantic -fasynchronous-unwind-tables -fstack-protector-strong -Wformat-security -fstack-clash-protection -fcf-protection -o /tmp/ccxt2TST.s
[T 14:33:11 22466] Initializing tracer.
[T 14:33:11 22466] Initializing tags.
[T 14:33:11 22466] ID set to 00000000000057C2_0000000000000001 (parent 00000000000057C0_0000000000000001)
[T 14:33:11 22466] ==== Candidate to intercept: /usr/libexec/gcc/x86_64-linux-gnu/13/cc1 (canonical: /usr/libexec/gcc/x86_64-linux-gnu/13/cc1) ====
[T 14:33:11 22466] Lua: === Intercepted call to /usr/libexec/gcc/x86_64-linux-gnu/13/cc1 ===
[T 14:33:11 22466] Executing the following tracer actions:
[T 14:33:11 22466] Tracer actions:
[T 14:33:11 22466] pre_invocations(0)
[T 14:33:11 22466] post_invocations(1)
[T 14:33:11 22466] invocation: /home/codespace/.local/share/gh/extensions/gh-codeql/dist/release/v2.27.1/cpp/tools/linux64/extractor, args: [--mimic, /usr/libexec/gcc/x86_64-linux-gnu/13/cc1, --version]
[T 14:33:11 22466] trace_languages(1): [cpp]
[T 14:33:11 22468] Attempting to switch stdout/stderr to 7...
[T 14:33:11 22468] Initializing tracer.
[T 14:33:11 22468] Initializing tags.
[T 14:33:11 22468] ID set to 00000000000057C4_0000000000000001 (parent 00000000000057C2_0000000000000001)
[E 14:33:11 22468] Mimicry classification suppression detected; exiting.
[E 14:33:11 22468] Extractor exited successfully
[T 14:33:11 22466] Extractor /home/codespace/.local/share/gh/extensions/gh-codeql/dist/release/v2.27.1/cpp/tools/linux64/extractor terminated with exit code 0.
[T 14:33:11 22469] Initializing tracer.
[T 14:33:11 22469] Initializing tags.
[T 14:33:11 22469] ID set to 00000000000057C5_0000000000000001 (parent 00000000000057C0_0000000000000001)
[T 14:33:11 22469] ==== Candidate to intercept: /usr/libexec/gcc/x86_64-linux-gnu/13/cc1 (canonical: /usr/libexec/gcc/x86_64-linux-gnu/13/cc1) ====
[T 14:33:11 22469] Lua: === Intercepted call to /usr/libexec/gcc/x86_64-linux-gnu/13/cc1 ===
[T 14:33:11 22469] Executing the following tracer actions:
[T 14:33:11 22469] Tracer actions:
[T 14:33:11 22469] pre_invocations(0)
[T 14:33:11 22469] post_invocations(1)
[T 14:33:11 22469] invocation: /home/codespace/.local/share/gh/extensions/gh-codeql/dist/release/v2.27.1/cpp/tools/linux64/extractor, args: [--mimic, /usr/libexec/gcc/x86_64-linux-gnu/13/cc1, --help]
[T 14:33:11 22469] trace_languages(1): [cpp]
[T 14:33:11 22472] Attempting to switch stdout/stderr to 7...
[T 14:33:11 22472] Initializing tracer.
[T 14:33:11 22472] Initializing tags.
[T 14:33:11 22472] ID set to 00000000000057C8_0000000000000001 (parent 00000000000057C5_0000000000000001)
[E 14:33:11 22472] Mimicry classification suppression detected; exiting.
[E 14:33:11 22472] Extractor exited successfully
[T 14:33:11 22469] Extractor /home/codespace/.local/share/gh/extensions/gh-codeql/dist/release/v2.27.1/cpp/tools/linux64/extractor terminated with exit code 0.
[T 14:33:11 22475] Initializing tracer.
[T 14:33:11 22475] Initializing tags.
[T 14:33:11 22475] ID set to 00000000000057CB_0000000000000001 (parent 00000000000057C0_0000000000000001)
[T 14:33:11 22475] ==== Candidate to intercept: /usr/libexec/gcc/x86_64-linux-gnu/13/cc1 (canonical: /usr/libexec/gcc/x86_64-linux-gnu/13/cc1) ====
[T 14:33:11 22475] Lua: === Intercepted call to /usr/libexec/gcc/x86_64-linux-gnu/13/cc1 ===
[T 14:33:11 22475] Executing the following tracer actions:
[T 14:33:11 22475] Tracer actions:
[T 14:33:11 22475] pre_invocations(0)
[T 14:33:11 22475] post_invocations(1)
[T 14:33:11 22475] invocation: /home/codespace/.local/share/gh/extensions/gh-codeql/dist/release/v2.27.1/cpp/tools/linux64/extractor, args: [--mimic, /usr/libexec/gcc/x86_64-linux-gnu/13/cc1, -version, --help]
[T 14:33:11 22475] trace_languages(1): [cpp]
[T 14:33:11 22477] Attempting to switch stdout/stderr to 7...
[T 14:33:11 22477] Initializing tracer.
[T 14:33:11 22477] Initializing tags.
[T 14:33:11 22477] ID set to 00000000000057CD_0000000000000001 (parent 00000000000057CB_0000000000000001)
[E 14:33:11 22477] Mimicry classification suppression detected; exiting.
[E 14:33:11 22477] Extractor exited successfully
[T 14:33:11 22475] Extractor /home/codespace/.local/share/gh/extensions/gh-codeql/dist/release/v2.27.1/cpp/tools/linux64/extractor terminated with exit code 0.
[T 14:33:11 22478] Initializing tracer.
[T 14:33:11 22478] Initializing tags.
[T 14:33:11 22478] ID set to 00000000000057CE_0000000000000001 (parent 00000000000057C0_0000000000000001)
[T 14:33:11 22478] ==== Candidate to intercept: /usr/libexec/gcc/x86_64-linux-gnu/13/cc1 (canonical: /usr/libexec/gcc/x86_64-linux-gnu/13/cc1) ====
[T 14:33:11 22478] Lua: === Intercepted call to /usr/libexec/gcc/x86_64-linux-gnu/13/cc1 ===
[T 14:33:11 22478] Executing the following tracer actions:
[T 14:33:11 22478] Tracer actions:
[T 14:33:11 22478] pre_invocations(0)
[T 14:33:11 22478] post_invocations(1)
[T 14:33:11 22478] invocation: /home/codespace/.local/share/gh/extensions/gh-codeql/dist/release/v2.27.1/cpp/tools/linux64/extractor, args: [--mimic, /usr/libexec/gcc/x86_64-linux-gnu/13/cc1, -nostdinc, -o, /workspaces/cybr621-lab2-Memory-Safety-Validation/codeql-db/working/tmp//semmle_2_22464_785591.o, /workspaces/cybr621-lab2-Memory-Safety-Validation/codeql-db/working/tmp//semmle_1_22464_785556.c]
[T 14:33:11 22478] trace_languages(1): [cpp]
[T 14:33:11 22480] Attempting to switch stdout/stderr to 7...
[T 14:33:11 22480] Initializing tracer.
[T 14:33:11 22480] Initializing tags.
[T 14:33:11 22480] ID set to 00000000000057D0_0000000000000001 (parent 00000000000057CE_0000000000000001)
[E 14:33:11 22480] Mimicry classification suppression detected; exiting.
[E 14:33:11 22480] Extractor exited successfully
[T 14:33:11 22478] Extractor /home/codespace/.local/share/gh/extensions/gh-codeql/dist/release/v2.27.1/cpp/tools/linux64/extractor terminated with exit code 0.
[T 14:33:11 22481] Initializing tracer.
[T 14:33:11 22481] Initializing tags.
[T 14:33:11 22481] ID set to 00000000000057D1_0000000000000001 (parent 00000000000057C0_0000000000000001)
[T 14:33:11 22481] ==== Candidate to intercept: /usr/libexec/gcc/x86_64-linux-gnu/13/cc1 (canonical: /usr/libexec/gcc/x86_64-linux-gnu/13/cc1) ====
[T 14:33:11 22481] Lua: === Intercepted call to /usr/libexec/gcc/x86_64-linux-gnu/13/cc1 ===
[T 14:33:11 22481] Executing the following tracer actions:
[T 14:33:11 22481] Tracer actions:
[T 14:33:11 22481] pre_invocations(0)
[T 14:33:11 22481] post_invocations(1)
[T 14:33:11 22481] invocation: /home/codespace/.local/share/gh/extensions/gh-codeql/dist/release/v2.27.1/cpp/tools/linux64/extractor, args: [--mimic, /usr/libexec/gcc/x86_64-linux-gnu/13/cc1, -nostdinc, -o, /workspaces/cybr621-lab2-Memory-Safety-Validation/codeql-db/working/tmp//semmle_4_22464_810136.o, /workspaces/cybr621-lab2-Memory-Safety-Validation/codeql-db/working/tmp//semmle_3_22464_810088.c]
[T 14:33:11 22481] trace_languages(1): [cpp]
[T 14:33:11 22483] Attempting to switch stdout/stderr to 7...
[T 14:33:11 22483] Initializing tracer.
[T 14:33:11 22483] Initializing tags.
[T 14:33:11 22483] ID set to 00000000000057D3_0000000000000001 (parent 00000000000057D1_0000000000000001)
[E 14:33:11 22483] Mimicry classification suppression detected; exiting.
[E 14:33:11 22483] Extractor exited successfully
[T 14:33:11 22481] Extractor /home/codespace/.local/share/gh/extensions/gh-codeql/dist/release/v2.27.1/cpp/tools/linux64/extractor terminated with exit code 0.
[E 14:33:11 22464] Checking whether C compilation already happened.
[E 14:33:11 22464] Checking for tag c-compilation-happened
[E 14:33:11 22464] Checking CODEQL_TRACER_DB_ID 00000000000057B1_0000000000000001
[E 14:33:11 22464] Locking DB /workspaces/cybr621-lab2-Memory-Safety-Validation/codeql-db/working/tags.db
[E 14:33:11 22464] Locked DB /workspaces/cybr621-lab2-Memory-Safety-Validation/codeql-db/working/tags.db
[E 14:33:11 22464] Unlocking DB
[E 14:33:11 22464] Unlocked DB
[E 14:33:11 22464] Looks like C compilation didn't already happen.
[E 14:33:11 22464] Checking whether C compilation has been attempted.
[E 14:33:11 22464] Checking for tag c-compilation-attempted
[E 14:33:11 22464] Checking CODEQL_TRACER_DB_ID 00000000000057B1_0000000000000001
[E 14:33:11 22464] Locking DB /workspaces/cybr621-lab2-Memory-Safety-Validation/codeql-db/working/tags.db
[E 14:33:11 22464] Locked DB /workspaces/cybr621-lab2-Memory-Safety-Validation/codeql-db/working/tags.db
[E 14:33:11 22464] Unlocking DB
[E 14:33:11 22464] Unlocked DB
[E 14:33:11 22464] Marking C compilation as attempted.
[E 14:33:11 22464] Setting tag c-compilation-attempted
[E 14:33:11 22464] Starting from CODEQL_TRACER_DB_ID 00000000000057B1_0000000000000001
[E 14:33:11 22464] Locking DB /workspaces/cybr621-lab2-Memory-Safety-Validation/codeql-db/working/tags.db
[E 14:33:11 22464] Locked DB /workspaces/cybr621-lab2-Memory-Safety-Validation/codeql-db/working/tags.db
[E 14:33:11 22464] Set tag for 00000000000057B1_0000000000000001
[E 14:33:11 22464] Set tag for 00000000000057AD_0000000000000003
[E 14:33:11 22464] Set tag for 00000000000057AD_0000000000000002
[E 14:33:11 22464] Set tag for root
[E 14:33:11 22464] Unlocking DB
[E 14:33:11 22464] Unlocked DB
[T 14:33:11 22484] Initializing tracer.
[T 14:33:11 22484] Initializing tags.
[T 14:33:11 22484] ID set to 00000000000057D4_0000000000000001 (parent 00000000000057C0_0000000000000001)
[T 14:33:11 22484] ==== Candidate to intercept: /usr/libexec/gcc/x86_64-linux-gnu/13/cc1 (canonical: /usr/libexec/gcc/x86_64-linux-gnu/13/cc1) ====
[T 14:33:11 22484] Lua: === Intercepted call to /usr/libexec/gcc/x86_64-linux-gnu/13/cc1 ===
[T 14:33:11 22484] Executing the following tracer actions:
[T 14:33:11 22484] Tracer actions:
[T 14:33:11 22484] pre_invocations(0)
[T 14:33:11 22484] post_invocations(1)
[T 14:33:11 22484] invocation: /home/codespace/.local/share/gh/extensions/gh-codeql/dist/release/v2.27.1/cpp/tools/linux64/extractor, args: [--mimic, /usr/libexec/gcc/x86_64-linux-gnu/13/cc1, @/workspaces/cybr621-lab2-Memory-Safety-Validation/codeql-db/working/tmp//semmle_6_22464_830716, -v, -fsyntax-only, /workspaces/cybr621-lab2-Memory-Safety-Validation/codeql-db/working/tmp//semmle_7_22464_830928]
[T 14:33:11 22484] trace_languages(1): [cpp]
[T 14:33:11 22486] Attempting to switch stdout/stderr to 7...
[T 14:33:11 22486] Initializing tracer.
[T 14:33:11 22486] Initializing tags.
[T 14:33:11 22486] ID set to 00000000000057D6_0000000000000001 (parent 00000000000057D4_0000000000000001)
[E 14:33:11 22486] Mimicry classification suppression detected; exiting.
[E 14:33:11 22486] Extractor exited successfully
[T 14:33:11 22484] Extractor /home/codespace/.local/share/gh/extensions/gh-codeql/dist/release/v2.27.1/cpp/tools/linux64/extractor terminated with exit code 0.
[T 14:33:11 22487] Initializing tracer.
[T 14:33:11 22487] Initializing tags.
[T 14:33:11 22487] ID set to 00000000000057D7_0000000000000001 (parent 00000000000057C0_0000000000000001)
[T 14:33:11 22487] ==== Candidate to intercept: /usr/libexec/gcc/x86_64-linux-gnu/13/cc1 (canonical: /usr/libexec/gcc/x86_64-linux-gnu/13/cc1) ====
[T 14:33:11 22487] Lua: === Intercepted call to /usr/libexec/gcc/x86_64-linux-gnu/13/cc1 ===
[T 14:33:11 22487] Executing the following tracer actions:
[T 14:33:11 22487] Tracer actions:
[T 14:33:11 22487] pre_invocations(0)
[T 14:33:11 22487] post_invocations(1)
[T 14:33:11 22487] invocation: /home/codespace/.local/share/gh/extensions/gh-codeql/dist/release/v2.27.1/cpp/tools/linux64/extractor, args: [--mimic, /usr/libexec/gcc/x86_64-linux-gnu/13/cc1, @/workspaces/cybr621-lab2-Memory-Safety-Validation/codeql-db/working/tmp//semmle_6_22464_830716, -E, -dM, /workspaces/cybr621-lab2-Memory-Safety-Validation/codeql-db/working/tmp//semmle_8_22464_853664]
[T 14:33:11 22487] trace_languages(1): [cpp]
[T 14:33:11 22489] Attempting to switch stdout/stderr to 7...
[T 14:33:11 22489] Initializing tracer.
[T 14:33:11 22489] Initializing tags.
[T 14:33:11 22489] ID set to 00000000000057D9_0000000000000001 (parent 00000000000057D7_0000000000000001)
[E 14:33:11 22489] Mimicry classification suppression detected; exiting.
[E 14:33:11 22489] Extractor exited successfully
[T 14:33:11 22487] Extractor /home/codespace/.local/share/gh/extensions/gh-codeql/dist/release/v2.27.1/cpp/tools/linux64/extractor terminated with exit code 0.
[T 14:33:11 22490] Initializing tracer.
[T 14:33:11 22490] Initializing tags.
[T 14:33:11 22490] ID set to 00000000000057DA_0000000000000001 (parent 00000000000057C0_0000000000000001)
[T 14:33:11 22490] ==== Candidate to intercept: /usr/libexec/gcc/x86_64-linux-gnu/13/cc1 (canonical: /usr/libexec/gcc/x86_64-linux-gnu/13/cc1) ====
[T 14:33:11 22490] Lua: === Intercepted call to /usr/libexec/gcc/x86_64-linux-gnu/13/cc1 ===
[T 14:33:11 22490] Executing the following tracer actions:
[T 14:33:11 22490] Tracer actions:
[T 14:33:11 22490] pre_invocations(0)
[T 14:33:11 22490] post_invocations(1)
[T 14:33:11 22490] invocation: /home/codespace/.local/share/gh/extensions/gh-codeql/dist/release/v2.27.1/cpp/tools/linux64/extractor, args: [--mimic, /usr/libexec/gcc/x86_64-linux-gnu/13/cc1, @/workspaces/cybr621-lab2-Memory-Safety-Validation/codeql-db/working/tmp//semmle_9_22464_876796, -o, /workspaces/cybr621-lab2-Memory-Safety-Validation/codeql-db/working/tmp//semmle_11_22464_877071.o, /workspaces/cybr621-lab2-Memory-Safety-Validation/codeql-db/working/tmp//semmle_10_22464_877020.c]
[T 14:33:11 22490] trace_languages(1): [cpp]
[T 14:33:11 22492] Attempting to switch stdout/stderr to 7...
[T 14:33:11 22492] Initializing tracer.
[T 14:33:11 22492] Initializing tags.
[T 14:33:11 22492] ID set to 00000000000057DC_0000000000000001 (parent 00000000000057DA_0000000000000001)
[E 14:33:11 22492] Mimicry classification suppression detected; exiting.
[E 14:33:11 22492] Extractor exited successfully
[T 14:33:11 22490] Extractor /home/codespace/.local/share/gh/extensions/gh-codeql/dist/release/v2.27.1/cpp/tools/linux64/extractor terminated with exit code 0.
[T 14:33:11 22493] Initializing tracer.
[T 14:33:11 22493] Initializing tags.
[T 14:33:11 22493] ID set to 00000000000057DD_0000000000000001 (parent 00000000000057C0_0000000000000001)
[T 14:33:11 22493] ==== Candidate to intercept: /usr/libexec/gcc/x86_64-linux-gnu/13/cc1 (canonical: /usr/libexec/gcc/x86_64-linux-gnu/13/cc1) ====
[T 14:33:11 22493] Lua: === Intercepted call to /usr/libexec/gcc/x86_64-linux-gnu/13/cc1 ===
[T 14:33:11 22493] Executing the following tracer actions:
[T 14:33:11 22493] Tracer actions:
[T 14:33:11 22493] pre_invocations(0)
[T 14:33:11 22493] post_invocations(1)
[T 14:33:11 22493] invocation: /home/codespace/.local/share/gh/extensions/gh-codeql/dist/release/v2.27.1/cpp/tools/linux64/extractor, args: [--mimic, /usr/libexec/gcc/x86_64-linux-gnu/13/cc1, @/workspaces/cybr621-lab2-Memory-Safety-Validation/codeql-db/working/tmp//semmle_9_22464_876796, -o, /workspaces/cybr621-lab2-Memory-Safety-Validation/codeql-db/working/tmp//semmle_13_22464_895052.o, /workspaces/cybr621-lab2-Memory-Safety-Validation/codeql-db/working/tmp//semmle_12_22464_895004.c]
[T 14:33:11 22493] trace_languages(1): [cpp]
[T 14:33:11 22495] Attempting to switch stdout/stderr to 7...
[T 14:33:11 22495] Initializing tracer.
[T 14:33:11 22495] Initializing tags.
[T 14:33:11 22495] ID set to 00000000000057DF_0000000000000001 (parent 00000000000057DD_0000000000000001)
[E 14:33:11 22495] Mimicry classification suppression detected; exiting.
[E 14:33:11 22495] Extractor exited successfully
[T 14:33:11 22493] Extractor /home/codespace/.local/share/gh/extensions/gh-codeql/dist/release/v2.27.1/cpp/tools/linux64/extractor terminated with exit code 0.
[T 14:33:11 22496] Initializing tracer.
[T 14:33:11 22496] Initializing tags.
[T 14:33:11 22496] ID set to 00000000000057E0_0000000000000001 (parent 00000000000057C0_0000000000000001)
[T 14:33:11 22496] ==== Candidate to intercept: /usr/libexec/gcc/x86_64-linux-gnu/13/cc1 (canonical: /usr/libexec/gcc/x86_64-linux-gnu/13/cc1) ====
[T 14:33:11 22496] Lua: === Intercepted call to /usr/libexec/gcc/x86_64-linux-gnu/13/cc1 ===
[T 14:33:11 22496] Executing the following tracer actions:
[T 14:33:11 22496] Tracer actions:
[T 14:33:11 22496] pre_invocations(0)
[T 14:33:11 22496] post_invocations(1)
[T 14:33:11 22496] invocation: /home/codespace/.local/share/gh/extensions/gh-codeql/dist/release/v2.27.1/cpp/tools/linux64/extractor, args: [--mimic, /usr/libexec/gcc/x86_64-linux-gnu/13/cc1, @/workspaces/cybr621-lab2-Memory-Safety-Validation/codeql-db/working/tmp//semmle_9_22464_876796, -o, /workspaces/cybr621-lab2-Memory-Safety-Validation/codeql-db/working/tmp//semmle_15_22464_923035.o, /workspaces/cybr621-lab2-Memory-Safety-Validation/codeql-db/working/tmp//semmle_14_22464_922986.c]
[T 14:33:11 22496] trace_languages(1): [cpp]
[T 14:33:11 22498] Attempting to switch stdout/stderr to 7...
[T 14:33:11 22498] Initializing tracer.
[T 14:33:11 22498] Initializing tags.
[T 14:33:11 22498] ID set to 00000000000057E2_0000000000000001 (parent 00000000000057E0_0000000000000001)
[E 14:33:11 22498] Mimicry classification suppression detected; exiting.
[E 14:33:11 22498] Extractor exited successfully
[T 14:33:11 22496] Extractor /home/codespace/.local/share/gh/extensions/gh-codeql/dist/release/v2.27.1/cpp/tools/linux64/extractor terminated with exit code 0.
[T 14:33:11 22499] Initializing tracer.
[T 14:33:11 22499] Initializing tags.
[T 14:33:11 22499] ID set to 00000000000057E3_0000000000000001 (parent 00000000000057C0_0000000000000001)
[T 14:33:11 22499] ==== Candidate to intercept: /usr/libexec/gcc/x86_64-linux-gnu/13/cc1 (canonical: /usr/libexec/gcc/x86_64-linux-gnu/13/cc1) ====
[T 14:33:11 22499] Lua: === Intercepted call to /usr/libexec/gcc/x86_64-linux-gnu/13/cc1 ===
[T 14:33:11 22499] Executing the following tracer actions:
[T 14:33:11 22499] Tracer actions:
[T 14:33:11 22499] pre_invocations(0)
[T 14:33:11 22499] post_invocations(1)
[T 14:33:11 22499] invocation: /home/codespace/.local/share/gh/extensions/gh-codeql/dist/release/v2.27.1/cpp/tools/linux64/extractor, args: [--mimic, /usr/libexec/gcc/x86_64-linux-gnu/13/cc1, @/workspaces/cybr621-lab2-Memory-Safety-Validation/codeql-db/working/tmp//semmle_9_22464_876796, -o, /workspaces/cybr621-lab2-Memory-Safety-Validation/codeql-db/working/tmp//semmle_17_22464_941472.o, /workspaces/cybr621-lab2-Memory-Safety-Validation/codeql-db/working/tmp//semmle_16_22464_941406.c]
[T 14:33:11 22499] trace_languages(1): [cpp]
[T 14:33:11 22501] Attempting to switch stdout/stderr to 7...
[T 14:33:11 22501] Initializing tracer.
[T 14:33:11 22501] Initializing tags.
[T 14:33:11 22501] ID set to 00000000000057E5_0000000000000001 (parent 00000000000057E3_0000000000000001)
[E 14:33:11 22501] Mimicry classification suppression detected; exiting.
[E 14:33:11 22501] Extractor exited successfully
[T 14:33:11 22499] Extractor /home/codespace/.local/share/gh/extensions/gh-codeql/dist/release/v2.27.1/cpp/tools/linux64/extractor terminated with exit code 0.
[T 14:33:11 22502] Initializing tracer.
[T 14:33:11 22502] Initializing tags.
[T 14:33:11 22502] ID set to 00000000000057E6_0000000000000001 (parent 00000000000057C0_0000000000000001)
[T 14:33:11 22502] ==== Candidate to intercept: /usr/libexec/gcc/x86_64-linux-gnu/13/cc1 (canonical: /usr/libexec/gcc/x86_64-linux-gnu/13/cc1) ====
[T 14:33:11 22502] Lua: === Intercepted call to /usr/libexec/gcc/x86_64-linux-gnu/13/cc1 ===
[T 14:33:11 22502] Executing the following tracer actions:
[T 14:33:11 22502] Tracer actions:
[T 14:33:11 22502] pre_invocations(0)
[T 14:33:11 22502] post_invocations(1)
[T 14:33:11 22502] invocation: /home/codespace/.local/share/gh/extensions/gh-codeql/dist/release/v2.27.1/cpp/tools/linux64/extractor, args: [--mimic, /usr/libexec/gcc/x86_64-linux-gnu/13/cc1, @/workspaces/cybr621-lab2-Memory-Safety-Validation/codeql-db/working/tmp//semmle_9_22464_876796, -o, /workspaces/cybr621-lab2-Memory-Safety-Validation/codeql-db/working/tmp//semmle_19_22464_964074.o, /workspaces/cybr621-lab2-Memory-Safety-Validation/codeql-db/working/tmp//semmle_18_22464_964025.c]
[T 14:33:11 22502] trace_languages(1): [cpp]
[T 14:33:11 22504] Attempting to switch stdout/stderr to 7...
[T 14:33:11 22504] Initializing tracer.
[T 14:33:11 22504] Initializing tags.
[T 14:33:11 22504] ID set to 00000000000057E8_0000000000000001 (parent 00000000000057E6_0000000000000001)
[E 14:33:11 22504] Mimicry classification suppression detected; exiting.
[E 14:33:11 22504] Extractor exited successfully
[T 14:33:11 22502] Extractor /home/codespace/.local/share/gh/extensions/gh-codeql/dist/release/v2.27.1/cpp/tools/linux64/extractor terminated with exit code 0.
[T 14:33:11 22505] Initializing tracer.
[T 14:33:11 22505] Initializing tags.
[T 14:33:11 22505] ID set to 00000000000057E9_0000000000000001 (parent 00000000000057C0_0000000000000001)
[T 14:33:11 22505] ==== Candidate to intercept: /usr/libexec/gcc/x86_64-linux-gnu/13/cc1 (canonical: /usr/libexec/gcc/x86_64-linux-gnu/13/cc1) ====
[T 14:33:11 22505] Lua: === Intercepted call to /usr/libexec/gcc/x86_64-linux-gnu/13/cc1 ===
[T 14:33:11 22505] Executing the following tracer actions:
[T 14:33:11 22505] Tracer actions:
[T 14:33:11 22505] pre_invocations(0)
[T 14:33:11 22505] post_invocations(1)
[T 14:33:11 22505] invocation: /home/codespace/.local/share/gh/extensions/gh-codeql/dist/release/v2.27.1/cpp/tools/linux64/extractor, args: [--mimic, /usr/libexec/gcc/x86_64-linux-gnu/13/cc1, @/workspaces/cybr621-lab2-Memory-Safety-Validation/codeql-db/working/tmp//semmle_9_22464_876796, -o, /workspaces/cybr621-lab2-Memory-Safety-Validation/codeql-db/working/tmp//semmle_21_22464_982759.o, /workspaces/cybr621-lab2-Memory-Safety-Validation/codeql-db/working/tmp//semmle_20_22464_982695.c]
[T 14:33:11 22505] trace_languages(1): [cpp]
[T 14:33:11 22507] Attempting to switch stdout/stderr to 7...
[T 14:33:11 22507] Initializing tracer.
[T 14:33:11 22507] Initializing tags.
[T 14:33:11 22507] ID set to 00000000000057EB_0000000000000001 (parent 00000000000057E9_0000000000000001)
[E 14:33:11 22507] Mimicry classification suppression detected; exiting.
[E 14:33:11 22507] Extractor exited successfully
[T 14:33:11 22505] Extractor /home/codespace/.local/share/gh/extensions/gh-codeql/dist/release/v2.27.1/cpp/tools/linux64/extractor terminated with exit code 0.
[E 14:33:12 22464] Processed command line: /home/codespace/.local/share/gh/extensions/gh-codeql/dist/release/v2.27.1/cpp/tools/linux64/extractor --trapfolder /workspaces/cybr621-lab2-Memory-Safety-Validation/codeql-db/trap/cpp --src_archive /workspaces/cybr621-lab2-Memory-Safety-Validation/codeql-db/src --object_filename /tmp/ccxt2TST.s --no_warnings_and_discretionary_errors --error_limit 1000 --disable_system_macros --variadic_macros --incognito --gcc --gnu_version 130300 --target linux_x86_64 '-D__DBL_MIN_EXP__=(-1021)' -D__UINT_LEAST16_MAX__=0xffff -D__FLT16_HAS_QUIET_NAN__=1 -D__ATOMIC_ACQUIRE=2 -D__FLT128_MAX_10_EXP__=4932 -D__FLT_MIN__=1.17549435082228750796873653722224568e-38F -D__GCC_IEC_559_COMPLEX=2 '-D__UINT_LEAST8_TYPE__=unsigned char' -D__SIZEOF_FLOAT80__=16 -D__BFLT16_DENORM_MIN__=9.18354961579912115600575419704879436e-41BF16 '-D__INTMAX_C(c)=c ## L' -D__CHAR_BIT__=8 -D__UINT8_MAX__=0xff -D__SCHAR_WIDTH__=8 -D__WINT_MAX__=0xffffffffU '-D__FLT32_MIN_EXP__=(-125)' -D__BFLT16_NORM_MAX__=3.38953138925153547590470800371487867e+38BF16 '-D__BFLT16_MIN_10_EXP__=(-37)' -D__ORDER_LITTLE_ENDIAN__=1234 -D__WCHAR_MAX__=0x7fffffff -D__GCC_HAVE_SYNC_COMPARE_AND_SWAP_2=1 -D__GCC_HAVE_SYNC_COMPARE_AND_SWAP_4=1 -D__GCC_HAVE_SYNC_COMPARE_AND_SWAP_8=1 -D__GCC_ATOMIC_CHAR_LOCK_FREE=2 -D__GCC_IEC_559=2 -D__FLT32X_DECIMAL_DIG__=17 -D__FLT_EVAL_METHOD__=0 -D__FLT64_DECIMAL_DIG__=17 -D__CET__=3 -D__GCC_ATOMIC_CHAR32_T_LOCK_FREE=2 -D__UINT_FAST64_MAX__=0xffffffffffffffffUL -D__SIG_ATOMIC_TYPE__=int '-D__DBL_MIN_10_EXP__=(-307)' -D__FINITE_MATH_ONLY__=0 -D__FLT32X_MAX_EXP__=1024 -D__GCC_HAVE_SYNC_COMPARE_AND_SWAP_1=1 -D__FLT32_HAS_DENORM__=1 -D__UINT_FAST8_MAX__=0xff -D__FLT32_MAX_10_EXP__=38 -D__DEC64_MAX_EXP__=385 '-D__INT8_C(c)=c' -D__INT_LEAST8_WIDTH__=8 -D__UINT_LEAST64_MAX__=0xffffffffffffffffUL -D__SHRT_MAX__=0x7fff -D__LDBL_MAX__=1.18973149535723176502126385303097021e+4932L -D__FLT64X_MAX_10_EXP__=4932 -D__BFLT16_MAX_10_EXP__=38 -D__BFLT16_MAX_EXP__=128 -D__LDBL_IS_IEC_60559__=1 -D__FLT64X_HAS_QUIET_NAN__=1 -D__UINT_LEAST8_MAX__=0xff -D__GCC_ATOMIC_BOOL_LOCK_FREE=2 -D__FLT128_DENORM_MIN__=6.47517511943802511092443895822764655e-4966F128 '-D__UINTMAX_TYPE__=long unsigned int' -D__BFLT16_DECIMAL_DIG__=4 -D__linux=1 -D__DEC32_EPSILON__=1E-6DF -D__FLT_EVAL_METHOD_TS_18661_3__=0 -D__UINT32_MAX__=0xffffffffU '-D__DBL_DENORM_MIN__=((double)4.94065645841246544176568792868221372e-324L)' '-D__FLT128_MIN_EXP__=(-16381)' -D__WINT_MIN__=0U '-D__FLT128_MIN_10_EXP__=(-4931)' -D__FLT32X_IS_IEC_60559__=1 -D__INT_LEAST16_WIDTH__=16 -D__SCHAR_MAX__=0x7f -D__FLT128_MANT_DIG__=113 '-D__WCHAR_MIN__=(-__WCHAR_MAX__ - 1)' '-D__INT64_C(c)=c ## L' -D__SSP_STRONG__=3 -D__GCC_ATOMIC_POINTER_LOCK_FREE=2 -D__ATOMIC_SEQ_CST=5 -D__unix=1 -D__INT_LEAST64_MAX__=0x7fffffffffffffffL -D__FLT32X_MANT_DIG__=53 -D__FLT64X_EPSILON__=1.08420217248550443400745280086994171e-19F64x '-D__DEC64_MIN_EXP__=(-382)' -D__DBL_DIG__=15 -D__FLT_EPSILON__=1.19209289550781250000000000000000000e-7F -D__SHRT_WIDTH__=16 -D__FLT32_IS_IEC_60559__=1 -D__LDBL_MIN__=3.36210314311209350626267781732175260e-4932L -D__STDC_UTF_16__=1 -D__DBL_IS_IEC_60559__=1 -D__DEC32_MAX__=9.999999E96DF -D__FLT64X_DENORM_MIN__=3.64519953188247460252840593361941982e-4951F64x -D__FLT32X_HAS_INFINITY__=1 -D__unix__=1 -D__INT_WIDTH__=32 -D__STDC_IEC_559__=1 -D__STDC_ISO_10646__=201706L -D__DECIMAL_DIG__=21 -D__STDC_IEC_559_COMPLEX__=1 -D__FLT64_EPSILON__=2.22044604925031308084726333618164062e-16F64 -D__gnu_linux__=1 -D__FLT128_IS_IEC_60559__=1 '-D__FLT64X_MIN_10_EXP__=(-4931)' -D__LDBL_HAS_QUIET_NAN__=1 '-D__FLT16_MIN_EXP__=(-13)' -D__FLT64_MANT_DIG__=53 -D__FLT64X_MANT_DIG__=64 -D__BFLT16_DIG__=2 -D__pie__=2 -D__MMX__=1 -D__FLT_HAS_DENORM__=1 -D__SIZEOF_LONG_DOUBLE__=16 -D__BIGGEST_ALIGNMENT__=16 -D__FLT64_MAX_10_EXP__=308 -D__BFLT16_IS_IEC_60559__=0 -D__FLT16_MAX_10_EXP__=4 '-D__DBL_MAX__=((double)1.79769313486231570814527423731704357e+308L)' -D__INT_FAST32_MAX__=0x7fffffffffffffffL -D__DBL_HAS_INFINITY__=1 -D__INT64_MAX__=0x7fffffffffffffffL -D__SIZEOF_FLOAT__=4 -D__HAVE_SPECULATION_SAFE_VALUE=1 '-D__DEC32_MIN_EXP__=(-94)' -D__INTPTR_WIDTH__=64 -D__UINT_LEAST32_MAX__=0xffffffffU -D__FLT32X_HAS_DENORM__=1 '-D__INT_FAST16_TYPE__=long int' -D__MMX_WITH_SSE__=1 -D__LDBL_HAS_DENORM__=1 -D__SEG_GS=1 -D__BFLT16_EPSILON__=7.81250000000000000000000000000000000e-3BF16 -D__FLT128_HAS_INFINITY__=1 -D__DEC32_MIN__=1E-95DF -D__DBL_MAX_EXP__=1024 -D__WCHAR_WIDTH__=32 -D__FLT32_MAX__=3.40282346638528859811704183484516925e+38F32 -D__DEC128_EPSILON__=1E-33DL -D__FLT16_DECIMAL_DIG__=5 -D__SSE2_MATH__=1 -D__ATOMIC_HLE_RELEASE=131072 -D__PTRDIFF_MAX__=0x7fffffffffffffffL -D__amd64=1 -D__ATOMIC_HLE_ACQUIRE=65536 -D__LONG_LONG_MAX__=0x7fffffffffffffffLL -D__SIZEOF_SIZE_T__=8 -D__BFLT16_HAS_INFINITY__=1 '-D__FLT64X_MIN_EXP__=(-16381)' -D__SIZEOF_WINT_T__=4 -D__LONG_LONG_WIDTH__=64 -D__FLT32_MAX_EXP__=128 -D__GXX_ABI_VERSION=1018 '-D__FLT_MIN_EXP__=(-125)' -D__GCC_HAVE_DWARF2_CFI_ASM=1 -D__INT16_MAX__=0x7fff -D__x86_64=1 '-D__INT_FAST64_TYPE__=long int' -D__BFLT16_MAX__=3.38953138925153547590470800371487867e+38BF16 -D__BFLT16_HAS_DENORM__=1 -D__FLT64_DENORM_MIN__=4.94065645841246544176568792868221372e-324F64 -D__FLT16_DENORM_MIN__=5.96046447753906250000000000000000000e-8F16 -D__FLT128_EPSILON__=1.92592994438723585305597794258492732e-34F128 -D__FLT64X_NORM_MAX__=1.18973149535723176502126385303097021e+4932F64x -D__SIZEOF_POINTER__=8 '-D__SIZE_TYPE__=long unsigned int' -D__LP64__=1 -D__DBL_HAS_QUIET_NAN__=1 -D__FLT32X_EPSILON__=2.22044604925031308084726333618164062e-16F32x -D__LDBL_MAX_EXP__=16384 -D__DECIMAL_BID_FORMAT__=1 '-D__FLT64_MIN_EXP__=(-1021)' '-D__FLT64_MIN_10_EXP__=(-307)' '-D__FLT16_MIN_10_EXP__=(-4)' -D__FLT64X_DECIMAL_DIG__=21 -D__DEC128_MIN__=1E-6143DL -D__REGISTER_PREFIX__= -D__UINT16_MAX__=0xffff -D__DBL_HAS_DENORM__=1 -D__FLT32_MIN__=1.17549435082228750796873653722224568e-38F32 '-D__UINT8_TYPE__=unsigned char' -D__FLT_DIG__=6 -D__NO_INLINE__=1 -D__DEC_EVAL_METHOD__=2 -D__FLT_MANT_DIG__=24 -D__LDBL_DECIMAL_DIG__=21 '-D__UINT64_C(c)=c ## UL' -D_STDC_PREDEF_H=1 -D__INT_LEAST32_MAX__=0x7fffffff -D__GCC_ATOMIC_INT_LOCK_FREE=2 -D__FLT128_MAX_EXP__=16384 -D__FLT32_MANT_DIG__=24 -D__FLOAT_WORD_ORDER__=__ORDER_LITTLE_ENDIAN__ '-D__FLT32X_MIN_EXP__=(-1021)' -D__STDC_IEC_60559_COMPLEX__=201404L -D__BFLT16_MIN__=1.17549435082228750796873653722224568e-38BF16 -D__FLT128_HAS_DENORM__=1 -D__FLT32_DECIMAL_DIG__=9 -D__FLT128_DIG__=33 '-D__INT32_C(c)=c' -D__DEC64_EPSILON__=1E-15DD -D__ORDER_PDP_ENDIAN__=3412 '-D__DEC128_MIN_EXP__=(-6142)' -D__DEC128_MAX__=9.999999999999999999999999999999999E6144DL '-D__INT_FAST32_TYPE__=long int' '-D__UINT_LEAST16_TYPE__=short unsigned int' -D__DEC128_MAX_EXP__=6145 -Dunix=1 -D__UINT64_MAX__=0xffffffffffffffffUL -D__FLT_IS_IEC_60559__=1 '-D__GNUC_WIDE_EXECUTION_CHARSET_NAME="UTF-32LE"' -D__FLT64X_DIG__=18 '-D__INT8_TYPE__=signed char' -D__ELF__=1 -D__GCC_ASM_FLAG_OUTPUTS__=1 '-D__UINT32_TYPE__=unsigned int' -D__BFLT16_HAS_QUIET_NAN__=1 -D__FLT_RADIX__=2 '-D__INT_LEAST16_TYPE__=short int' -D__LDBL_EPSILON__=1.08420217248550443400745280086994171e-19L '-D__UINTMAX_C(c)=c ## UL' -D__FLT16_DIG__=3 -D__SSE_MATH__=1 -D__k8=1 -D__FLT32X_MIN__=2.22507385850720138309023271733240406e-308F32x -D__SIG_ATOMIC_MAX__=0x7fffffff -D__GCC_ATOMIC_WCHAR_T_LOCK_FREE=2 -D__USER_LABEL_PREFIX__= -D__STDC_IEC_60559_BFP__=201404L -D__SIZEOF_PTRDIFF_T__=8 -D__FLT64X_HAS_INFINITY__=1 -D__FLT32_HAS_INFINITY__=1 -D__SIZEOF_LONG__=8 -D__LDBL_DIG__=18 -D__FLT64_IS_IEC_60559__=1 -D__x86_64__=1 -D__FLT16_IS_IEC_60559__=1 -D__FLT16_MAX_EXP__=16 -D__DEC32_SUBNORMAL_MIN__=0.000001E-95DF -D__INT_FAST16_MAX__=0x7fffffffffffffffL -D__GCC_CONSTRUCTIVE_SIZE=64 -D__FLT64_DIG__=15 -D__UINT_FAST32_MAX__=0xffffffffffffffffUL '-D__UINT_LEAST64_TYPE__=long unsigned int' -D__FLT16_EPSILON__=9.76562500000000000000000000000000000e-4F16 -D__FLT_HAS_QUIET_NAN__=1 -D__FLT_MAX_10_EXP__=38 -D__LONG_MAX__=0x7fffffffffffffffL -D__FLT64X_HAS_DENORM__=1 -D__DEC128_SUBNORMAL_MIN__=0.000000000000000000000000000000001E-6143DL -D__FLT_HAS_INFINITY__=1 '-D__GNUC_EXECUTION_CHARSET_NAME="UTF-8"' '-D__UINT_FAST16_TYPE__=long unsigned int' -D__DEC64_MAX__=9.999999999999999E384DD -D__INT_FAST32_WIDTH__=64 -D__PRAGMA_REDEFINE_EXTNAME=1 -D__SIZE_WIDTH__=64 -D__SEG_FS=1 -D__INT_LEAST16_MAX__=0x7fff -D__FLT16_NORM_MAX__=6.55040000000000000000000000000000000e+4F16 -D__DEC64_MANT_DIG__=16 -D__FLT32_DENORM_MIN__=1.40129846432481707092372958328991613e-45F32 -D__SIG_ATOMIC_WIDTH__=32 '-D__INT_LEAST64_TYPE__=long int' '-D__INT16_TYPE__=short int' '-D__INT_LEAST8_TYPE__=signed char' -D__FLT16_MAX__=6.55040000000000000000000000000000000e+4F16 -D__FLT128_MIN__=3.36210314311209350626267781732175260e-4932F128 -D__SIZEOF_INT__=4 -D__DEC32_MAX_EXP__=97 -D__INT_FAST8_MAX__=0x7f -D__FLT128_MAX__=1.18973149535723176508575932662800702e+4932F128 -D__INTPTR_MAX__=0x7fffffffffffffffL -Dlinux=1 -D__FLT64_HAS_QUIET_NAN__=1 '-D__FLT32_MIN_10_EXP__=(-37)' -D__FLT32X_DIG__=15 '-D__UINT16_C(c)=c' -D__PTRDIFF_WIDTH__=64 -D__LDBL_MANT_DIG__=64 -D__INT_FAST16_WIDTH__=64 -D__FLT64_HAS_INFINITY__=1 -D__FLT64X_MAX__=1.18973149535723176502126385303097021e+4932F64x -D__FLT16_HAS_INFINITY__=1 '-D__SIG_ATOMIC_MIN__=(-__SIG_ATOMIC_MAX__ - 1)' -D__code_model_small__=1 -D__GCC_ATOMIC_LONG_LOCK_FREE=2 -D__DEC32_MANT_DIG__=7 -D__FLT16_MANT_DIG__=11 -D__k8__=1 '-D__INTPTR_TYPE__=long int' '-D__UINT16_TYPE__=short unsigned int' -D__WCHAR_TYPE__=int -D__pic__=2 -D__UINTPTR_MAX__=0xffffffffffffffffUL -D__INT_FAST64_WIDTH__=64 -D__LDBL_HAS_INFINITY__=1 -D__INT_FAST64_MAX__=0x7fffffffffffffffL -D__GCC_ATOMIC_TEST_AND_SET_TRUEVAL=1 -D__FLT_NORM_MAX__=3.40282346638528859811704183484516925e+38F -D__FLT64X_MAX_EXP__=16384 '-D__UINT_FAST64_TYPE__=long unsigned int' '-D__BFLT16_MIN_EXP__=(-125)' -D__INT_MAX__=0x7fffffff -D__linux__=1 '-D__INT64_TYPE__=long int' -D__FLT_MAX_EXP__=128 -D__ORDER_BIG_ENDIAN__=4321 -D__DBL_MANT_DIG__=53 -D__SIZEOF_FLOAT128__=16 -D__BFLT16_MANT_DIG__=8 -D__GCC_ATOMIC_CHAR16_T_LOCK_FREE=2 -D__DEC64_MIN__=1E-383DD '-D__WINT_TYPE__=unsigned int' '-D__UINT_LEAST32_TYPE__=unsigned int' -D__SIZEOF_SHORT__=2 -D__FLT32_NORM_MAX__=3.40282346638528859811704183484516925e+38F32 -D__SSE__=1 '-D__LDBL_MIN_EXP__=(-16381)' -D__FLT64_MAX__=1.79769313486231570814527423731704357e+308F64 -D__amd64__=1 -D__WINT_WIDTH__=32 -D__INT_LEAST8_MAX__=0x7f -D__INT_LEAST64_WIDTH__=64 -D__FLT32X_MAX_10_EXP__=308 -D__SIZEOF_INT128__=16 -D__FLT16_MIN__=6.10351562500000000000000000000000000e-5F16 -D__FLT64X_IS_IEC_60559__=1 -D__LDBL_MAX_10_EXP__=4932 -D__ATOMIC_RELAXED=0 '-D__DBL_EPSILON__=((double)2.22044604925031308084726333618164062e-16L)' -D__INT_LEAST32_TYPE__=int -D_LP64=1 '-D__UINT8_C(c)=c' -D__FLT64_MAX_EXP__=1024 -D__SIZEOF_WCHAR_T__=4 '-D__UINT64_TYPE__=long unsigned int' -D__FLT128_NORM_MAX__=1.18973149535723176508575932662800702e+4932F128 -D__FLT64_NORM_MAX__=1.79769313486231570814527423731704357e+308F64 -D__FLT128_HAS_QUIET_NAN__=1 -D__INTMAX_MAX__=0x7fffffffffffffffL '-D__INT_FAST8_TYPE__=signed char' -D__FLT64X_MIN__=3.36210314311209350626267781732175260e-4932F64x -D__FLT64_HAS_DENORM__=1 -D__FLT32_EPSILON__=1.19209289550781250000000000000000000e-7F32 -D__FLT16_HAS_DENORM__=1 -D__DBL_DECIMAL_DIG__=17 -D__STDC_UTF_32__=1 -D__INT_FAST8_WIDTH__=8 -D__FXSR__=1 -D__FLT32X_MAX__=1.79769313486231570814527423731704357e+308F32x '-D__DBL_NORM_MAX__=((double)1.79769313486231570814527423731704357e+308L)' -D__BYTE_ORDER__=__ORDER_LITTLE_ENDIAN__ -D__GCC_DESTRUCTIVE_SIZE=64 -D__INTMAX_WIDTH__=64 -D__FLT32_DIG__=6 '-D__UINT32_C(c)=c ## U' -D__FLT_DENORM_MIN__=1.40129846432481707092372958328991613e-45F -D__INT8_MAX__=0x7f -D__LONG_WIDTH__=64 '-D__DBL_MIN__=((double)2.22507385850720138309023271733240406e-308L)' -D__PIC__=2 -D__INT32_MAX__=0x7fffffff '-D__UINT_FAST32_TYPE__=long unsigned int' -D__FLT32X_NORM_MAX__=1.79769313486231570814527423731704357e+308F32x -D__FLT_MAX__=3.40282346638528859811704183484516925e+38F -D__SSE2__=1 -D__INT32_TYPE__=int -D__SIZEOF_DOUBLE__=8 '-D__FLT_MIN_10_EXP__=(-37)' -D__FLT64_MIN__=2.22507385850720138309023271733240406e-308F64 -D__INT_LEAST32_WIDTH__=32 '-D__INTMAX_TYPE__=long int' -D__FLT32X_HAS_QUIET_NAN__=1 -D__ATOMIC_CONSUME=1 -D__UINTMAX_MAX__=0xffffffffffffffffUL -D__PIE__=2 -D__FLT32X_DENORM_MIN__=4.94065645841246544176568792868221372e-324F32x -D__DBL_MAX_10_EXP__=308 -D__LDBL_DENORM_MIN__=3.64519953188247460252840593361941982e-4951L '-D__INT16_C(c)=c' '-D__PTRDIFF_TYPE__=long int' '-D__FLT32X_MIN_10_EXP__=(-307)' '-D__UINTPTR_TYPE__=long unsigned int' -D__DEC64_SUBNORMAL_MIN__=0.000000000000001E-383DD -D__DEC128_MANT_DIG__=34 '-D__LDBL_MIN_10_EXP__=(-4931)' -D__SIZEOF_LONG_LONG__=8 -D__FLT128_DECIMAL_DIG__=36 -D__GCC_ATOMIC_LLONG_LOCK_FREE=2 -D__FLT32_HAS_QUIET_NAN__=1 -D__FLT_DECIMAL_DIG__=9 -D__UINT_FAST16_MAX__=0xffffffffffffffffUL -D__LDBL_NORM_MAX__=1.18973149535723176502126385303097021e+4932L -D__GCC_ATOMIC_SHORT_LOCK_FREE=2 -D__SIZE_MAX__=0xffffffffffffffffUL '-D__UINT_FAST8_TYPE__=unsigned char' -D__ATOMIC_ACQ_REL=4 -D__ATOMIC_RELEASE=3 -I/usr/lib/gcc/x86_64-linux-gnu/13/include -I/usr/local/include -I/usr/include/x86_64-linux-gnu -I/usr/include -- assistant1.c
[E 14:33:12 22464] CODEQL_EXTRACTOR_CPP_TRAP_CACHING is not set
[E 14:33:12 22464] CODEQL_EXTRACTOR_CPP_OPTION_TRAP_CACHE_WRITE is not set
[E 14:33:12 22464] CODEQL_EXTRACTOR_CPP_OPTION_TRAP_CACHE_DIR is not set
[E 14:33:12 22464] Initialising TRAP cache at path: 1d/85e6/e635c295bac4d8cf384863f23559
[E 14:33:12 22464] Not using TRAP cache
[E 14:33:12 22464] TRAP cache miss
[E 14:33:12 22464] Starting compilation TRAP /workspaces/cybr621-lab2-Memory-Safety-Validation/codeql-db/trap/cpp/compilations/56/20672603_0.trap.zst
[E 14:33:12 22464] Archiving /workspaces/cybr621-lab2-Memory-Safety-Validation/codeql-db/src/workspaces/cybr621-lab2-Memory-Safety-Validation/assistant1.c
[E 14:33:12 22464] Archiving /workspaces/cybr621-lab2-Memory-Safety-Validation/codeql-db/src/usr/include/stdio.h
[E 14:33:12 22464] Archiving /workspaces/cybr621-lab2-Memory-Safety-Validation/codeql-db/src/usr/include/x86_64-linux-gnu/bits/libc-header-start.h
[E 14:33:12 22464] Archiving /workspaces/cybr621-lab2-Memory-Safety-Validation/codeql-db/src/usr/include/features.h
[E 14:33:12 22464] Archiving /workspaces/cybr621-lab2-Memory-Safety-Validation/codeql-db/src/usr/include/features-time64.h
[E 14:33:12 22464] Archiving /workspaces/cybr621-lab2-Memory-Safety-Validation/codeql-db/src/usr/include/x86_64-linux-gnu/bits/wordsize.h
[E 14:33:12 22464] Archiving /workspaces/cybr621-lab2-Memory-Safety-Validation/codeql-db/src/usr/include/x86_64-linux-gnu/bits/timesize.h
[E 14:33:12 22464] Already archived /workspaces/cybr621-lab2-Memory-Safety-Validation/codeql-db/src/usr/include/x86_64-linux-gnu/bits/wordsize.h
[E 14:33:12 22464] Archiving /workspaces/cybr621-lab2-Memory-Safety-Validation/codeql-db/src/usr/include/stdc-predef.h
[E 14:33:12 22464] Archiving /workspaces/cybr621-lab2-Memory-Safety-Validation/codeql-db/src/usr/include/x86_64-linux-gnu/sys/cdefs.h
[E 14:33:12 22464] Already archived /workspaces/cybr621-lab2-Memory-Safety-Validation/codeql-db/src/usr/include/x86_64-linux-gnu/bits/wordsize.h
[E 14:33:12 22464] Archiving /workspaces/cybr621-lab2-Memory-Safety-Validation/codeql-db/src/usr/include/x86_64-linux-gnu/bits/long-double.h
[E 14:33:12 22464] Archiving /workspaces/cybr621-lab2-Memory-Safety-Validation/codeql-db/src/usr/include/x86_64-linux-gnu/gnu/stubs.h
[E 14:33:12 22464] Archiving /workspaces/cybr621-lab2-Memory-Safety-Validation/codeql-db/src/usr/include/x86_64-linux-gnu/gnu/stubs-64.h
[E 14:33:12 22464] Archiving /workspaces/cybr621-lab2-Memory-Safety-Validation/codeql-db/src/usr/lib/gcc/x86_64-linux-gnu/13/include/stddef.h
[E 14:33:12 22464] Archiving /workspaces/cybr621-lab2-Memory-Safety-Validation/codeql-db/src/usr/lib/gcc/x86_64-linux-gnu/13/include/stdarg.h
[E 14:33:12 22464] Archiving /workspaces/cybr621-lab2-Memory-Safety-Validation/codeql-db/src/usr/include/x86_64-linux-gnu/bits/types.h
[E 14:33:12 22464] Already archived /workspaces/cybr621-lab2-Memory-Safety-Validation/codeql-db/src/usr/include/x86_64-linux-gnu/bits/wordsize.h
[E 14:33:12 22464] Already archived /workspaces/cybr621-lab2-Memory-Safety-Validation/codeql-db/src/usr/include/x86_64-linux-gnu/bits/timesize.h
[E 14:33:12 22464] Already archived /workspaces/cybr621-lab2-Memory-Safety-Validation/codeql-db/src/usr/include/x86_64-linux-gnu/bits/wordsize.h
[E 14:33:12 22464] Archiving /workspaces/cybr621-lab2-Memory-Safety-Validation/codeql-db/src/usr/include/x86_64-linux-gnu/bits/typesizes.h
[E 14:33:12 22464] Archiving /workspaces/cybr621-lab2-Memory-Safety-Validation/codeql-db/src/usr/include/x86_64-linux-gnu/bits/time64.h
[E 14:33:12 22464] Archiving /workspaces/cybr621-lab2-Memory-Safety-Validation/codeql-db/src/usr/include/x86_64-linux-gnu/bits/types/__fpos_t.h
[E 14:33:12 22464] Archiving /workspaces/cybr621-lab2-Memory-Safety-Validation/codeql-db/src/usr/include/x86_64-linux-gnu/bits/types/__mbstate_t.h
[E 14:33:12 22464] Archiving /workspaces/cybr621-lab2-Memory-Safety-Validation/codeql-db/src/usr/include/x86_64-linux-gnu/bits/types/__fpos64_t.h
[E 14:33:12 22464] Archiving /workspaces/cybr621-lab2-Memory-Safety-Validation/codeql-db/src/usr/include/x86_64-linux-gnu/bits/types/__FILE.h
[E 14:33:12 22464] Archiving /workspaces/cybr621-lab2-Memory-Safety-Validation/codeql-db/src/usr/include/x86_64-linux-gnu/bits/types/FILE.h
[E 14:33:12 22464] Archiving /workspaces/cybr621-lab2-Memory-Safety-Validation/codeql-db/src/usr/include/x86_64-linux-gnu/bits/types/struct_FILE.h
[E 14:33:12 22464] Archiving /workspaces/cybr621-lab2-Memory-Safety-Validation/codeql-db/src/usr/include/x86_64-linux-gnu/bits/types/cookie_io_functions_t.h
[E 14:33:12 22464] Archiving /workspaces/cybr621-lab2-Memory-Safety-Validation/codeql-db/src/usr/include/x86_64-linux-gnu/bits/stdio_lim.h
[E 14:33:12 22464] Archiving /workspaces/cybr621-lab2-Memory-Safety-Validation/codeql-db/src/usr/include/x86_64-linux-gnu/bits/floatn.h
[E 14:33:12 22464] Archiving /workspaces/cybr621-lab2-Memory-Safety-Validation/codeql-db/src/usr/include/x86_64-linux-gnu/bits/floatn-common.h
[E 14:33:12 22464] Already archived /workspaces/cybr621-lab2-Memory-Safety-Validation/codeql-db/src/usr/include/x86_64-linux-gnu/bits/long-double.h
[E 14:33:12 22464] Archiving /workspaces/cybr621-lab2-Memory-Safety-Validation/codeql-db/src/usr/include/stdlib.h
[E 14:33:12 22464] Already archived /workspaces/cybr621-lab2-Memory-Safety-Validation/codeql-db/src/usr/include/x86_64-linux-gnu/bits/libc-header-start.h
[E 14:33:12 22464] Already archived /workspaces/cybr621-lab2-Memory-Safety-Validation/codeql-db/src/usr/lib/gcc/x86_64-linux-gnu/13/include/stddef.h
[E 14:33:12 22464] Archiving /workspaces/cybr621-lab2-Memory-Safety-Validation/codeql-db/src/usr/include/x86_64-linux-gnu/bits/waitflags.h
[E 14:33:12 22464] Archiving /workspaces/cybr621-lab2-Memory-Safety-Validation/codeql-db/src/usr/include/x86_64-linux-gnu/bits/waitstatus.h
[E 14:33:12 22464] Archiving /workspaces/cybr621-lab2-Memory-Safety-Validation/codeql-db/src/usr/include/x86_64-linux-gnu/sys/types.h
[E 14:33:12 22464] Archiving /workspaces/cybr621-lab2-Memory-Safety-Validation/codeql-db/src/usr/include/x86_64-linux-gnu/bits/types/clock_t.h
[E 14:33:12 22464] Archiving /workspaces/cybr621-lab2-Memory-Safety-Validation/codeql-db/src/usr/include/x86_64-linux-gnu/bits/types/clockid_t.h
[E 14:33:12 22464] Archiving /workspaces/cybr621-lab2-Memory-Safety-Validation/codeql-db/src/usr/include/x86_64-linux-gnu/bits/types/time_t.h
[E 14:33:12 22464] Archiving /workspaces/cybr621-lab2-Memory-Safety-Validation/codeql-db/src/usr/include/x86_64-linux-gnu/bits/types/timer_t.h
[E 14:33:12 22464] Already archived /workspaces/cybr621-lab2-Memory-Safety-Validation/codeql-db/src/usr/lib/gcc/x86_64-linux-gnu/13/include/stddef.h
[E 14:33:12 22464] Archiving /workspaces/cybr621-lab2-Memory-Safety-Validation/codeql-db/src/usr/include/x86_64-linux-gnu/bits/stdint-intn.h
[E 14:33:12 22464] Archiving /workspaces/cybr621-lab2-Memory-Safety-Validation/codeql-db/src/usr/include/endian.h
[E 14:33:12 22464] Archiving /workspaces/cybr621-lab2-Memory-Safety-Validation/codeql-db/src/usr/include/x86_64-linux-gnu/bits/endian.h
[E 14:33:12 22464] Archiving /workspaces/cybr621-lab2-Memory-Safety-Validation/codeql-db/src/usr/include/x86_64-linux-gnu/bits/endianness.h
[E 14:33:12 22464] Archiving /workspaces/cybr621-lab2-Memory-Safety-Validation/codeql-db/src/usr/include/x86_64-linux-gnu/bits/byteswap.h
[E 14:33:12 22464] Archiving /workspaces/cybr621-lab2-Memory-Safety-Validation/codeql-db/src/usr/include/x86_64-linux-gnu/bits/uintn-identity.h
[E 14:33:12 22464] Archiving /workspaces/cybr621-lab2-Memory-Safety-Validation/codeql-db/src/usr/include/x86_64-linux-gnu/sys/select.h
[E 14:33:12 22464] Archiving /workspaces/cybr621-lab2-Memory-Safety-Validation/codeql-db/src/usr/include/x86_64-linux-gnu/bits/select.h
[E 14:33:12 22464] Archiving /workspaces/cybr621-lab2-Memory-Safety-Validation/codeql-db/src/usr/include/x86_64-linux-gnu/bits/types/sigset_t.h
[E 14:33:12 22464] Archiving /workspaces/cybr621-lab2-Memory-Safety-Validation/codeql-db/src/usr/include/x86_64-linux-gnu/bits/types/__sigset_t.h
[E 14:33:12 22464] Archiving /workspaces/cybr621-lab2-Memory-Safety-Validation/codeql-db/src/usr/include/x86_64-linux-gnu/bits/types/struct_timeval.h
[E 14:33:12 22464] Archiving /workspaces/cybr621-lab2-Memory-Safety-Validation/codeql-db/src/usr/include/x86_64-linux-gnu/bits/types/struct_timespec.h
[E 14:33:12 22464] Archiving /workspaces/cybr621-lab2-Memory-Safety-Validation/codeql-db/src/usr/include/x86_64-linux-gnu/bits/pthreadtypes.h
[E 14:33:12 22464] Archiving /workspaces/cybr621-lab2-Memory-Safety-Validation/codeql-db/src/usr/include/x86_64-linux-gnu/bits/thread-shared-types.h
[E 14:33:12 22464] Archiving /workspaces/cybr621-lab2-Memory-Safety-Validation/codeql-db/src/usr/include/x86_64-linux-gnu/bits/pthreadtypes-arch.h
[E 14:33:12 22464] Already archived /workspaces/cybr621-lab2-Memory-Safety-Validation/codeql-db/src/usr/include/x86_64-linux-gnu/bits/wordsize.h
[E 14:33:12 22464] Archiving /workspaces/cybr621-lab2-Memory-Safety-Validation/codeql-db/src/usr/include/x86_64-linux-gnu/bits/atomic_wide_counter.h
[E 14:33:12 22464] Archiving /workspaces/cybr621-lab2-Memory-Safety-Validation/codeql-db/src/usr/include/x86_64-linux-gnu/bits/struct_mutex.h
[E 14:33:12 22464] Archiving /workspaces/cybr621-lab2-Memory-Safety-Validation/codeql-db/src/usr/include/x86_64-linux-gnu/bits/struct_rwlock.h
[E 14:33:12 22464] Archiving /workspaces/cybr621-lab2-Memory-Safety-Validation/codeql-db/src/usr/include/alloca.h
[E 14:33:12 22464] Already archived /workspaces/cybr621-lab2-Memory-Safety-Validation/codeql-db/src/usr/lib/gcc/x86_64-linux-gnu/13/include/stddef.h
[E 14:33:12 22464] Archiving /workspaces/cybr621-lab2-Memory-Safety-Validation/codeql-db/src/usr/include/x86_64-linux-gnu/bits/stdlib-float.h
[E 14:33:12 22464] Archiving /workspaces/cybr621-lab2-Memory-Safety-Validation/codeql-db/src/usr/include/string.h
[E 14:33:12 22464] Already archived /workspaces/cybr621-lab2-Memory-Safety-Validation/codeql-db/src/usr/include/x86_64-linux-gnu/bits/libc-header-start.h
[E 14:33:12 22464] Already archived /workspaces/cybr621-lab2-Memory-Safety-Validation/codeql-db/src/usr/lib/gcc/x86_64-linux-gnu/13/include/stddef.h
[E 14:33:12 22464] Archiving /workspaces/cybr621-lab2-Memory-Safety-Validation/codeql-db/src/usr/include/x86_64-linux-gnu/bits/types/locale_t.h
[E 14:33:12 22464] Archiving /workspaces/cybr621-lab2-Memory-Safety-Validation/codeql-db/src/usr/include/x86_64-linux-gnu/bits/types/__locale_t.h
[E 14:33:12 22464] Archiving /workspaces/cybr621-lab2-Memory-Safety-Validation/codeql-db/src/usr/include/strings.h
[E 14:33:12 22464] Already archived /workspaces/cybr621-lab2-Memory-Safety-Validation/codeql-db/src/usr/lib/gcc/x86_64-linux-gnu/13/include/stddef.h
[E 14:33:12 22464] Archiving /workspaces/cybr621-lab2-Memory-Safety-Validation/codeql-db/src/usr/include/time.h
[E 14:33:12 22464] Already archived /workspaces/cybr621-lab2-Memory-Safety-Validation/codeql-db/src/usr/lib/gcc/x86_64-linux-gnu/13/include/stddef.h
[E 14:33:12 22464] Archiving /workspaces/cybr621-lab2-Memory-Safety-Validation/codeql-db/src/usr/include/x86_64-linux-gnu/bits/time.h
[E 14:33:12 22464] Archiving /workspaces/cybr621-lab2-Memory-Safety-Validation/codeql-db/src/usr/include/x86_64-linux-gnu/bits/types/struct_tm.h
[E 14:33:12 22464] Archiving /workspaces/cybr621-lab2-Memory-Safety-Validation/codeql-db/src/usr/include/x86_64-linux-gnu/bits/types/struct_itimerspec.h
[E 14:33:12 22464] Archiving /workspaces/cybr621-lab2-Memory-Safety-Validation/codeql-db/src/usr/include/fcntl.h
[E 14:33:12 22464] Archiving /workspaces/cybr621-lab2-Memory-Safety-Validation/codeql-db/src/usr/include/x86_64-linux-gnu/bits/fcntl.h
[E 14:33:12 22464] Archiving /workspaces/cybr621-lab2-Memory-Safety-Validation/codeql-db/src/usr/include/x86_64-linux-gnu/bits/fcntl-linux.h
[E 14:33:12 22464] Archiving /workspaces/cybr621-lab2-Memory-Safety-Validation/codeql-db/src/usr/include/x86_64-linux-gnu/bits/stat.h
[E 14:33:12 22464] Archiving /workspaces/cybr621-lab2-Memory-Safety-Validation/codeql-db/src/usr/include/x86_64-linux-gnu/bits/struct_stat.h
[E 14:33:12 22464] Archiving /workspaces/cybr621-lab2-Memory-Safety-Validation/codeql-db/src/usr/include/x86_64-linux-gnu/sys/stat.h
[E 14:33:12 22464] Already archived /workspaces/cybr621-lab2-Memory-Safety-Validation/codeql-db/src/usr/include/x86_64-linux-gnu/bits/stat.h
[E 14:33:12 22464] Archiving /workspaces/cybr621-lab2-Memory-Safety-Validation/codeql-db/src/usr/include/unistd.h
[E 14:33:12 22464] Archiving /workspaces/cybr621-lab2-Memory-Safety-Validation/codeql-db/src/usr/include/x86_64-linux-gnu/bits/posix_opt.h
[E 14:33:12 22464] Archiving /workspaces/cybr621-lab2-Memory-Safety-Validation/codeql-db/src/usr/include/x86_64-linux-gnu/bits/environments.h
[E 14:33:12 22464] Already archived /workspaces/cybr621-lab2-Memory-Safety-Validation/codeql-db/src/usr/include/x86_64-linux-gnu/bits/wordsize.h
[E 14:33:12 22464] Already archived /workspaces/cybr621-lab2-Memory-Safety-Validation/codeql-db/src/usr/lib/gcc/x86_64-linux-gnu/13/include/stddef.h
[E 14:33:12 22464] Archiving /workspaces/cybr621-lab2-Memory-Safety-Validation/codeql-db/src/usr/include/x86_64-linux-gnu/bits/confname.h
[E 14:33:12 22464] Archiving /workspaces/cybr621-lab2-Memory-Safety-Validation/codeql-db/src/usr/include/x86_64-linux-gnu/bits/getopt_posix.h
[E 14:33:12 22464] Archiving /workspaces/cybr621-lab2-Memory-Safety-Validation/codeql-db/src/usr/include/x86_64-linux-gnu/bits/getopt_core.h
[E 14:33:12 22464] Archiving /workspaces/cybr621-lab2-Memory-Safety-Validation/codeql-db/src/usr/include/x86_64-linux-gnu/bits/unistd_ext.h
[E 14:33:12 22464] Creating trap tarball /workspaces/cybr621-lab2-Memory-Safety-Validation/codeql-db/trap/cpp/tarballs/workspaces/cybr621-lab2-Memory-Safety-Validation/assistant1.c.5a1183df_0.trap.tar.zst
[E 14:33:12 22464] Emitting trap files for assistant1.c
[E 14:33:12 22464] Opening existencedb in /workspaces/cybr621-lab2-Memory-Safety-Validation/codeql-db/working/existencedb/db
[E 14:33:12 22464] Wrote 87 files to /workspaces/cybr621-lab2-Memory-Safety-Validation/codeql-db/trap/cpp/tarballs/workspaces/cybr621-lab2-Memory-Safety-Validation/assistant1.c.5a1183df_0.trap.tar.zst
[E 14:33:12 22464] Finished compilation TRAP /workspaces/cybr621-lab2-Memory-Safety-Validation/codeql-db/trap/cpp/compilations/56/20672603_0.trap.zst
[E 14:33:12 22464] Marking C compilation as happened.
[E 14:33:12 22464] Setting tag c-compilation-happened
[E 14:33:12 22464] Starting from CODEQL_TRACER_DB_ID 00000000000057B1_0000000000000001
[E 14:33:12 22464] Locking DB /workspaces/cybr621-lab2-Memory-Safety-Validation/codeql-db/working/tags.db
[E 14:33:12 22464] Locked DB /workspaces/cybr621-lab2-Memory-Safety-Validation/codeql-db/working/tags.db
[E 14:33:12 22464] Set tag for 00000000000057B1_0000000000000001
[E 14:33:12 22464] Set tag for 00000000000057AD_0000000000000003
[E 14:33:12 22464] Set tag for 00000000000057AD_0000000000000002
[E 14:33:12 22464] Set tag for root
[E 14:33:12 22464] Unlocking DB
[E 14:33:12 22464] Unlocked DB
[E 14:33:12 22464] Time: 0.17 (CPU) 0.00 (elapsed)
[E 14:33:12 22464] Memory: 36.37 MiB (peak rss)
[E 14:33:12 22464] Extractor exited successfully
[T 14:33:12 22449] Extractor /home/codespace/.local/share/gh/extensions/gh-codeql/dist/release/v2.27.1/cpp/tools/linux64/extractor terminated with exit code 0.
[T 14:33:12 22509] Initializing tracer.
[T 14:33:12 22509] Initializing tags.
[T 14:33:12 22509] ID set to 00000000000057ED_0000000000000001 (parent 00000000000057AD_0000000000000003)
[T 14:33:12 22509] ==== Candidate to intercept: as (canonical: /usr/bin/as) ====
[T 14:33:12 22509] Lua: === Intercepted call to /usr/bin/as ===
[T 14:33:12 22509] Executing the following tracer actions:
[T 14:33:12 22509] Tracer actions:
[T 14:33:12 22509] pre_invocations(0)
[T 14:33:12 22509] post_invocations(1)
[T 14:33:12 22509] invocation: /home/codespace/.local/share/gh/extensions/gh-codeql/dist/release/v2.27.1/cpp/tools/linux64/extractor, args: [--assembler, --codeql-assembler-executable, /usr/bin/as, --64, -o, assistant1.o, /tmp/ccxt2TST.s]
[T 14:33:12 22509] trace_languages(1): [cpp]
[T 14:33:12 22511] Attempting to switch stdout/stderr to 4...
[T 14:33:12 22511] Initializing tracer.
[T 14:33:12 22511] Initializing tags.
[T 14:33:12 22511] ID set to 00000000000057EF_0000000000000001 (parent 00000000000057ED_0000000000000001)
[E 14:33:12 22511] CodeQL C/C++ Extractor 2.27.1
[E 14:33:12 22511] Current directory: /workspaces/cybr621-lab2-Memory-Safety-Validation
[E 14:33:12 22511] Command: /home/codespace/.local/share/gh/extensions/gh-codeql/dist/release/v2.27.1/cpp/tools/linux64/extractor --assembler --codeql-assembler-executable /usr/bin/as --64 -o assistant1.o /tmp/ccxt2TST.s
[E 14:33:12 22511] Extractor exited after mimicking assembler
[T 14:33:12 22509] Extractor /home/codespace/.local/share/gh/extensions/gh-codeql/dist/release/v2.27.1/cpp/tools/linux64/extractor terminated with exit code 0.
[T 14:33:12 22512] Initializing tracer.
[T 14:33:12 22512] Initializing tags.
[T 14:33:12 22512] ID set to 00000000000057F0_0000000000000001 (parent 00000000000057AD_0000000000000003)
[T 14:33:12 22512] ==== Candidate to intercept: /usr/libexec/gcc/x86_64-linux-gnu/13/cc1 (canonical: /usr/libexec/gcc/x86_64-linux-gnu/13/cc1) ====
[T 14:33:12 22512] Lua: === Intercepted call to /usr/libexec/gcc/x86_64-linux-gnu/13/cc1 ===
[T 14:33:12 22512] Executing the following tracer actions:
[T 14:33:12 22512] Tracer actions:
[T 14:33:12 22512] pre_invocations(0)
[T 14:33:12 22512] post_invocations(1)
[T 14:33:12 22512] invocation: /home/codespace/.local/share/gh/extensions/gh-codeql/dist/release/v2.27.1/cpp/tools/linux64/extractor, args: [--mimic, /usr/libexec/gcc/x86_64-linux-gnu/13/cc1, -quiet, -imultiarch, x86_64-linux-gnu, assistant2.c, -quiet, -dumpbase, assistant2.c, -dumpbase-ext, .c, -mtune=generic, -march=x86-64, -Wall, -Wextra, -Wpedantic, -fasynchronous-unwind-tables, -fstack-protector-strong, -Wformat-security, -fstack-clash-protection, -fcf-protection, -o, /tmp/ccxt2TST.s]
[T 14:33:12 22512] trace_languages(1): [cpp]
[T 14:33:12 22514] Attempting to switch stdout/stderr to 4...
[T 14:33:12 22514] Initializing tracer.
[T 14:33:12 22514] Initializing tags.
[T 14:33:12 22514] ID set to 00000000000057F2_0000000000000001 (parent 00000000000057F0_0000000000000001)
[E 14:33:12 22514] CodeQL C/C++ Extractor 2.27.1
[E 14:33:12 22514] Current directory: /workspaces/cybr621-lab2-Memory-Safety-Validation
[E 14:33:12 22514] Command: /home/codespace/.local/share/gh/extensions/gh-codeql/dist/release/v2.27.1/cpp/tools/linux64/extractor --mimic /usr/libexec/gcc/x86_64-linux-gnu/13/cc1 -quiet -imultiarch x86_64-linux-gnu assistant2.c -quiet -dumpbase assistant2.c -dumpbase-ext .c -mtune=generic -march=x86-64 -Wall -Wextra -Wpedantic -fasynchronous-unwind-tables -fstack-protector-strong -Wformat-security -fstack-clash-protection -fcf-protection -o /tmp/ccxt2TST.s
[E 14:33:12 22514] Checking whether C compilation already happened.
[E 14:33:12 22514] Checking for tag c-compilation-happened
[E 14:33:12 22514] Checking CODEQL_TRACER_DB_ID 00000000000057F0_0000000000000001
[E 14:33:12 22514] Locking DB /workspaces/cybr621-lab2-Memory-Safety-Validation/codeql-db/working/tags.db
[E 14:33:12 22514] Locked DB /workspaces/cybr621-lab2-Memory-Safety-Validation/codeql-db/working/tags.db
[E 14:33:12 22514] Unlocking DB
[E 14:33:12 22514] Unlocked DB
[E 14:33:12 22514] Looks like C compilation didn't already happen.
[E 14:33:12 22514] Checking whether C compilation has been attempted.
[E 14:33:12 22514] Checking for tag c-compilation-attempted
[E 14:33:12 22514] Checking CODEQL_TRACER_DB_ID 00000000000057F0_0000000000000001
[E 14:33:12 22514] Locking DB /workspaces/cybr621-lab2-Memory-Safety-Validation/codeql-db/working/tags.db
[E 14:33:12 22514] Locked DB /workspaces/cybr621-lab2-Memory-Safety-Validation/codeql-db/working/tags.db
[E 14:33:12 22514] Unlocking DB
[E 14:33:12 22514] Unlocked DB
[E 14:33:12 22514] Marking C compilation as attempted.
[E 14:33:12 22514] Setting tag c-compilation-attempted
[E 14:33:12 22514] Starting from CODEQL_TRACER_DB_ID 00000000000057F0_0000000000000001
[E 14:33:12 22514] Locking DB /workspaces/cybr621-lab2-Memory-Safety-Validation/codeql-db/working/tags.db
[E 14:33:12 22514] Locked DB /workspaces/cybr621-lab2-Memory-Safety-Validation/codeql-db/working/tags.db
[E 14:33:12 22514] Set tag for 00000000000057F0_0000000000000001
[E 14:33:12 22514] Set tag for 00000000000057AD_0000000000000003
[E 14:33:12 22514] Set tag for 00000000000057AD_0000000000000002
[E 14:33:12 22514] Set tag for root
[E 14:33:12 22514] Unlocking DB
[E 14:33:12 22514] Unlocked DB
[E 14:33:12 22514] Processed command line: /home/codespace/.local/share/gh/extensions/gh-codeql/dist/release/v2.27.1/cpp/tools/linux64/extractor --trapfolder /workspaces/cybr621-lab2-Memory-Safety-Validation/codeql-db/trap/cpp --src_archive /workspaces/cybr621-lab2-Memory-Safety-Validation/codeql-db/src --object_filename /tmp/ccxt2TST.s --no_warnings_and_discretionary_errors --error_limit 1000 --disable_system_macros --variadic_macros --incognito --gcc --gnu_version 130300 --target linux_x86_64 '-D__DBL_MIN_EXP__=(-1021)' -D__UINT_LEAST16_MAX__=0xffff -D__FLT16_HAS_QUIET_NAN__=1 -D__ATOMIC_ACQUIRE=2 -D__FLT128_MAX_10_EXP__=4932 -D__FLT_MIN__=1.17549435082228750796873653722224568e-38F -D__GCC_IEC_559_COMPLEX=2 '-D__UINT_LEAST8_TYPE__=unsigned char' -D__SIZEOF_FLOAT80__=16 -D__BFLT16_DENORM_MIN__=9.18354961579912115600575419704879436e-41BF16 '-D__INTMAX_C(c)=c ## L' -D__CHAR_BIT__=8 -D__UINT8_MAX__=0xff -D__SCHAR_WIDTH__=8 -D__WINT_MAX__=0xffffffffU '-D__FLT32_MIN_EXP__=(-125)' -D__BFLT16_NORM_MAX__=3.38953138925153547590470800371487867e+38BF16 '-D__BFLT16_MIN_10_EXP__=(-37)' -D__ORDER_LITTLE_ENDIAN__=1234 -D__WCHAR_MAX__=0x7fffffff -D__GCC_HAVE_SYNC_COMPARE_AND_SWAP_2=1 -D__GCC_HAVE_SYNC_COMPARE_AND_SWAP_4=1 -D__GCC_HAVE_SYNC_COMPARE_AND_SWAP_8=1 -D__GCC_ATOMIC_CHAR_LOCK_FREE=2 -D__GCC_IEC_559=2 -D__FLT32X_DECIMAL_DIG__=17 -D__FLT_EVAL_METHOD__=0 -D__FLT64_DECIMAL_DIG__=17 -D__CET__=3 -D__GCC_ATOMIC_CHAR32_T_LOCK_FREE=2 -D__UINT_FAST64_MAX__=0xffffffffffffffffUL -D__SIG_ATOMIC_TYPE__=int '-D__DBL_MIN_10_EXP__=(-307)' -D__FINITE_MATH_ONLY__=0 -D__FLT32X_MAX_EXP__=1024 -D__GCC_HAVE_SYNC_COMPARE_AND_SWAP_1=1 -D__FLT32_HAS_DENORM__=1 -D__UINT_FAST8_MAX__=0xff -D__FLT32_MAX_10_EXP__=38 -D__DEC64_MAX_EXP__=385 '-D__INT8_C(c)=c' -D__INT_LEAST8_WIDTH__=8 -D__UINT_LEAST64_MAX__=0xffffffffffffffffUL -D__SHRT_MAX__=0x7fff -D__LDBL_MAX__=1.18973149535723176502126385303097021e+4932L -D__FLT64X_MAX_10_EXP__=4932 -D__BFLT16_MAX_10_EXP__=38 -D__BFLT16_MAX_EXP__=128 -D__LDBL_IS_IEC_60559__=1 -D__FLT64X_HAS_QUIET_NAN__=1 -D__UINT_LEAST8_MAX__=0xff -D__GCC_ATOMIC_BOOL_LOCK_FREE=2 -D__FLT128_DENORM_MIN__=6.47517511943802511092443895822764655e-4966F128 '-D__UINTMAX_TYPE__=long unsigned int' -D__BFLT16_DECIMAL_DIG__=4 -D__linux=1 -D__DEC32_EPSILON__=1E-6DF -D__FLT_EVAL_METHOD_TS_18661_3__=0 -D__UINT32_MAX__=0xffffffffU '-D__DBL_DENORM_MIN__=((double)4.94065645841246544176568792868221372e-324L)' '-D__FLT128_MIN_EXP__=(-16381)' -D__WINT_MIN__=0U '-D__FLT128_MIN_10_EXP__=(-4931)' -D__FLT32X_IS_IEC_60559__=1 -D__INT_LEAST16_WIDTH__=16 -D__SCHAR_MAX__=0x7f -D__FLT128_MANT_DIG__=113 '-D__WCHAR_MIN__=(-__WCHAR_MAX__ - 1)' '-D__INT64_C(c)=c ## L' -D__SSP_STRONG__=3 -D__GCC_ATOMIC_POINTER_LOCK_FREE=2 -D__ATOMIC_SEQ_CST=5 -D__unix=1 -D__INT_LEAST64_MAX__=0x7fffffffffffffffL -D__FLT32X_MANT_DIG__=53 -D__FLT64X_EPSILON__=1.08420217248550443400745280086994171e-19F64x '-D__DEC64_MIN_EXP__=(-382)' -D__DBL_DIG__=15 -D__FLT_EPSILON__=1.19209289550781250000000000000000000e-7F -D__SHRT_WIDTH__=16 -D__FLT32_IS_IEC_60559__=1 -D__LDBL_MIN__=3.36210314311209350626267781732175260e-4932L -D__STDC_UTF_16__=1 -D__DBL_IS_IEC_60559__=1 -D__DEC32_MAX__=9.999999E96DF -D__FLT64X_DENORM_MIN__=3.64519953188247460252840593361941982e-4951F64x -D__FLT32X_HAS_INFINITY__=1 -D__unix__=1 -D__INT_WIDTH__=32 -D__STDC_IEC_559__=1 -D__STDC_ISO_10646__=201706L -D__DECIMAL_DIG__=21 -D__STDC_IEC_559_COMPLEX__=1 -D__FLT64_EPSILON__=2.22044604925031308084726333618164062e-16F64 -D__gnu_linux__=1 -D__FLT128_IS_IEC_60559__=1 '-D__FLT64X_MIN_10_EXP__=(-4931)' -D__LDBL_HAS_QUIET_NAN__=1 '-D__FLT16_MIN_EXP__=(-13)' -D__FLT64_MANT_DIG__=53 -D__FLT64X_MANT_DIG__=64 -D__BFLT16_DIG__=2 -D__pie__=2 -D__MMX__=1 -D__FLT_HAS_DENORM__=1 -D__SIZEOF_LONG_DOUBLE__=16 -D__BIGGEST_ALIGNMENT__=16 -D__FLT64_MAX_10_EXP__=308 -D__BFLT16_IS_IEC_60559__=0 -D__FLT16_MAX_10_EXP__=4 '-D__DBL_MAX__=((double)1.79769313486231570814527423731704357e+308L)' -D__INT_FAST32_MAX__=0x7fffffffffffffffL -D__DBL_HAS_INFINITY__=1 -D__INT64_MAX__=0x7fffffffffffffffL -D__SIZEOF_FLOAT__=4 -D__HAVE_SPECULATION_SAFE_VALUE=1 '-D__DEC32_MIN_EXP__=(-94)' -D__INTPTR_WIDTH__=64 -D__UINT_LEAST32_MAX__=0xffffffffU -D__FLT32X_HAS_DENORM__=1 '-D__INT_FAST16_TYPE__=long int' -D__MMX_WITH_SSE__=1 -D__LDBL_HAS_DENORM__=1 -D__SEG_GS=1 -D__BFLT16_EPSILON__=7.81250000000000000000000000000000000e-3BF16 -D__FLT128_HAS_INFINITY__=1 -D__DEC32_MIN__=1E-95DF -D__DBL_MAX_EXP__=1024 -D__WCHAR_WIDTH__=32 -D__FLT32_MAX__=3.40282346638528859811704183484516925e+38F32 -D__DEC128_EPSILON__=1E-33DL -D__FLT16_DECIMAL_DIG__=5 -D__SSE2_MATH__=1 -D__ATOMIC_HLE_RELEASE=131072 -D__PTRDIFF_MAX__=0x7fffffffffffffffL -D__amd64=1 -D__ATOMIC_HLE_ACQUIRE=65536 -D__LONG_LONG_MAX__=0x7fffffffffffffffLL -D__SIZEOF_SIZE_T__=8 -D__BFLT16_HAS_INFINITY__=1 '-D__FLT64X_MIN_EXP__=(-16381)' -D__SIZEOF_WINT_T__=4 -D__LONG_LONG_WIDTH__=64 -D__FLT32_MAX_EXP__=128 -D__GXX_ABI_VERSION=1018 '-D__FLT_MIN_EXP__=(-125)' -D__GCC_HAVE_DWARF2_CFI_ASM=1 -D__INT16_MAX__=0x7fff -D__x86_64=1 '-D__INT_FAST64_TYPE__=long int' -D__BFLT16_MAX__=3.38953138925153547590470800371487867e+38BF16 -D__BFLT16_HAS_DENORM__=1 -D__FLT64_DENORM_MIN__=4.94065645841246544176568792868221372e-324F64 -D__FLT16_DENORM_MIN__=5.96046447753906250000000000000000000e-8F16 -D__FLT128_EPSILON__=1.92592994438723585305597794258492732e-34F128 -D__FLT64X_NORM_MAX__=1.18973149535723176502126385303097021e+4932F64x -D__SIZEOF_POINTER__=8 '-D__SIZE_TYPE__=long unsigned int' -D__LP64__=1 -D__DBL_HAS_QUIET_NAN__=1 -D__FLT32X_EPSILON__=2.22044604925031308084726333618164062e-16F32x -D__LDBL_MAX_EXP__=16384 -D__DECIMAL_BID_FORMAT__=1 '-D__FLT64_MIN_EXP__=(-1021)' '-D__FLT64_MIN_10_EXP__=(-307)' '-D__FLT16_MIN_10_EXP__=(-4)' -D__FLT64X_DECIMAL_DIG__=21 -D__DEC128_MIN__=1E-6143DL -D__REGISTER_PREFIX__= -D__UINT16_MAX__=0xffff -D__DBL_HAS_DENORM__=1 -D__FLT32_MIN__=1.17549435082228750796873653722224568e-38F32 '-D__UINT8_TYPE__=unsigned char' -D__FLT_DIG__=6 -D__NO_INLINE__=1 -D__DEC_EVAL_METHOD__=2 -D__FLT_MANT_DIG__=24 -D__LDBL_DECIMAL_DIG__=21 '-D__UINT64_C(c)=c ## UL' -D_STDC_PREDEF_H=1 -D__INT_LEAST32_MAX__=0x7fffffff -D__GCC_ATOMIC_INT_LOCK_FREE=2 -D__FLT128_MAX_EXP__=16384 -D__FLT32_MANT_DIG__=24 -D__FLOAT_WORD_ORDER__=__ORDER_LITTLE_ENDIAN__ '-D__FLT32X_MIN_EXP__=(-1021)' -D__STDC_IEC_60559_COMPLEX__=201404L -D__BFLT16_MIN__=1.17549435082228750796873653722224568e-38BF16 -D__FLT128_HAS_DENORM__=1 -D__FLT32_DECIMAL_DIG__=9 -D__FLT128_DIG__=33 '-D__INT32_C(c)=c' -D__DEC64_EPSILON__=1E-15DD -D__ORDER_PDP_ENDIAN__=3412 '-D__DEC128_MIN_EXP__=(-6142)' -D__DEC128_MAX__=9.999999999999999999999999999999999E6144DL '-D__INT_FAST32_TYPE__=long int' '-D__UINT_LEAST16_TYPE__=short unsigned int' -D__DEC128_MAX_EXP__=6145 -Dunix=1 -D__UINT64_MAX__=0xffffffffffffffffUL -D__FLT_IS_IEC_60559__=1 '-D__GNUC_WIDE_EXECUTION_CHARSET_NAME="UTF-32LE"' -D__FLT64X_DIG__=18 '-D__INT8_TYPE__=signed char' -D__ELF__=1 -D__GCC_ASM_FLAG_OUTPUTS__=1 '-D__UINT32_TYPE__=unsigned int' -D__BFLT16_HAS_QUIET_NAN__=1 -D__FLT_RADIX__=2 '-D__INT_LEAST16_TYPE__=short int' -D__LDBL_EPSILON__=1.08420217248550443400745280086994171e-19L '-D__UINTMAX_C(c)=c ## UL' -D__FLT16_DIG__=3 -D__SSE_MATH__=1 -D__k8=1 -D__FLT32X_MIN__=2.22507385850720138309023271733240406e-308F32x -D__SIG_ATOMIC_MAX__=0x7fffffff -D__GCC_ATOMIC_WCHAR_T_LOCK_FREE=2 -D__USER_LABEL_PREFIX__= -D__STDC_IEC_60559_BFP__=201404L -D__SIZEOF_PTRDIFF_T__=8 -D__FLT64X_HAS_INFINITY__=1 -D__FLT32_HAS_INFINITY__=1 -D__SIZEOF_LONG__=8 -D__LDBL_DIG__=18 -D__FLT64_IS_IEC_60559__=1 -D__x86_64__=1 -D__FLT16_IS_IEC_60559__=1 -D__FLT16_MAX_EXP__=16 -D__DEC32_SUBNORMAL_MIN__=0.000001E-95DF -D__INT_FAST16_MAX__=0x7fffffffffffffffL -D__GCC_CONSTRUCTIVE_SIZE=64 -D__FLT64_DIG__=15 -D__UINT_FAST32_MAX__=0xffffffffffffffffUL '-D__UINT_LEAST64_TYPE__=long unsigned int' -D__FLT16_EPSILON__=9.76562500000000000000000000000000000e-4F16 -D__FLT_HAS_QUIET_NAN__=1 -D__FLT_MAX_10_EXP__=38 -D__LONG_MAX__=0x7fffffffffffffffL -D__FLT64X_HAS_DENORM__=1 -D__DEC128_SUBNORMAL_MIN__=0.000000000000000000000000000000001E-6143DL -D__FLT_HAS_INFINITY__=1 '-D__GNUC_EXECUTION_CHARSET_NAME="UTF-8"' '-D__UINT_FAST16_TYPE__=long unsigned int' -D__DEC64_MAX__=9.999999999999999E384DD -D__INT_FAST32_WIDTH__=64 -D__PRAGMA_REDEFINE_EXTNAME=1 -D__SIZE_WIDTH__=64 -D__SEG_FS=1 -D__INT_LEAST16_MAX__=0x7fff -D__FLT16_NORM_MAX__=6.55040000000000000000000000000000000e+4F16 -D__DEC64_MANT_DIG__=16 -D__FLT32_DENORM_MIN__=1.40129846432481707092372958328991613e-45F32 -D__SIG_ATOMIC_WIDTH__=32 '-D__INT_LEAST64_TYPE__=long int' '-D__INT16_TYPE__=short int' '-D__INT_LEAST8_TYPE__=signed char' -D__FLT16_MAX__=6.55040000000000000000000000000000000e+4F16 -D__FLT128_MIN__=3.36210314311209350626267781732175260e-4932F128 -D__SIZEOF_INT__=4 -D__DEC32_MAX_EXP__=97 -D__INT_FAST8_MAX__=0x7f -D__FLT128_MAX__=1.18973149535723176508575932662800702e+4932F128 -D__INTPTR_MAX__=0x7fffffffffffffffL -Dlinux=1 -D__FLT64_HAS_QUIET_NAN__=1 '-D__FLT32_MIN_10_EXP__=(-37)' -D__FLT32X_DIG__=15 '-D__UINT16_C(c)=c' -D__PTRDIFF_WIDTH__=64 -D__LDBL_MANT_DIG__=64 -D__INT_FAST16_WIDTH__=64 -D__FLT64_HAS_INFINITY__=1 -D__FLT64X_MAX__=1.18973149535723176502126385303097021e+4932F64x -D__FLT16_HAS_INFINITY__=1 '-D__SIG_ATOMIC_MIN__=(-__SIG_ATOMIC_MAX__ - 1)' -D__code_model_small__=1 -D__GCC_ATOMIC_LONG_LOCK_FREE=2 -D__DEC32_MANT_DIG__=7 -D__FLT16_MANT_DIG__=11 -D__k8__=1 '-D__INTPTR_TYPE__=long int' '-D__UINT16_TYPE__=short unsigned int' -D__WCHAR_TYPE__=int -D__pic__=2 -D__UINTPTR_MAX__=0xffffffffffffffffUL -D__INT_FAST64_WIDTH__=64 -D__LDBL_HAS_INFINITY__=1 -D__INT_FAST64_MAX__=0x7fffffffffffffffL -D__GCC_ATOMIC_TEST_AND_SET_TRUEVAL=1 -D__FLT_NORM_MAX__=3.40282346638528859811704183484516925e+38F -D__FLT64X_MAX_EXP__=16384 '-D__UINT_FAST64_TYPE__=long unsigned int' '-D__BFLT16_MIN_EXP__=(-125)' -D__INT_MAX__=0x7fffffff -D__linux__=1 '-D__INT64_TYPE__=long int' -D__FLT_MAX_EXP__=128 -D__ORDER_BIG_ENDIAN__=4321 -D__DBL_MANT_DIG__=53 -D__SIZEOF_FLOAT128__=16 -D__BFLT16_MANT_DIG__=8 -D__GCC_ATOMIC_CHAR16_T_LOCK_FREE=2 -D__DEC64_MIN__=1E-383DD '-D__WINT_TYPE__=unsigned int' '-D__UINT_LEAST32_TYPE__=unsigned int' -D__SIZEOF_SHORT__=2 -D__FLT32_NORM_MAX__=3.40282346638528859811704183484516925e+38F32 -D__SSE__=1 '-D__LDBL_MIN_EXP__=(-16381)' -D__FLT64_MAX__=1.79769313486231570814527423731704357e+308F64 -D__amd64__=1 -D__WINT_WIDTH__=32 -D__INT_LEAST8_MAX__=0x7f -D__INT_LEAST64_WIDTH__=64 -D__FLT32X_MAX_10_EXP__=308 -D__SIZEOF_INT128__=16 -D__FLT16_MIN__=6.10351562500000000000000000000000000e-5F16 -D__FLT64X_IS_IEC_60559__=1 -D__LDBL_MAX_10_EXP__=4932 -D__ATOMIC_RELAXED=0 '-D__DBL_EPSILON__=((double)2.22044604925031308084726333618164062e-16L)' -D__INT_LEAST32_TYPE__=int -D_LP64=1 '-D__UINT8_C(c)=c' -D__FLT64_MAX_EXP__=1024 -D__SIZEOF_WCHAR_T__=4 '-D__UINT64_TYPE__=long unsigned int' -D__FLT128_NORM_MAX__=1.18973149535723176508575932662800702e+4932F128 -D__FLT64_NORM_MAX__=1.79769313486231570814527423731704357e+308F64 -D__FLT128_HAS_QUIET_NAN__=1 -D__INTMAX_MAX__=0x7fffffffffffffffL '-D__INT_FAST8_TYPE__=signed char' -D__FLT64X_MIN__=3.36210314311209350626267781732175260e-4932F64x -D__FLT64_HAS_DENORM__=1 -D__FLT32_EPSILON__=1.19209289550781250000000000000000000e-7F32 -D__FLT16_HAS_DENORM__=1 -D__DBL_DECIMAL_DIG__=17 -D__STDC_UTF_32__=1 -D__INT_FAST8_WIDTH__=8 -D__FXSR__=1 -D__FLT32X_MAX__=1.79769313486231570814527423731704357e+308F32x '-D__DBL_NORM_MAX__=((double)1.79769313486231570814527423731704357e+308L)' -D__BYTE_ORDER__=__ORDER_LITTLE_ENDIAN__ -D__GCC_DESTRUCTIVE_SIZE=64 -D__INTMAX_WIDTH__=64 -D__FLT32_DIG__=6 '-D__UINT32_C(c)=c ## U' -D__FLT_DENORM_MIN__=1.40129846432481707092372958328991613e-45F -D__INT8_MAX__=0x7f -D__LONG_WIDTH__=64 '-D__DBL_MIN__=((double)2.22507385850720138309023271733240406e-308L)' -D__PIC__=2 -D__INT32_MAX__=0x7fffffff '-D__UINT_FAST32_TYPE__=long unsigned int' -D__FLT32X_NORM_MAX__=1.79769313486231570814527423731704357e+308F32x -D__FLT_MAX__=3.40282346638528859811704183484516925e+38F -D__SSE2__=1 -D__INT32_TYPE__=int -D__SIZEOF_DOUBLE__=8 '-D__FLT_MIN_10_EXP__=(-37)' -D__FLT64_MIN__=2.22507385850720138309023271733240406e-308F64 -D__INT_LEAST32_WIDTH__=32 '-D__INTMAX_TYPE__=long int' -D__FLT32X_HAS_QUIET_NAN__=1 -D__ATOMIC_CONSUME=1 -D__UINTMAX_MAX__=0xffffffffffffffffUL -D__PIE__=2 -D__FLT32X_DENORM_MIN__=4.94065645841246544176568792868221372e-324F32x -D__DBL_MAX_10_EXP__=308 -D__LDBL_DENORM_MIN__=3.64519953188247460252840593361941982e-4951L '-D__INT16_C(c)=c' '-D__PTRDIFF_TYPE__=long int' '-D__FLT32X_MIN_10_EXP__=(-307)' '-D__UINTPTR_TYPE__=long unsigned int' -D__DEC64_SUBNORMAL_MIN__=0.000000000000001E-383DD -D__DEC128_MANT_DIG__=34 '-D__LDBL_MIN_10_EXP__=(-4931)' -D__SIZEOF_LONG_LONG__=8 -D__FLT128_DECIMAL_DIG__=36 -D__GCC_ATOMIC_LLONG_LOCK_FREE=2 -D__FLT32_HAS_QUIET_NAN__=1 -D__FLT_DECIMAL_DIG__=9 -D__UINT_FAST16_MAX__=0xffffffffffffffffUL -D__LDBL_NORM_MAX__=1.18973149535723176502126385303097021e+4932L -D__GCC_ATOMIC_SHORT_LOCK_FREE=2 -D__SIZE_MAX__=0xffffffffffffffffUL '-D__UINT_FAST8_TYPE__=unsigned char' -D__ATOMIC_ACQ_REL=4 -D__ATOMIC_RELEASE=3 -I/usr/lib/gcc/x86_64-linux-gnu/13/include -I/usr/local/include -I/usr/include/x86_64-linux-gnu -I/usr/include -- assistant2.c
[E 14:33:12 22514] CODEQL_EXTRACTOR_CPP_TRAP_CACHING is not set
[E 14:33:12 22514] CODEQL_EXTRACTOR_CPP_OPTION_TRAP_CACHE_WRITE is not set
[E 14:33:12 22514] CODEQL_EXTRACTOR_CPP_OPTION_TRAP_CACHE_DIR is not set
[E 14:33:12 22514] Initialising TRAP cache at path: 33/fa9f/9f90b6ab5354591c34fdd7861023
[E 14:33:12 22514] Not using TRAP cache
[E 14:33:12 22514] TRAP cache miss
[E 14:33:12 22514] Starting compilation TRAP /workspaces/cybr621-lab2-Memory-Safety-Validation/codeql-db/trap/cpp/compilations/56/35967243_0.trap.zst
[E 14:33:12 22514] Archiving /workspaces/cybr621-lab2-Memory-Safety-Validation/codeql-db/src/workspaces/cybr621-lab2-Memory-Safety-Validation/assistant2.c
[E 14:33:12 22514] Archiving /workspaces/cybr621-lab2-Memory-Safety-Validation/codeql-db/src/usr/include/errno.h
[E 14:33:12 22514] Already archived /workspaces/cybr621-lab2-Memory-Safety-Validation/codeql-db/src/usr/include/features.h
[E 14:33:12 22514] Already archived /workspaces/cybr621-lab2-Memory-Safety-Validation/codeql-db/src/usr/include/features-time64.h
[E 14:33:12 22514] Already archived /workspaces/cybr621-lab2-Memory-Safety-Validation/codeql-db/src/usr/include/x86_64-linux-gnu/bits/wordsize.h
[E 14:33:12 22514] Already archived /workspaces/cybr621-lab2-Memory-Safety-Validation/codeql-db/src/usr/include/x86_64-linux-gnu/bits/timesize.h
[E 14:33:12 22514] Already archived /workspaces/cybr621-lab2-Memory-Safety-Validation/codeql-db/src/usr/include/x86_64-linux-gnu/bits/wordsize.h
[E 14:33:12 22514] Already archived /workspaces/cybr621-lab2-Memory-Safety-Validation/codeql-db/src/usr/include/stdc-predef.h
[E 14:33:12 22514] Already archived /workspaces/cybr621-lab2-Memory-Safety-Validation/codeql-db/src/usr/include/x86_64-linux-gnu/sys/cdefs.h
[E 14:33:12 22514] Already archived /workspaces/cybr621-lab2-Memory-Safety-Validation/codeql-db/src/usr/include/x86_64-linux-gnu/bits/wordsize.h
[E 14:33:12 22514] Already archived /workspaces/cybr621-lab2-Memory-Safety-Validation/codeql-db/src/usr/include/x86_64-linux-gnu/bits/long-double.h
[E 14:33:12 22514] Already archived /workspaces/cybr621-lab2-Memory-Safety-Validation/codeql-db/src/usr/include/x86_64-linux-gnu/gnu/stubs.h
[E 14:33:12 22514] Already archived /workspaces/cybr621-lab2-Memory-Safety-Validation/codeql-db/src/usr/include/x86_64-linux-gnu/gnu/stubs-64.h
[E 14:33:12 22514] Archiving /workspaces/cybr621-lab2-Memory-Safety-Validation/codeql-db/src/usr/include/x86_64-linux-gnu/bits/errno.h
[E 14:33:12 22514] Archiving /workspaces/cybr621-lab2-Memory-Safety-Validation/codeql-db/src/usr/include/linux/errno.h
[E 14:33:12 22514] Archiving /workspaces/cybr621-lab2-Memory-Safety-Validation/codeql-db/src/usr/include/x86_64-linux-gnu/asm/errno.h
[E 14:33:12 22514] Archiving /workspaces/cybr621-lab2-Memory-Safety-Validation/codeql-db/src/usr/include/asm-generic/errno.h
[E 14:33:12 22514] Archiving /workspaces/cybr621-lab2-Memory-Safety-Validation/codeql-db/src/usr/include/asm-generic/errno-base.h
[E 14:33:12 22514] Archiving /workspaces/cybr621-lab2-Memory-Safety-Validation/codeql-db/src/usr/include/x86_64-linux-gnu/bits/types/error_t.h
[E 14:33:12 22514] Already archived /workspaces/cybr621-lab2-Memory-Safety-Validation/codeql-db/src/usr/include/fcntl.h
[E 14:33:12 22514] Already archived /workspaces/cybr621-lab2-Memory-Safety-Validation/codeql-db/src/usr/include/x86_64-linux-gnu/bits/types.h
[E 14:33:12 22514] Already archived /workspaces/cybr621-lab2-Memory-Safety-Validation/codeql-db/src/usr/include/x86_64-linux-gnu/bits/wordsize.h
[E 14:33:12 22514] Already archived /workspaces/cybr621-lab2-Memory-Safety-Validation/codeql-db/src/usr/include/x86_64-linux-gnu/bits/timesize.h
[E 14:33:12 22514] Already archived /workspaces/cybr621-lab2-Memory-Safety-Validation/codeql-db/src/usr/include/x86_64-linux-gnu/bits/wordsize.h
[E 14:33:12 22514] Already archived /workspaces/cybr621-lab2-Memory-Safety-Validation/codeql-db/src/usr/include/x86_64-linux-gnu/bits/typesizes.h
[E 14:33:12 22514] Already archived /workspaces/cybr621-lab2-Memory-Safety-Validation/codeql-db/src/usr/include/x86_64-linux-gnu/bits/time64.h
[E 14:33:12 22514] Already archived /workspaces/cybr621-lab2-Memory-Safety-Validation/codeql-db/src/usr/include/x86_64-linux-gnu/bits/fcntl.h
[E 14:33:12 22514] Already archived /workspaces/cybr621-lab2-Memory-Safety-Validation/codeql-db/src/usr/include/x86_64-linux-gnu/bits/fcntl-linux.h
[E 14:33:12 22514] Archiving /workspaces/cybr621-lab2-Memory-Safety-Validation/codeql-db/src/usr/include/x86_64-linux-gnu/bits/types/struct_iovec.h
[E 14:33:12 22514] Already archived /workspaces/cybr621-lab2-Memory-Safety-Validation/codeql-db/src/usr/lib/gcc/x86_64-linux-gnu/13/include/stddef.h
[E 14:33:12 22514] Archiving /workspaces/cybr621-lab2-Memory-Safety-Validation/codeql-db/src/usr/include/linux/falloc.h
[E 14:33:12 22514] Already archived /workspaces/cybr621-lab2-Memory-Safety-Validation/codeql-db/src/usr/include/x86_64-linux-gnu/bits/types/struct_timespec.h
[E 14:33:12 22514] Already archived /workspaces/cybr621-lab2-Memory-Safety-Validation/codeql-db/src/usr/include/x86_64-linux-gnu/bits/endian.h
[E 14:33:12 22514] Already archived /workspaces/cybr621-lab2-Memory-Safety-Validation/codeql-db/src/usr/include/x86_64-linux-gnu/bits/endianness.h
[E 14:33:12 22514] Already archived /workspaces/cybr621-lab2-Memory-Safety-Validation/codeql-db/src/usr/include/x86_64-linux-gnu/bits/types/time_t.h
[E 14:33:12 22514] Already archived /workspaces/cybr621-lab2-Memory-Safety-Validation/codeql-db/src/usr/include/x86_64-linux-gnu/bits/stat.h
[E 14:33:12 22514] Already archived /workspaces/cybr621-lab2-Memory-Safety-Validation/codeql-db/src/usr/include/x86_64-linux-gnu/bits/struct_stat.h
[E 14:33:12 22514] Already archived /workspaces/cybr621-lab2-Memory-Safety-Validation/codeql-db/src/usr/include/stdio.h
[E 14:33:12 22514] Already archived /workspaces/cybr621-lab2-Memory-Safety-Validation/codeql-db/src/usr/include/x86_64-linux-gnu/bits/libc-header-start.h
[E 14:33:12 22514] Already archived /workspaces/cybr621-lab2-Memory-Safety-Validation/codeql-db/src/usr/lib/gcc/x86_64-linux-gnu/13/include/stddef.h
[E 14:33:12 22514] Already archived /workspaces/cybr621-lab2-Memory-Safety-Validation/codeql-db/src/usr/lib/gcc/x86_64-linux-gnu/13/include/stdarg.h
[E 14:33:12 22514] Already archived /workspaces/cybr621-lab2-Memory-Safety-Validation/codeql-db/src/usr/include/x86_64-linux-gnu/bits/types/__fpos_t.h
[E 14:33:12 22514] Already archived /workspaces/cybr621-lab2-Memory-Safety-Validation/codeql-db/src/usr/include/x86_64-linux-gnu/bits/types/__mbstate_t.h
[E 14:33:12 22514] Already archived /workspaces/cybr621-lab2-Memory-Safety-Validation/codeql-db/src/usr/include/x86_64-linux-gnu/bits/types/__fpos64_t.h
[E 14:33:12 22514] Already archived /workspaces/cybr621-lab2-Memory-Safety-Validation/codeql-db/src/usr/include/x86_64-linux-gnu/bits/types/__FILE.h
[E 14:33:12 22514] Already archived /workspaces/cybr621-lab2-Memory-Safety-Validation/codeql-db/src/usr/include/x86_64-linux-gnu/bits/types/FILE.h
[E 14:33:12 22514] Already archived /workspaces/cybr621-lab2-Memory-Safety-Validation/codeql-db/src/usr/include/x86_64-linux-gnu/bits/types/struct_FILE.h
[E 14:33:12 22514] Already archived /workspaces/cybr621-lab2-Memory-Safety-Validation/codeql-db/src/usr/include/x86_64-linux-gnu/bits/types/cookie_io_functions_t.h
[E 14:33:12 22514] Already archived /workspaces/cybr621-lab2-Memory-Safety-Validation/codeql-db/src/usr/include/x86_64-linux-gnu/bits/stdio_lim.h
[E 14:33:12 22514] Already archived /workspaces/cybr621-lab2-Memory-Safety-Validation/codeql-db/src/usr/include/x86_64-linux-gnu/bits/floatn.h
[E 14:33:12 22514] Already archived /workspaces/cybr621-lab2-Memory-Safety-Validation/codeql-db/src/usr/include/x86_64-linux-gnu/bits/floatn-common.h
[E 14:33:12 22514] Already archived /workspaces/cybr621-lab2-Memory-Safety-Validation/codeql-db/src/usr/include/x86_64-linux-gnu/bits/long-double.h
[E 14:33:12 22514] Already archived /workspaces/cybr621-lab2-Memory-Safety-Validation/codeql-db/src/usr/include/stdlib.h
[E 14:33:12 22514] Already archived /workspaces/cybr621-lab2-Memory-Safety-Validation/codeql-db/src/usr/include/x86_64-linux-gnu/bits/libc-header-start.h
[E 14:33:12 22514] Already archived /workspaces/cybr621-lab2-Memory-Safety-Validation/codeql-db/src/usr/lib/gcc/x86_64-linux-gnu/13/include/stddef.h
[E 14:33:12 22514] Already archived /workspaces/cybr621-lab2-Memory-Safety-Validation/codeql-db/src/usr/include/x86_64-linux-gnu/bits/waitflags.h
[E 14:33:12 22514] Already archived /workspaces/cybr621-lab2-Memory-Safety-Validation/codeql-db/src/usr/include/x86_64-linux-gnu/bits/waitstatus.h
[E 14:33:12 22514] Already archived /workspaces/cybr621-lab2-Memory-Safety-Validation/codeql-db/src/usr/include/x86_64-linux-gnu/bits/types/locale_t.h
[E 14:33:12 22514] Already archived /workspaces/cybr621-lab2-Memory-Safety-Validation/codeql-db/src/usr/include/x86_64-linux-gnu/bits/types/__locale_t.h
[E 14:33:12 22514] Already archived /workspaces/cybr621-lab2-Memory-Safety-Validation/codeql-db/src/usr/include/x86_64-linux-gnu/sys/types.h
[E 14:33:12 22514] Already archived /workspaces/cybr621-lab2-Memory-Safety-Validation/codeql-db/src/usr/include/x86_64-linux-gnu/bits/types/clock_t.h
[E 14:33:12 22514] Already archived /workspaces/cybr621-lab2-Memory-Safety-Validation/codeql-db/src/usr/include/x86_64-linux-gnu/bits/types/clockid_t.h
[E 14:33:12 22514] Already archived /workspaces/cybr621-lab2-Memory-Safety-Validation/codeql-db/src/usr/include/x86_64-linux-gnu/bits/types/timer_t.h
[E 14:33:12 22514] Already archived /workspaces/cybr621-lab2-Memory-Safety-Validation/codeql-db/src/usr/lib/gcc/x86_64-linux-gnu/13/include/stddef.h
[E 14:33:12 22514] Already archived /workspaces/cybr621-lab2-Memory-Safety-Validation/codeql-db/src/usr/include/x86_64-linux-gnu/bits/stdint-intn.h
[E 14:33:12 22514] Already archived /workspaces/cybr621-lab2-Memory-Safety-Validation/codeql-db/src/usr/include/endian.h
[E 14:33:12 22514] Already archived /workspaces/cybr621-lab2-Memory-Safety-Validation/codeql-db/src/usr/include/x86_64-linux-gnu/bits/byteswap.h
[E 14:33:12 22514] Already archived /workspaces/cybr621-lab2-Memory-Safety-Validation/codeql-db/src/usr/include/x86_64-linux-gnu/bits/uintn-identity.h
[E 14:33:12 22514] Already archived /workspaces/cybr621-lab2-Memory-Safety-Validation/codeql-db/src/usr/include/x86_64-linux-gnu/sys/select.h
[E 14:33:12 22514] Already archived /workspaces/cybr621-lab2-Memory-Safety-Validation/codeql-db/src/usr/include/x86_64-linux-gnu/bits/select.h
[E 14:33:12 22514] Already archived /workspaces/cybr621-lab2-Memory-Safety-Validation/codeql-db/src/usr/include/x86_64-linux-gnu/bits/types/sigset_t.h
[E 14:33:12 22514] Already archived /workspaces/cybr621-lab2-Memory-Safety-Validation/codeql-db/src/usr/include/x86_64-linux-gnu/bits/types/__sigset_t.h
[E 14:33:12 22514] Already archived /workspaces/cybr621-lab2-Memory-Safety-Validation/codeql-db/src/usr/include/x86_64-linux-gnu/bits/types/struct_timeval.h
[E 14:33:12 22514] Already archived /workspaces/cybr621-lab2-Memory-Safety-Validation/codeql-db/src/usr/include/x86_64-linux-gnu/bits/pthreadtypes.h
[E 14:33:12 22514] Already archived /workspaces/cybr621-lab2-Memory-Safety-Validation/codeql-db/src/usr/include/x86_64-linux-gnu/bits/thread-shared-types.h
[E 14:33:12 22514] Already archived /workspaces/cybr621-lab2-Memory-Safety-Validation/codeql-db/src/usr/include/x86_64-linux-gnu/bits/pthreadtypes-arch.h
[E 14:33:12 22514] Already archived /workspaces/cybr621-lab2-Memory-Safety-Validation/codeql-db/src/usr/include/x86_64-linux-gnu/bits/wordsize.h
[E 14:33:12 22514] Already archived /workspaces/cybr621-lab2-Memory-Safety-Validation/codeql-db/src/usr/include/x86_64-linux-gnu/bits/atomic_wide_counter.h
[E 14:33:12 22514] Already archived /workspaces/cybr621-lab2-Memory-Safety-Validation/codeql-db/src/usr/include/x86_64-linux-gnu/bits/struct_mutex.h
[E 14:33:12 22514] Already archived /workspaces/cybr621-lab2-Memory-Safety-Validation/codeql-db/src/usr/include/x86_64-linux-gnu/bits/struct_rwlock.h
[E 14:33:12 22514] Already archived /workspaces/cybr621-lab2-Memory-Safety-Validation/codeql-db/src/usr/include/alloca.h
[E 14:33:12 22514] Already archived /workspaces/cybr621-lab2-Memory-Safety-Validation/codeql-db/src/usr/lib/gcc/x86_64-linux-gnu/13/include/stddef.h
[E 14:33:12 22514] Already archived /workspaces/cybr621-lab2-Memory-Safety-Validation/codeql-db/src/usr/include/x86_64-linux-gnu/bits/stdlib-float.h
[E 14:33:12 22514] Already archived /workspaces/cybr621-lab2-Memory-Safety-Validation/codeql-db/src/usr/include/string.h
[E 14:33:12 22514] Already archived /workspaces/cybr621-lab2-Memory-Safety-Validation/codeql-db/src/usr/include/x86_64-linux-gnu/bits/libc-header-start.h
[E 14:33:12 22514] Already archived /workspaces/cybr621-lab2-Memory-Safety-Validation/codeql-db/src/usr/lib/gcc/x86_64-linux-gnu/13/include/stddef.h
[E 14:33:12 22514] Already archived /workspaces/cybr621-lab2-Memory-Safety-Validation/codeql-db/src/usr/include/strings.h
[E 14:33:12 22514] Already archived /workspaces/cybr621-lab2-Memory-Safety-Validation/codeql-db/src/usr/lib/gcc/x86_64-linux-gnu/13/include/stddef.h
[E 14:33:12 22514] Archiving /workspaces/cybr621-lab2-Memory-Safety-Validation/codeql-db/src/usr/include/x86_64-linux-gnu/sys/file.h
[E 14:33:12 22514] Already archived /workspaces/cybr621-lab2-Memory-Safety-Validation/codeql-db/src/usr/include/x86_64-linux-gnu/sys/stat.h
[E 14:33:12 22514] Already archived /workspaces/cybr621-lab2-Memory-Safety-Validation/codeql-db/src/usr/include/x86_64-linux-gnu/bits/stat.h
[E 14:33:12 22514] Archiving /workspaces/cybr621-lab2-Memory-Safety-Validation/codeql-db/src/usr/include/x86_64-linux-gnu/bits/statx.h
[E 14:33:12 22514] Archiving /workspaces/cybr621-lab2-Memory-Safety-Validation/codeql-db/src/usr/include/linux/stat.h
[E 14:33:12 22514] Archiving /workspaces/cybr621-lab2-Memory-Safety-Validation/codeql-db/src/usr/include/linux/types.h
[E 14:33:12 22514] Archiving /workspaces/cybr621-lab2-Memory-Safety-Validation/codeql-db/src/usr/include/x86_64-linux-gnu/asm/types.h
[E 14:33:12 22514] Archiving /workspaces/cybr621-lab2-Memory-Safety-Validation/codeql-db/src/usr/include/asm-generic/types.h
[E 14:33:12 22514] Archiving /workspaces/cybr621-lab2-Memory-Safety-Validation/codeql-db/src/usr/include/asm-generic/int-ll64.h
[E 14:33:12 22514] Archiving /workspaces/cybr621-lab2-Memory-Safety-Validation/codeql-db/src/usr/include/x86_64-linux-gnu/asm/bitsperlong.h
[E 14:33:12 22514] Archiving /workspaces/cybr621-lab2-Memory-Safety-Validation/codeql-db/src/usr/include/asm-generic/bitsperlong.h
[E 14:33:12 22514] Archiving /workspaces/cybr621-lab2-Memory-Safety-Validation/codeql-db/src/usr/include/linux/posix_types.h
[E 14:33:12 22514] Archiving /workspaces/cybr621-lab2-Memory-Safety-Validation/codeql-db/src/usr/include/linux/stddef.h
[E 14:33:12 22514] Archiving /workspaces/cybr621-lab2-Memory-Safety-Validation/codeql-db/src/usr/include/x86_64-linux-gnu/asm/posix_types.h
[E 14:33:12 22514] Archiving /workspaces/cybr621-lab2-Memory-Safety-Validation/codeql-db/src/usr/include/x86_64-linux-gnu/asm/posix_types_64.h
[E 14:33:12 22514] Archiving /workspaces/cybr621-lab2-Memory-Safety-Validation/codeql-db/src/usr/include/asm-generic/posix_types.h
[E 14:33:12 22514] Archiving /workspaces/cybr621-lab2-Memory-Safety-Validation/codeql-db/src/usr/include/x86_64-linux-gnu/bits/statx-generic.h
[E 14:33:12 22514] Archiving /workspaces/cybr621-lab2-Memory-Safety-Validation/codeql-db/src/usr/include/x86_64-linux-gnu/bits/types/struct_statx_timestamp.h
[E 14:33:12 22514] Archiving /workspaces/cybr621-lab2-Memory-Safety-Validation/codeql-db/src/usr/include/x86_64-linux-gnu/bits/types/struct_statx.h
[E 14:33:12 22514] Already archived /workspaces/cybr621-lab2-Memory-Safety-Validation/codeql-db/src/usr/include/time.h
[E 14:33:12 22514] Already archived /workspaces/cybr621-lab2-Memory-Safety-Validation/codeql-db/src/usr/lib/gcc/x86_64-linux-gnu/13/include/stddef.h
[E 14:33:12 22514] Already archived /workspaces/cybr621-lab2-Memory-Safety-Validation/codeql-db/src/usr/include/x86_64-linux-gnu/bits/time.h
[E 14:33:12 22514] Archiving /workspaces/cybr621-lab2-Memory-Safety-Validation/codeql-db/src/usr/include/x86_64-linux-gnu/bits/timex.h
[E 14:33:12 22514] Already archived /workspaces/cybr621-lab2-Memory-Safety-Validation/codeql-db/src/usr/include/x86_64-linux-gnu/bits/types/struct_tm.h
[E 14:33:12 22514] Already archived /workspaces/cybr621-lab2-Memory-Safety-Validation/codeql-db/src/usr/include/x86_64-linux-gnu/bits/types/struct_itimerspec.h
[E 14:33:12 22514] Already archived /workspaces/cybr621-lab2-Memory-Safety-Validation/codeql-db/src/usr/include/unistd.h
[E 14:33:12 22514] Already archived /workspaces/cybr621-lab2-Memory-Safety-Validation/codeql-db/src/usr/include/x86_64-linux-gnu/bits/posix_opt.h
[E 14:33:12 22514] Already archived /workspaces/cybr621-lab2-Memory-Safety-Validation/codeql-db/src/usr/include/x86_64-linux-gnu/bits/environments.h
[E 14:33:12 22514] Already archived /workspaces/cybr621-lab2-Memory-Safety-Validation/codeql-db/src/usr/include/x86_64-linux-gnu/bits/wordsize.h
[E 14:33:12 22514] Already archived /workspaces/cybr621-lab2-Memory-Safety-Validation/codeql-db/src/usr/lib/gcc/x86_64-linux-gnu/13/include/stddef.h
[E 14:33:12 22514] Already archived /workspaces/cybr621-lab2-Memory-Safety-Validation/codeql-db/src/usr/include/x86_64-linux-gnu/bits/confname.h
[E 14:33:12 22514] Already archived /workspaces/cybr621-lab2-Memory-Safety-Validation/codeql-db/src/usr/include/x86_64-linux-gnu/bits/getopt_posix.h
[E 14:33:12 22514] Already archived /workspaces/cybr621-lab2-Memory-Safety-Validation/codeql-db/src/usr/include/x86_64-linux-gnu/bits/getopt_core.h
[E 14:33:12 22514] Already archived /workspaces/cybr621-lab2-Memory-Safety-Validation/codeql-db/src/usr/include/x86_64-linux-gnu/bits/unistd_ext.h
[E 14:33:12 22514] Archiving /workspaces/cybr621-lab2-Memory-Safety-Validation/codeql-db/src/usr/include/linux/close_range.h
[E 14:33:12 22514] Creating trap tarball /workspaces/cybr621-lab2-Memory-Safety-Validation/codeql-db/trap/cpp/tarballs/workspaces/cybr621-lab2-Memory-Safety-Validation/assistant2.c.13d6c5f7_0.trap.tar.zst
[E 14:33:12 22514] Emitting trap files for assistant2.c
[E 14:33:12 22514] Opening existencedb in /workspaces/cybr621-lab2-Memory-Safety-Validation/codeql-db/working/existencedb/db
[E 14:33:12 22514] Wrote 54 files to /workspaces/cybr621-lab2-Memory-Safety-Validation/codeql-db/trap/cpp/tarballs/workspaces/cybr621-lab2-Memory-Safety-Validation/assistant2.c.13d6c5f7_0.trap.tar.zst
[E 14:33:12 22514] Finished compilation TRAP /workspaces/cybr621-lab2-Memory-Safety-Validation/codeql-db/trap/cpp/compilations/56/35967243_0.trap.zst
[E 14:33:12 22514] Marking C compilation as happened.
[E 14:33:12 22514] Setting tag c-compilation-happened
[E 14:33:12 22514] Starting from CODEQL_TRACER_DB_ID 00000000000057F0_0000000000000001
[E 14:33:12 22514] Locking DB /workspaces/cybr621-lab2-Memory-Safety-Validation/codeql-db/working/tags.db
[E 14:33:12 22514] Locked DB /workspaces/cybr621-lab2-Memory-Safety-Validation/codeql-db/working/tags.db
[E 14:33:12 22514] Set tag for 00000000000057F0_0000000000000001
[E 14:33:12 22514] Set tag for 00000000000057AD_0000000000000003
[E 14:33:12 22514] Set tag for 00000000000057AD_0000000000000002
[E 14:33:12 22514] Set tag for root
[E 14:33:12 22514] Unlocking DB
[E 14:33:12 22514] Unlocked DB
[E 14:33:12 22514] Time: 0.15 (CPU) 0.00 (elapsed)
[E 14:33:12 22514] Memory: 41.25 MiB (peak rss)
[E 14:33:12 22514] Extractor exited successfully
[T 14:33:12 22512] Extractor /home/codespace/.local/share/gh/extensions/gh-codeql/dist/release/v2.27.1/cpp/tools/linux64/extractor terminated with exit code 0.
[T 14:33:12 22515] Initializing tracer.
[T 14:33:12 22515] Initializing tags.
[T 14:33:12 22515] ID set to 00000000000057F3_0000000000000001 (parent 00000000000057AD_0000000000000003)
[T 14:33:12 22515] ==== Candidate to intercept: as (canonical: /usr/bin/as) ====
[T 14:33:12 22515] Lua: === Intercepted call to /usr/bin/as ===
[T 14:33:12 22515] Executing the following tracer actions:
[T 14:33:12 22515] Tracer actions:
[T 14:33:12 22515] pre_invocations(0)
[T 14:33:12 22515] post_invocations(1)
[T 14:33:12 22515] invocation: /home/codespace/.local/share/gh/extensions/gh-codeql/dist/release/v2.27.1/cpp/tools/linux64/extractor, args: [--assembler, --codeql-assembler-executable, /usr/bin/as, --64, -o, assistant2.o, /tmp/ccxt2TST.s]
[T 14:33:12 22515] trace_languages(1): [cpp]
[T 14:33:12 22517] Attempting to switch stdout/stderr to 4...
[T 14:33:12 22517] Initializing tracer.
[T 14:33:12 22517] Initializing tags.
[T 14:33:12 22517] ID set to 00000000000057F5_0000000000000001 (parent 00000000000057F3_0000000000000001)
[E 14:33:12 22517] CodeQL C/C++ Extractor 2.27.1
[E 14:33:12 22517] Current directory: /workspaces/cybr621-lab2-Memory-Safety-Validation
[E 14:33:12 22517] Command: /home/codespace/.local/share/gh/extensions/gh-codeql/dist/release/v2.27.1/cpp/tools/linux64/extractor --assembler --codeql-assembler-executable /usr/bin/as --64 -o assistant2.o /tmp/ccxt2TST.s
[E 14:33:12 22517] Extractor exited after mimicking assembler
[T 14:33:12 22515] Extractor /home/codespace/.local/share/gh/extensions/gh-codeql/dist/release/v2.27.1/cpp/tools/linux64/extractor terminated with exit code 0.
[T 14:33:12 22518] Attempting to switch stdout/stderr to 4...
[T 14:33:12 22518] Initializing tracer.
[T 14:33:12 22518] Initializing tags.
[T 14:33:12 22518] ID set to 00000000000057F6_0000000000000001 (parent 00000000000057AD_0000000000000003)
[E 14:33:12 22518] CodeQL C/C++ Extractor 2.27.1
[E 14:33:12 22518] Current directory: /workspaces/cybr621-lab2-Memory-Safety-Validation
[E 14:33:12 22518] Command: /home/codespace/.local/share/gh/extensions/gh-codeql/dist/release/v2.27.1/cpp/tools/linux64/extractor --mimic /usr/bin/gcc -Wall -Wextra -Wpedantic -c assistant1.c assistant2.c
[T 14:33:12 22519] Initializing tracer.
[T 14:33:12 22519] Initializing tags.
[T 14:33:12 22519] ID set to 00000000000057F7_0000000000000001 (parent 00000000000057F6_0000000000000001)
[T 14:33:12 22519] ==== Candidate to intercept: /usr/bin/gcc (canonical: /usr/bin/x86_64-linux-gnu-gcc-13) ====
[T 14:33:12 22519] Lua: === Intercepted call to /usr/bin/x86_64-linux-gnu-gcc-13 ===
[T 14:33:12 22519] Executing the following tracer actions:
[T 14:33:12 22519] Tracer actions:
[T 14:33:12 22519] pre_invocations(0)
[T 14:33:12 22519] post_invocations(1)
[T 14:33:12 22519] invocation: /home/codespace/.local/share/gh/extensions/gh-codeql/dist/release/v2.27.1/cpp/tools/linux64/extractor, args: [--mimic, /usr/bin/x86_64-linux-gnu-gcc-13, --version]
[T 14:33:12 22519] trace_languages(1): [cpp]
[T 14:33:12 22521] Attempting to switch stdout/stderr to 7...
[T 14:33:12 22521] Initializing tracer.
[T 14:33:12 22521] Initializing tags.
[T 14:33:12 22521] ID set to 00000000000057F9_0000000000000001 (parent 00000000000057F7_0000000000000001)
[E 14:33:12 22521] Mimicry classification suppression detected; exiting.
[E 14:33:12 22521] Extractor exited successfully
[T 14:33:12 22519] Extractor /home/codespace/.local/share/gh/extensions/gh-codeql/dist/release/v2.27.1/cpp/tools/linux64/extractor terminated with exit code 0.
[T 14:33:12 22522] Initializing tracer.
[T 14:33:12 22522] Initializing tags.
[T 14:33:12 22522] ID set to 00000000000057FA_0000000000000001 (parent 00000000000057F6_0000000000000001)
[T 14:33:12 22522] ==== Candidate to intercept: /usr/bin/gcc (canonical: /usr/bin/x86_64-linux-gnu-gcc-13) ====
[T 14:33:12 22522] Lua: === Intercepted call to /usr/bin/x86_64-linux-gnu-gcc-13 ===
[T 14:33:12 22522] Executing the following tracer actions:
[T 14:33:12 22522] Tracer actions:
[T 14:33:12 22522] pre_invocations(0)
[T 14:33:12 22522] post_invocations(1)
[T 14:33:12 22522] invocation: /home/codespace/.local/share/gh/extensions/gh-codeql/dist/release/v2.27.1/cpp/tools/linux64/extractor, args: [--mimic, /usr/bin/x86_64-linux-gnu-gcc-13, --help]
[T 14:33:12 22522] trace_languages(1): [cpp]
[T 14:33:12 22524] Attempting to switch stdout/stderr to 7...
[T 14:33:12 22524] Initializing tracer.
[T 14:33:12 22524] Initializing tags.
[T 14:33:12 22524] ID set to 00000000000057FC_0000000000000001 (parent 00000000000057FA_0000000000000001)
[E 14:33:12 22524] Mimicry classification suppression detected; exiting.
[E 14:33:12 22524] Extractor exited successfully
[T 14:33:12 22522] Extractor /home/codespace/.local/share/gh/extensions/gh-codeql/dist/release/v2.27.1/cpp/tools/linux64/extractor terminated with exit code 0.
[T 14:33:12 22525] Initializing tracer.
[T 14:33:12 22525] Initializing tags.
[T 14:33:12 22525] ID set to 00000000000057FD_0000000000000001 (parent 00000000000057F6_0000000000000001)
[T 14:33:12 22525] ==== Candidate to intercept: /usr/bin/gcc (canonical: /usr/bin/x86_64-linux-gnu-gcc-13) ====
[T 14:33:12 22525] Lua: === Intercepted call to /usr/bin/x86_64-linux-gnu-gcc-13 ===
[T 14:33:12 22525] Executing the following tracer actions:
[T 14:33:12 22525] Tracer actions:
[T 14:33:12 22525] pre_invocations(0)
[T 14:33:12 22525] post_invocations(1)
[T 14:33:12 22525] invocation: /home/codespace/.local/share/gh/extensions/gh-codeql/dist/release/v2.27.1/cpp/tools/linux64/extractor, args: [--mimic, /usr/bin/x86_64-linux-gnu-gcc-13, -S, -nostdinc, -o, /workspaces/cybr621-lab2-Memory-Safety-Validation/codeql-db/working/tmp//semmle_2_22518_605015.o, -c, /workspaces/cybr621-lab2-Memory-Safety-Validation/codeql-db/working/tmp//semmle_1_22518_604951.c]
[T 14:33:12 22525] trace_languages(1): [cpp]
[T 14:33:12 22527] Initializing tracer.
[T 14:33:12 22527] Initializing tags.
[T 14:33:12 22527] ID set to 00000000000057FF_0000000000000001 (parent 00000000000057FD_0000000000000001)
[T 14:33:12 22527] ==== Candidate to intercept: /usr/libexec/gcc/x86_64-linux-gnu/13/cc1 (canonical: /usr/libexec/gcc/x86_64-linux-gnu/13/cc1) ====
[T 14:33:12 22527] Lua: === Intercepted call to /usr/libexec/gcc/x86_64-linux-gnu/13/cc1 ===
[T 14:33:12 22527] Executing the following tracer actions:
[T 14:33:12 22527] Tracer actions:
[T 14:33:12 22527] pre_invocations(0)
[T 14:33:12 22527] post_invocations(1)
[T 14:33:12 22527] invocation: /home/codespace/.local/share/gh/extensions/gh-codeql/dist/release/v2.27.1/cpp/tools/linux64/extractor, args: [--mimic, /usr/libexec/gcc/x86_64-linux-gnu/13/cc1, -quiet, -nostdinc, -imultiarch, x86_64-linux-gnu, /workspaces/cybr621-lab2-Memory-Safety-Validation/codeql-db/working/tmp//semmle_1_22518_604951.c, -quiet, -dumpdir, /workspaces/cybr621-lab2-Memory-Safety-Validation/codeql-db/working/tmp//, -dumpbase, semmle_2_22518_605015.c, -dumpbase-ext, .c, -mtune=generic, -march=x86-64, -o, /workspaces/cybr621-lab2-Memory-Safety-Validation/codeql-db/working/tmp//semmle_2_22518_605015.o, -fasynchronous-unwind-tables, -fstack-protector-strong, -Wformat, -Wformat-security, -fstack-clash-protection, -fcf-protection]
[T 14:33:12 22527] trace_languages(1): [cpp]
[T 14:33:12 22529] Attempting to switch stdout/stderr to 7...
[T 14:33:12 22529] Initializing tracer.
[T 14:33:12 22529] Initializing tags.
[T 14:33:12 22529] ID set to 0000000000005801_0000000000000001 (parent 00000000000057FF_0000000000000001)
[E 14:33:12 22529] Mimicry classification suppression detected; exiting.
[E 14:33:12 22529] Extractor exited successfully
[T 14:33:12 22527] Extractor /home/codespace/.local/share/gh/extensions/gh-codeql/dist/release/v2.27.1/cpp/tools/linux64/extractor terminated with exit code 0.
[T 14:33:12 22530] Attempting to switch stdout/stderr to 7...
[T 14:33:12 22530] Initializing tracer.
[T 14:33:12 22530] Initializing tags.
[T 14:33:12 22530] ID set to 0000000000005802_0000000000000001 (parent 00000000000057FD_0000000000000001)
[E 14:33:12 22530] Mimicry classification suppression detected; exiting.
[E 14:33:12 22530] Extractor exited successfully
[T 14:33:12 22525] Extractor /home/codespace/.local/share/gh/extensions/gh-codeql/dist/release/v2.27.1/cpp/tools/linux64/extractor terminated with exit code 0.
[T 14:33:12 22531] Initializing tracer.
[T 14:33:12 22531] Initializing tags.
[T 14:33:12 22531] ID set to 0000000000005803_0000000000000001 (parent 00000000000057F6_0000000000000001)
[T 14:33:12 22531] ==== Candidate to intercept: /usr/bin/gcc (canonical: /usr/bin/x86_64-linux-gnu-gcc-13) ====
[T 14:33:12 22531] Lua: === Intercepted call to /usr/bin/x86_64-linux-gnu-gcc-13 ===
[T 14:33:12 22531] Executing the following tracer actions:
[T 14:33:12 22531] Tracer actions:
[T 14:33:12 22531] pre_invocations(0)
[T 14:33:12 22531] post_invocations(1)
[T 14:33:12 22531] invocation: /home/codespace/.local/share/gh/extensions/gh-codeql/dist/release/v2.27.1/cpp/tools/linux64/extractor, args: [--mimic, /usr/bin/x86_64-linux-gnu-gcc-13, -S, -nostdinc, -o, /workspaces/cybr621-lab2-Memory-Safety-Validation/codeql-db/working/tmp//semmle_4_22518_636729.o, -c, /workspaces/cybr621-lab2-Memory-Safety-Validation/codeql-db/working/tmp//semmle_3_22518_636659.c]
[T 14:33:12 22531] trace_languages(1): [cpp]
[T 14:33:12 22533] Initializing tracer.
[T 14:33:12 22533] Initializing tags.
[T 14:33:12 22533] ID set to 0000000000005805_0000000000000001 (parent 0000000000005803_0000000000000001)
[T 14:33:12 22533] ==== Candidate to intercept: /usr/libexec/gcc/x86_64-linux-gnu/13/cc1 (canonical: /usr/libexec/gcc/x86_64-linux-gnu/13/cc1) ====
[T 14:33:12 22533] Lua: === Intercepted call to /usr/libexec/gcc/x86_64-linux-gnu/13/cc1 ===
[T 14:33:12 22533] Executing the following tracer actions:
[T 14:33:12 22533] Tracer actions:
[T 14:33:12 22533] pre_invocations(0)
[T 14:33:12 22533] post_invocations(1)
[T 14:33:12 22533] invocation: /home/codespace/.local/share/gh/extensions/gh-codeql/dist/release/v2.27.1/cpp/tools/linux64/extractor, args: [--mimic, /usr/libexec/gcc/x86_64-linux-gnu/13/cc1, -quiet, -nostdinc, -imultiarch, x86_64-linux-gnu, /workspaces/cybr621-lab2-Memory-Safety-Validation/codeql-db/working/tmp//semmle_3_22518_636659.c, -quiet, -dumpdir, /workspaces/cybr621-lab2-Memory-Safety-Validation/codeql-db/working/tmp//, -dumpbase, semmle_4_22518_636729.c, -dumpbase-ext, .c, -mtune=generic, -march=x86-64, -o, /workspaces/cybr621-lab2-Memory-Safety-Validation/codeql-db/working/tmp//semmle_4_22518_636729.o, -fasynchronous-unwind-tables, -fstack-protector-strong, -Wformat, -Wformat-security, -fstack-clash-protection, -fcf-protection]
[T 14:33:12 22533] trace_languages(1): [cpp]
[T 14:33:12 22535] Attempting to switch stdout/stderr to 7...
[T 14:33:12 22535] Initializing tracer.
[T 14:33:12 22535] Initializing tags.
[T 14:33:12 22535] ID set to 0000000000005807_0000000000000001 (parent 0000000000005805_0000000000000001)
[E 14:33:12 22535] Mimicry classification suppression detected; exiting.
[E 14:33:12 22535] Extractor exited successfully
[T 14:33:12 22533] Extractor /home/codespace/.local/share/gh/extensions/gh-codeql/dist/release/v2.27.1/cpp/tools/linux64/extractor terminated with exit code 0.
[T 14:33:12 22536] Attempting to switch stdout/stderr to 7...
[T 14:33:12 22536] Initializing tracer.
[T 14:33:12 22536] Initializing tags.
[T 14:33:12 22536] ID set to 0000000000005808_0000000000000001 (parent 0000000000005803_0000000000000001)
[E 14:33:12 22536] Mimicry classification suppression detected; exiting.
[E 14:33:12 22536] Extractor exited successfully
[T 14:33:12 22531] Extractor /home/codespace/.local/share/gh/extensions/gh-codeql/dist/release/v2.27.1/cpp/tools/linux64/extractor terminated with exit code 0.
[E 14:33:12 22518] Checking whether C compilation already happened.
[E 14:33:12 22518] Checking for tag c-compilation-happened
[E 14:33:12 22518] Checking CODEQL_TRACER_DB_ID 00000000000057AD_0000000000000003
[E 14:33:12 22518] Locking DB /workspaces/cybr621-lab2-Memory-Safety-Validation/codeql-db/working/tags.db
[E 14:33:12 22518] Locked DB /workspaces/cybr621-lab2-Memory-Safety-Validation/codeql-db/working/tags.db
[E 14:33:12 22518] Unlocking DB
[E 14:33:12 22518] Unlocked DB
[E 14:33:12 22518] Exiting as C compilation already happened.
[T 14:33:12 22445] Extractor /home/codespace/.local/share/gh/extensions/gh-codeql/dist/release/v2.27.1/cpp/tools/linux64/extractor terminated with exit code 0.
