[T 01:47:26 61746] CodeQL CLI version 2.27.1
[T 01:47:26 61746] Initializing tracer.
[T 01:47:26 61746] Initializing tags.
[T 01:47:26 61746] ID set to 000000000000F132_0000000000000001 (parent root)
[T 01:47:26 61746] Initializing tracer.
[T 01:47:26 61746] Initializing tags.
[T 01:47:26 61746] ID set to 000000000000F132_0000000000000002 (parent root)
[T 01:47:26 61746] Warning: SEMMLE_EXEC and SEMMLE_EXECP not set. Falling back to path lookup on argv[0].
[T 01:47:26 61746] ==== Candidate to intercept: /home/codespace/.local/share/gh/extensions/gh-codeql/dist/release/v2.27.1/tools/linux64/runner-linux (canonical: /home/codespace/.local/share/gh/extensions/gh-codeql/dist/release/v2.27.1/tools/linux64/runner-linux) ====
[T 01:47:26 61746] Executing the following tracer actions:
[T 01:47:26 61746] Tracer actions:
[T 01:47:26 61746] pre_invocations(0)
[T 01:47:26 61746] post_invocations(0)
[T 01:47:26 61746] trace_languages(1): [cpp]
[T 01:47:26 61746] Initializing tracer.
[T 01:47:26 61746] Initializing tags.
[T 01:47:26 61746] ID set to 000000000000F132_0000000000000003 (parent 000000000000F132_0000000000000002)
[T 01:47:26 61746] ==== Candidate to intercept: gcc (canonical: /usr/bin/gcc) ====
[T 01:47:26 61746] Lua: === Intercepted call to /usr/bin/gcc ===
[T 01:47:26 61746] Executing the following tracer actions:
[T 01:47:26 61746] Tracer actions:
[T 01:47:26 61746] pre_invocations(0)
[T 01:47:26 61746] post_invocations(1)
[T 01:47:26 61746] invocation: /home/codespace/.local/share/gh/extensions/gh-codeql/dist/release/v2.27.1/cpp/tools/linux64/extractor, args: [--mimic, /usr/bin/gcc, -Wall, -Wextra, -Wpedantic, -c, assistant1.c, assistant2.c]
[T 01:47:26 61746] trace_languages(1): [cpp]
[T 01:47:26 61750] Initializing tracer.
[T 01:47:26 61750] Initializing tags.
[T 01:47:26 61750] ID set to 000000000000F136_0000000000000001 (parent 000000000000F132_0000000000000003)
[T 01:47:26 61750] ==== Candidate to intercept: /usr/libexec/gcc/x86_64-linux-gnu/13/cc1 (canonical: /usr/libexec/gcc/x86_64-linux-gnu/13/cc1) ====
[T 01:47:26 61750] Lua: === Intercepted call to /usr/libexec/gcc/x86_64-linux-gnu/13/cc1 ===
[T 01:47:26 61750] Executing the following tracer actions:
[T 01:47:26 61750] Tracer actions:
[T 01:47:26 61750] pre_invocations(0)
[T 01:47:26 61750] post_invocations(1)
[T 01:47:26 61750] invocation: /home/codespace/.local/share/gh/extensions/gh-codeql/dist/release/v2.27.1/cpp/tools/linux64/extractor, args: [--mimic, /usr/libexec/gcc/x86_64-linux-gnu/13/cc1, -quiet, -imultiarch, x86_64-linux-gnu, assistant1.c, -quiet, -dumpbase, assistant1.c, -dumpbase-ext, .c, -mtune=generic, -march=x86-64, -Wall, -Wextra, -Wpedantic, -fasynchronous-unwind-tables, -fstack-protector-strong, -Wformat-security, -fstack-clash-protection, -fcf-protection, -o, /tmp/ccAxElxT.s]
[T 01:47:26 61750] trace_languages(1): [cpp]
[T 01:47:26 61752] Attempting to switch stdout/stderr to 4...
[T 01:47:26 61752] Initializing tracer.
[T 01:47:26 61752] Initializing tags.
[T 01:47:26 61752] ID set to 000000000000F138_0000000000000001 (parent 000000000000F136_0000000000000001)
[E 01:47:26 61752] CodeQL C/C++ Extractor 2.27.1
[E 01:47:26 61752] Current directory: /workspaces/cybr621-lab2-Memory-Safety-Validation
[E 01:47:26 61752] Command: /home/codespace/.local/share/gh/extensions/gh-codeql/dist/release/v2.27.1/cpp/tools/linux64/extractor --mimic /usr/libexec/gcc/x86_64-linux-gnu/13/cc1 -quiet -imultiarch x86_64-linux-gnu assistant1.c -quiet -dumpbase assistant1.c -dumpbase-ext .c -mtune=generic -march=x86-64 -Wall -Wextra -Wpedantic -fasynchronous-unwind-tables -fstack-protector-strong -Wformat-security -fstack-clash-protection -fcf-protection -o /tmp/ccAxElxT.s
[T 01:47:26 61753] Initializing tracer.
[T 01:47:26 61753] Initializing tags.
[T 01:47:26 61753] ID set to 000000000000F139_0000000000000001 (parent 000000000000F138_0000000000000001)
[T 01:47:26 61753] ==== Candidate to intercept: /usr/libexec/gcc/x86_64-linux-gnu/13/cc1 (canonical: /usr/libexec/gcc/x86_64-linux-gnu/13/cc1) ====
[T 01:47:26 61753] Lua: === Intercepted call to /usr/libexec/gcc/x86_64-linux-gnu/13/cc1 ===
[T 01:47:26 61753] Executing the following tracer actions:
[T 01:47:26 61753] Tracer actions:
[T 01:47:26 61753] pre_invocations(0)
[T 01:47:26 61753] post_invocations(1)
[T 01:47:26 61753] invocation: /home/codespace/.local/share/gh/extensions/gh-codeql/dist/release/v2.27.1/cpp/tools/linux64/extractor, args: [--mimic, /usr/libexec/gcc/x86_64-linux-gnu/13/cc1, --version]
[T 01:47:26 61753] trace_languages(1): [cpp]
[T 01:47:26 61755] Attempting to switch stdout/stderr to 7...
[T 01:47:26 61755] Initializing tracer.
[T 01:47:26 61755] Initializing tags.
[T 01:47:26 61755] ID set to 000000000000F13B_0000000000000001 (parent 000000000000F139_0000000000000001)
[E 01:47:26 61755] Mimicry classification suppression detected; exiting.
[E 01:47:26 61755] Extractor exited successfully
[T 01:47:26 61753] Extractor /home/codespace/.local/share/gh/extensions/gh-codeql/dist/release/v2.27.1/cpp/tools/linux64/extractor terminated with exit code 0.
[T 01:47:26 61757] Initializing tracer.
[T 01:47:26 61757] Initializing tags.
[T 01:47:26 61757] ID set to 000000000000F13D_0000000000000001 (parent 000000000000F138_0000000000000001)
[T 01:47:26 61757] ==== Candidate to intercept: /usr/libexec/gcc/x86_64-linux-gnu/13/cc1 (canonical: /usr/libexec/gcc/x86_64-linux-gnu/13/cc1) ====
[T 01:47:26 61757] Lua: === Intercepted call to /usr/libexec/gcc/x86_64-linux-gnu/13/cc1 ===
[T 01:47:26 61757] Executing the following tracer actions:
[T 01:47:26 61757] Tracer actions:
[T 01:47:26 61757] pre_invocations(0)
[T 01:47:26 61757] post_invocations(1)
[T 01:47:26 61757] invocation: /home/codespace/.local/share/gh/extensions/gh-codeql/dist/release/v2.27.1/cpp/tools/linux64/extractor, args: [--mimic, /usr/libexec/gcc/x86_64-linux-gnu/13/cc1, --help]
[T 01:47:26 61757] trace_languages(1): [cpp]
[T 01:47:26 61764] Attempting to switch stdout/stderr to 7...
[T 01:47:26 61764] Initializing tracer.
[T 01:47:26 61764] Initializing tags.
[T 01:47:26 61764] ID set to 000000000000F144_0000000000000001 (parent 000000000000F13D_0000000000000001)
[E 01:47:26 61764] Mimicry classification suppression detected; exiting.
[E 01:47:26 61764] Extractor exited successfully
[T 01:47:26 61757] Extractor /home/codespace/.local/share/gh/extensions/gh-codeql/dist/release/v2.27.1/cpp/tools/linux64/extractor terminated with exit code 0.
[T 01:47:26 61765] Initializing tracer.
[T 01:47:26 61765] Initializing tags.
[T 01:47:26 61765] ID set to 000000000000F145_0000000000000001 (parent 000000000000F138_0000000000000001)
[T 01:47:26 61765] ==== Candidate to intercept: /usr/libexec/gcc/x86_64-linux-gnu/13/cc1 (canonical: /usr/libexec/gcc/x86_64-linux-gnu/13/cc1) ====
[T 01:47:26 61765] Lua: === Intercepted call to /usr/libexec/gcc/x86_64-linux-gnu/13/cc1 ===
[T 01:47:26 61765] Executing the following tracer actions:
[T 01:47:26 61765] Tracer actions:
[T 01:47:26 61765] pre_invocations(0)
[T 01:47:26 61765] post_invocations(1)
[T 01:47:26 61765] invocation: /home/codespace/.local/share/gh/extensions/gh-codeql/dist/release/v2.27.1/cpp/tools/linux64/extractor, args: [--mimic, /usr/libexec/gcc/x86_64-linux-gnu/13/cc1, -version, --help]
[T 01:47:26 61765] trace_languages(1): [cpp]
[T 01:47:26 61767] Attempting to switch stdout/stderr to 7...
[T 01:47:26 61767] Initializing tracer.
[T 01:47:26 61767] Initializing tags.
[T 01:47:26 61767] ID set to 000000000000F147_0000000000000001 (parent 000000000000F145_0000000000000001)
[E 01:47:26 61767] Mimicry classification suppression detected; exiting.
[E 01:47:26 61767] Extractor exited successfully
[T 01:47:26 61765] Extractor /home/codespace/.local/share/gh/extensions/gh-codeql/dist/release/v2.27.1/cpp/tools/linux64/extractor terminated with exit code 0.
[T 01:47:26 61768] Initializing tracer.
[T 01:47:26 61768] Initializing tags.
[T 01:47:26 61768] ID set to 000000000000F148_0000000000000001 (parent 000000000000F138_0000000000000001)
[T 01:47:26 61768] ==== Candidate to intercept: /usr/libexec/gcc/x86_64-linux-gnu/13/cc1 (canonical: /usr/libexec/gcc/x86_64-linux-gnu/13/cc1) ====
[T 01:47:26 61768] Lua: === Intercepted call to /usr/libexec/gcc/x86_64-linux-gnu/13/cc1 ===
[T 01:47:26 61768] Executing the following tracer actions:
[T 01:47:26 61768] Tracer actions:
[T 01:47:26 61768] pre_invocations(0)
[T 01:47:26 61768] post_invocations(1)
[T 01:47:26 61768] invocation: /home/codespace/.local/share/gh/extensions/gh-codeql/dist/release/v2.27.1/cpp/tools/linux64/extractor, args: [--mimic, /usr/libexec/gcc/x86_64-linux-gnu/13/cc1, -nostdinc, -o, /workspaces/cybr621-lab2-Memory-Safety-Validation/codeql-db/working/tmp//semmle_2_61752_956677.o, /workspaces/cybr621-lab2-Memory-Safety-Validation/codeql-db/working/tmp//semmle_1_61752_956623.c]
[T 01:47:26 61768] trace_languages(1): [cpp]
[T 01:47:27 61770] Attempting to switch stdout/stderr to 7...
[T 01:47:27 61770] Initializing tracer.
[T 01:47:27 61770] Initializing tags.
[T 01:47:27 61770] ID set to 000000000000F14A_0000000000000001 (parent 000000000000F148_0000000000000001)
[E 01:47:27 61770] Mimicry classification suppression detected; exiting.
[E 01:47:27 61770] Extractor exited successfully
[T 01:47:27 61768] Extractor /home/codespace/.local/share/gh/extensions/gh-codeql/dist/release/v2.27.1/cpp/tools/linux64/extractor terminated with exit code 0.
[T 01:47:27 61771] Initializing tracer.
[T 01:47:27 61771] Initializing tags.
[T 01:47:27 61771] ID set to 000000000000F14B_0000000000000001 (parent 000000000000F138_0000000000000001)
[T 01:47:27 61771] ==== Candidate to intercept: /usr/libexec/gcc/x86_64-linux-gnu/13/cc1 (canonical: /usr/libexec/gcc/x86_64-linux-gnu/13/cc1) ====
[T 01:47:27 61771] Lua: === Intercepted call to /usr/libexec/gcc/x86_64-linux-gnu/13/cc1 ===
[T 01:47:27 61771] Executing the following tracer actions:
[T 01:47:27 61771] Tracer actions:
[T 01:47:27 61771] pre_invocations(0)
[T 01:47:27 61771] post_invocations(1)
[T 01:47:27 61771] invocation: /home/codespace/.local/share/gh/extensions/gh-codeql/dist/release/v2.27.1/cpp/tools/linux64/extractor, args: [--mimic, /usr/libexec/gcc/x86_64-linux-gnu/13/cc1, -nostdinc, -o, /workspaces/cybr621-lab2-Memory-Safety-Validation/codeql-db/working/tmp//semmle_4_61752_37534.o, /workspaces/cybr621-lab2-Memory-Safety-Validation/codeql-db/working/tmp//semmle_3_61752_37347.c]
[T 01:47:27 61771] trace_languages(1): [cpp]
[T 01:47:27 61773] Attempting to switch stdout/stderr to 7...
[T 01:47:27 61773] Initializing tracer.
[T 01:47:27 61773] Initializing tags.
[T 01:47:27 61773] ID set to 000000000000F14D_0000000000000001 (parent 000000000000F14B_0000000000000001)
[E 01:47:27 61773] Mimicry classification suppression detected; exiting.
[E 01:47:27 61773] Extractor exited successfully
[T 01:47:27 61771] Extractor /home/codespace/.local/share/gh/extensions/gh-codeql/dist/release/v2.27.1/cpp/tools/linux64/extractor terminated with exit code 0.
[E 01:47:27 61752] Checking whether C compilation already happened.
[E 01:47:27 61752] Checking for tag c-compilation-happened
[E 01:47:27 61752] Checking CODEQL_TRACER_DB_ID 000000000000F136_0000000000000001
[E 01:47:27 61752] Locking DB /workspaces/cybr621-lab2-Memory-Safety-Validation/codeql-db/working/tags.db
[E 01:47:27 61752] Locked DB /workspaces/cybr621-lab2-Memory-Safety-Validation/codeql-db/working/tags.db
[E 01:47:27 61752] Unlocking DB
[E 01:47:27 61752] Unlocked DB
[E 01:47:27 61752] Looks like C compilation didn't already happen.
[E 01:47:27 61752] Checking whether C compilation has been attempted.
[E 01:47:27 61752] Checking for tag c-compilation-attempted
[E 01:47:27 61752] Checking CODEQL_TRACER_DB_ID 000000000000F136_0000000000000001
[E 01:47:27 61752] Locking DB /workspaces/cybr621-lab2-Memory-Safety-Validation/codeql-db/working/tags.db
[E 01:47:27 61752] Locked DB /workspaces/cybr621-lab2-Memory-Safety-Validation/codeql-db/working/tags.db
[E 01:47:27 61752] Unlocking DB
[E 01:47:27 61752] Unlocked DB
[E 01:47:27 61752] Marking C compilation as attempted.
[E 01:47:27 61752] Setting tag c-compilation-attempted
[E 01:47:27 61752] Starting from CODEQL_TRACER_DB_ID 000000000000F136_0000000000000001
[E 01:47:27 61752] Locking DB /workspaces/cybr621-lab2-Memory-Safety-Validation/codeql-db/working/tags.db
[E 01:47:27 61752] Locked DB /workspaces/cybr621-lab2-Memory-Safety-Validation/codeql-db/working/tags.db
[E 01:47:27 61752] Set tag for 000000000000F136_0000000000000001
[E 01:47:27 61752] Set tag for 000000000000F132_0000000000000003
[E 01:47:27 61752] Set tag for 000000000000F132_0000000000000002
[E 01:47:27 61752] Set tag for root
[E 01:47:27 61752] Unlocking DB
[E 01:47:27 61752] Unlocked DB
[T 01:47:27 61774] Initializing tracer.
[T 01:47:27 61774] Initializing tags.
[T 01:47:27 61774] ID set to 000000000000F14E_0000000000000001 (parent 000000000000F138_0000000000000001)
[T 01:47:27 61774] ==== Candidate to intercept: /usr/libexec/gcc/x86_64-linux-gnu/13/cc1 (canonical: /usr/libexec/gcc/x86_64-linux-gnu/13/cc1) ====
[T 01:47:27 61774] Lua: === Intercepted call to /usr/libexec/gcc/x86_64-linux-gnu/13/cc1 ===
[T 01:47:27 61774] Executing the following tracer actions:
[T 01:47:27 61774] Tracer actions:
[T 01:47:27 61774] pre_invocations(0)
[T 01:47:27 61774] post_invocations(1)
[T 01:47:27 61774] invocation: /home/codespace/.local/share/gh/extensions/gh-codeql/dist/release/v2.27.1/cpp/tools/linux64/extractor, args: [--mimic, /usr/libexec/gcc/x86_64-linux-gnu/13/cc1, @/workspaces/cybr621-lab2-Memory-Safety-Validation/codeql-db/working/tmp//semmle_6_61752_89133, -v, -fsyntax-only, /workspaces/cybr621-lab2-Memory-Safety-Validation/codeql-db/working/tmp//semmle_7_61752_89495]
[T 01:47:27 61774] trace_languages(1): [cpp]
[T 01:47:27 61776] Attempting to switch stdout/stderr to 7...
[T 01:47:27 61776] Initializing tracer.
[T 01:47:27 61776] Initializing tags.
[T 01:47:27 61776] ID set to 000000000000F150_0000000000000001 (parent 000000000000F14E_0000000000000001)
[E 01:47:27 61776] Mimicry classification suppression detected; exiting.
[E 01:47:27 61776] Extractor exited successfully
[T 01:47:27 61774] Extractor /home/codespace/.local/share/gh/extensions/gh-codeql/dist/release/v2.27.1/cpp/tools/linux64/extractor terminated with exit code 0.
[T 01:47:27 61777] Initializing tracer.
[T 01:47:27 61777] Initializing tags.
[T 01:47:27 61777] ID set to 000000000000F151_0000000000000001 (parent 000000000000F138_0000000000000001)
[T 01:47:27 61777] ==== Candidate to intercept: /usr/libexec/gcc/x86_64-linux-gnu/13/cc1 (canonical: /usr/libexec/gcc/x86_64-linux-gnu/13/cc1) ====
[T 01:47:27 61777] Lua: === Intercepted call to /usr/libexec/gcc/x86_64-linux-gnu/13/cc1 ===
[T 01:47:27 61777] Executing the following tracer actions:
[T 01:47:27 61777] Tracer actions:
[T 01:47:27 61777] pre_invocations(0)
[T 01:47:27 61777] post_invocations(1)
[T 01:47:27 61777] invocation: /home/codespace/.local/share/gh/extensions/gh-codeql/dist/release/v2.27.1/cpp/tools/linux64/extractor, args: [--mimic, /usr/libexec/gcc/x86_64-linux-gnu/13/cc1, @/workspaces/cybr621-lab2-Memory-Safety-Validation/codeql-db/working/tmp//semmle_6_61752_89133, -E, -dM, /workspaces/cybr621-lab2-Memory-Safety-Validation/codeql-db/working/tmp//semmle_8_61752_127126]
[T 01:47:27 61777] trace_languages(1): [cpp]
[T 01:47:27 61779] Attempting to switch stdout/stderr to 7...
[T 01:47:27 61779] Initializing tracer.
[T 01:47:27 61779] Initializing tags.
[T 01:47:27 61779] ID set to 000000000000F153_0000000000000001 (parent 000000000000F151_0000000000000001)
[E 01:47:27 61779] Mimicry classification suppression detected; exiting.
[E 01:47:27 61779] Extractor exited successfully
[T 01:47:27 61777] Extractor /home/codespace/.local/share/gh/extensions/gh-codeql/dist/release/v2.27.1/cpp/tools/linux64/extractor terminated with exit code 0.
[T 01:47:27 61780] Initializing tracer.
[T 01:47:27 61780] Initializing tags.
[T 01:47:27 61780] ID set to 000000000000F154_0000000000000001 (parent 000000000000F138_0000000000000001)
[T 01:47:27 61780] ==== Candidate to intercept: /usr/libexec/gcc/x86_64-linux-gnu/13/cc1 (canonical: /usr/libexec/gcc/x86_64-linux-gnu/13/cc1) ====
[T 01:47:27 61780] Lua: === Intercepted call to /usr/libexec/gcc/x86_64-linux-gnu/13/cc1 ===
[T 01:47:27 61780] Executing the following tracer actions:
[T 01:47:27 61780] Tracer actions:
[T 01:47:27 61780] pre_invocations(0)
[T 01:47:27 61780] post_invocations(1)
[T 01:47:27 61780] invocation: /home/codespace/.local/share/gh/extensions/gh-codeql/dist/release/v2.27.1/cpp/tools/linux64/extractor, args: [--mimic, /usr/libexec/gcc/x86_64-linux-gnu/13/cc1, @/workspaces/cybr621-lab2-Memory-Safety-Validation/codeql-db/working/tmp//semmle_9_61752_187324, -o, /workspaces/cybr621-lab2-Memory-Safety-Validation/codeql-db/working/tmp//semmle_11_61752_187734.o, /workspaces/cybr621-lab2-Memory-Safety-Validation/codeql-db/working/tmp//semmle_10_61752_187645.c]
[T 01:47:27 61780] trace_languages(1): [cpp]
[T 01:47:27 61782] Attempting to switch stdout/stderr to 7...
[T 01:47:27 61782] Initializing tracer.
[T 01:47:27 61782] Initializing tags.
[T 01:47:27 61782] ID set to 000000000000F156_0000000000000001 (parent 000000000000F154_0000000000000001)
[E 01:47:27 61782] Mimicry classification suppression detected; exiting.
[E 01:47:27 61782] Extractor exited successfully
[T 01:47:27 61780] Extractor /home/codespace/.local/share/gh/extensions/gh-codeql/dist/release/v2.27.1/cpp/tools/linux64/extractor terminated with exit code 0.
[T 01:47:27 61783] Initializing tracer.
[T 01:47:27 61783] Initializing tags.
[T 01:47:27 61783] ID set to 000000000000F157_0000000000000001 (parent 000000000000F138_0000000000000001)
[T 01:47:27 61783] ==== Candidate to intercept: /usr/libexec/gcc/x86_64-linux-gnu/13/cc1 (canonical: /usr/libexec/gcc/x86_64-linux-gnu/13/cc1) ====
[T 01:47:27 61783] Lua: === Intercepted call to /usr/libexec/gcc/x86_64-linux-gnu/13/cc1 ===
[T 01:47:27 61783] Executing the following tracer actions:
[T 01:47:27 61783] Tracer actions:
[T 01:47:27 61783] pre_invocations(0)
[T 01:47:27 61783] post_invocations(1)
[T 01:47:27 61783] invocation: /home/codespace/.local/share/gh/extensions/gh-codeql/dist/release/v2.27.1/cpp/tools/linux64/extractor, args: [--mimic, /usr/libexec/gcc/x86_64-linux-gnu/13/cc1, @/workspaces/cybr621-lab2-Memory-Safety-Validation/codeql-db/working/tmp//semmle_9_61752_187324, -o, /workspaces/cybr621-lab2-Memory-Safety-Validation/codeql-db/working/tmp//semmle_13_61752_254651.o, /workspaces/cybr621-lab2-Memory-Safety-Validation/codeql-db/working/tmp//semmle_12_61752_254602.c]
[T 01:47:27 61783] trace_languages(1): [cpp]
[T 01:47:27 61785] Attempting to switch stdout/stderr to 7...
[T 01:47:27 61785] Initializing tracer.
[T 01:47:27 61785] Initializing tags.
[T 01:47:27 61785] ID set to 000000000000F159_0000000000000001 (parent 000000000000F157_0000000000000001)
[E 01:47:27 61785] Mimicry classification suppression detected; exiting.
[E 01:47:27 61785] Extractor exited successfully
[T 01:47:27 61783] Extractor /home/codespace/.local/share/gh/extensions/gh-codeql/dist/release/v2.27.1/cpp/tools/linux64/extractor terminated with exit code 0.
[T 01:47:27 61786] Initializing tracer.
[T 01:47:27 61786] Initializing tags.
[T 01:47:27 61786] ID set to 000000000000F15A_0000000000000001 (parent 000000000000F138_0000000000000001)
[T 01:47:27 61786] ==== Candidate to intercept: /usr/libexec/gcc/x86_64-linux-gnu/13/cc1 (canonical: /usr/libexec/gcc/x86_64-linux-gnu/13/cc1) ====
[T 01:47:27 61786] Lua: === Intercepted call to /usr/libexec/gcc/x86_64-linux-gnu/13/cc1 ===
[T 01:47:27 61786] Executing the following tracer actions:
[T 01:47:27 61786] Tracer actions:
[T 01:47:27 61786] pre_invocations(0)
[T 01:47:27 61786] post_invocations(1)
[T 01:47:27 61786] invocation: /home/codespace/.local/share/gh/extensions/gh-codeql/dist/release/v2.27.1/cpp/tools/linux64/extractor, args: [--mimic, /usr/libexec/gcc/x86_64-linux-gnu/13/cc1, @/workspaces/cybr621-lab2-Memory-Safety-Validation/codeql-db/working/tmp//semmle_9_61752_187324, -o, /workspaces/cybr621-lab2-Memory-Safety-Validation/codeql-db/working/tmp//semmle_15_61752_348158.o, /workspaces/cybr621-lab2-Memory-Safety-Validation/codeql-db/working/tmp//semmle_14_61752_347990.c]
[T 01:47:27 61786] trace_languages(1): [cpp]
[T 01:47:27 61788] Attempting to switch stdout/stderr to 7...
[T 01:47:27 61788] Initializing tracer.
[T 01:47:27 61788] Initializing tags.
[T 01:47:27 61788] ID set to 000000000000F15C_0000000000000001 (parent 000000000000F15A_0000000000000001)
[E 01:47:27 61788] Mimicry classification suppression detected; exiting.
[E 01:47:27 61788] Extractor exited successfully
[T 01:47:27 61786] Extractor /home/codespace/.local/share/gh/extensions/gh-codeql/dist/release/v2.27.1/cpp/tools/linux64/extractor terminated with exit code 0.
[T 01:47:27 61789] Initializing tracer.
[T 01:47:27 61789] Initializing tags.
[T 01:47:27 61789] ID set to 000000000000F15D_0000000000000001 (parent 000000000000F138_0000000000000001)
[T 01:47:27 61789] ==== Candidate to intercept: /usr/libexec/gcc/x86_64-linux-gnu/13/cc1 (canonical: /usr/libexec/gcc/x86_64-linux-gnu/13/cc1) ====
[T 01:47:27 61789] Lua: === Intercepted call to /usr/libexec/gcc/x86_64-linux-gnu/13/cc1 ===
[T 01:47:27 61789] Executing the following tracer actions:
[T 01:47:27 61789] Tracer actions:
[T 01:47:27 61789] pre_invocations(0)
[T 01:47:27 61789] post_invocations(1)
[T 01:47:27 61789] invocation: /home/codespace/.local/share/gh/extensions/gh-codeql/dist/release/v2.27.1/cpp/tools/linux64/extractor, args: [--mimic, /usr/libexec/gcc/x86_64-linux-gnu/13/cc1, @/workspaces/cybr621-lab2-Memory-Safety-Validation/codeql-db/working/tmp//semmle_9_61752_187324, -o, /workspaces/cybr621-lab2-Memory-Safety-Validation/codeql-db/working/tmp//semmle_17_61752_386101.o, /workspaces/cybr621-lab2-Memory-Safety-Validation/codeql-db/working/tmp//semmle_16_61752_386031.c]
[T 01:47:27 61789] trace_languages(1): [cpp]
[T 01:47:27 61791] Attempting to switch stdout/stderr to 7...
[T 01:47:27 61791] Initializing tracer.
[T 01:47:27 61791] Initializing tags.
[T 01:47:27 61791] ID set to 000000000000F15F_0000000000000001 (parent 000000000000F15D_0000000000000001)
[E 01:47:27 61791] Mimicry classification suppression detected; exiting.
[E 01:47:27 61791] Extractor exited successfully
[T 01:47:27 61789] Extractor /home/codespace/.local/share/gh/extensions/gh-codeql/dist/release/v2.27.1/cpp/tools/linux64/extractor terminated with exit code 0.
[T 01:47:27 61792] Initializing tracer.
[T 01:47:27 61792] Initializing tags.
[T 01:47:27 61792] ID set to 000000000000F160_0000000000000001 (parent 000000000000F138_0000000000000001)
[T 01:47:27 61792] ==== Candidate to intercept: /usr/libexec/gcc/x86_64-linux-gnu/13/cc1 (canonical: /usr/libexec/gcc/x86_64-linux-gnu/13/cc1) ====
[T 01:47:27 61792] Lua: === Intercepted call to /usr/libexec/gcc/x86_64-linux-gnu/13/cc1 ===
[T 01:47:27 61792] Executing the following tracer actions:
[T 01:47:27 61792] Tracer actions:
[T 01:47:27 61792] pre_invocations(0)
[T 01:47:27 61792] post_invocations(1)
[T 01:47:27 61792] invocation: /home/codespace/.local/share/gh/extensions/gh-codeql/dist/release/v2.27.1/cpp/tools/linux64/extractor, args: [--mimic, /usr/libexec/gcc/x86_64-linux-gnu/13/cc1, @/workspaces/cybr621-lab2-Memory-Safety-Validation/codeql-db/working/tmp//semmle_9_61752_187324, -o, /workspaces/cybr621-lab2-Memory-Safety-Validation/codeql-db/working/tmp//semmle_19_61752_449443.o, /workspaces/cybr621-lab2-Memory-Safety-Validation/codeql-db/working/tmp//semmle_18_61752_449401.c]
[T 01:47:27 61792] trace_languages(1): [cpp]
[T 01:47:27 61794] Attempting to switch stdout/stderr to 7...
[T 01:47:27 61794] Initializing tracer.
[T 01:47:27 61794] Initializing tags.
[T 01:47:27 61794] ID set to 000000000000F162_0000000000000001 (parent 000000000000F160_0000000000000001)
[E 01:47:27 61794] Mimicry classification suppression detected; exiting.
[E 01:47:27 61794] Extractor exited successfully
[T 01:47:27 61792] Extractor /home/codespace/.local/share/gh/extensions/gh-codeql/dist/release/v2.27.1/cpp/tools/linux64/extractor terminated with exit code 0.
[T 01:47:27 61795] Initializing tracer.
[T 01:47:27 61795] Initializing tags.
[T 01:47:27 61795] ID set to 000000000000F163_0000000000000001 (parent 000000000000F138_0000000000000001)
[T 01:47:27 61795] ==== Candidate to intercept: /usr/libexec/gcc/x86_64-linux-gnu/13/cc1 (canonical: /usr/libexec/gcc/x86_64-linux-gnu/13/cc1) ====
[T 01:47:27 61795] Lua: === Intercepted call to /usr/libexec/gcc/x86_64-linux-gnu/13/cc1 ===
[T 01:47:27 61795] Executing the following tracer actions:
[T 01:47:27 61795] Tracer actions:
[T 01:47:27 61795] pre_invocations(0)
[T 01:47:27 61795] post_invocations(1)
[T 01:47:27 61795] invocation: /home/codespace/.local/share/gh/extensions/gh-codeql/dist/release/v2.27.1/cpp/tools/linux64/extractor, args: [--mimic, /usr/libexec/gcc/x86_64-linux-gnu/13/cc1, @/workspaces/cybr621-lab2-Memory-Safety-Validation/codeql-db/working/tmp//semmle_9_61752_187324, -o, /workspaces/cybr621-lab2-Memory-Safety-Validation/codeql-db/working/tmp//semmle_21_61752_478164.o, /workspaces/cybr621-lab2-Memory-Safety-Validation/codeql-db/working/tmp//semmle_20_61752_478101.c]
[T 01:47:27 61795] trace_languages(1): [cpp]
[T 01:47:27 61797] Attempting to switch stdout/stderr to 7...
[T 01:47:27 61797] Initializing tracer.
[T 01:47:27 61797] Initializing tags.
[T 01:47:27 61797] ID set to 000000000000F165_0000000000000001 (parent 000000000000F163_0000000000000001)
[E 01:47:27 61797] Mimicry classification suppression detected; exiting.
[E 01:47:27 61797] Extractor exited successfully
[T 01:47:27 61795] Extractor /home/codespace/.local/share/gh/extensions/gh-codeql/dist/release/v2.27.1/cpp/tools/linux64/extractor terminated with exit code 0.
[E 01:47:27 61752] Processed command line: /home/codespace/.local/share/gh/extensions/gh-codeql/dist/release/v2.27.1/cpp/tools/linux64/extractor --trapfolder /workspaces/cybr621-lab2-Memory-Safety-Validation/codeql-db/trap/cpp --src_archive /workspaces/cybr621-lab2-Memory-Safety-Validation/codeql-db/src --object_filename /tmp/ccAxElxT.s --no_warnings_and_discretionary_errors --error_limit 1000 --disable_system_macros --variadic_macros --incognito --gcc --gnu_version 130300 --target linux_x86_64 '-D__DBL_MIN_EXP__=(-1021)' -D__UINT_LEAST16_MAX__=0xffff -D__FLT16_HAS_QUIET_NAN__=1 -D__ATOMIC_ACQUIRE=2 -D__FLT128_MAX_10_EXP__=4932 -D__FLT_MIN__=1.17549435082228750796873653722224568e-38F -D__GCC_IEC_559_COMPLEX=2 '-D__UINT_LEAST8_TYPE__=unsigned char' -D__SIZEOF_FLOAT80__=16 -D__BFLT16_DENORM_MIN__=9.18354961579912115600575419704879436e-41BF16 '-D__INTMAX_C(c)=c ## L' -D__CHAR_BIT__=8 -D__UINT8_MAX__=0xff -D__SCHAR_WIDTH__=8 -D__WINT_MAX__=0xffffffffU '-D__FLT32_MIN_EXP__=(-125)' -D__BFLT16_NORM_MAX__=3.38953138925153547590470800371487867e+38BF16 '-D__BFLT16_MIN_10_EXP__=(-37)' -D__ORDER_LITTLE_ENDIAN__=1234 -D__WCHAR_MAX__=0x7fffffff -D__GCC_HAVE_SYNC_COMPARE_AND_SWAP_2=1 -D__GCC_HAVE_SYNC_COMPARE_AND_SWAP_4=1 -D__GCC_HAVE_SYNC_COMPARE_AND_SWAP_8=1 -D__GCC_ATOMIC_CHAR_LOCK_FREE=2 -D__GCC_IEC_559=2 -D__FLT32X_DECIMAL_DIG__=17 -D__FLT_EVAL_METHOD__=0 -D__FLT64_DECIMAL_DIG__=17 -D__CET__=3 -D__GCC_ATOMIC_CHAR32_T_LOCK_FREE=2 -D__UINT_FAST64_MAX__=0xffffffffffffffffUL -D__SIG_ATOMIC_TYPE__=int '-D__DBL_MIN_10_EXP__=(-307)' -D__FINITE_MATH_ONLY__=0 -D__FLT32X_MAX_EXP__=1024 -D__GCC_HAVE_SYNC_COMPARE_AND_SWAP_1=1 -D__FLT32_HAS_DENORM__=1 -D__UINT_FAST8_MAX__=0xff -D__FLT32_MAX_10_EXP__=38 -D__DEC64_MAX_EXP__=385 '-D__INT8_C(c)=c' -D__INT_LEAST8_WIDTH__=8 -D__UINT_LEAST64_MAX__=0xffffffffffffffffUL -D__SHRT_MAX__=0x7fff -D__LDBL_MAX__=1.18973149535723176502126385303097021e+4932L -D__FLT64X_MAX_10_EXP__=4932 -D__BFLT16_MAX_10_EXP__=38 -D__BFLT16_MAX_EXP__=128 -D__LDBL_IS_IEC_60559__=1 -D__FLT64X_HAS_QUIET_NAN__=1 -D__UINT_LEAST8_MAX__=0xff -D__GCC_ATOMIC_BOOL_LOCK_FREE=2 -D__FLT128_DENORM_MIN__=6.47517511943802511092443895822764655e-4966F128 '-D__UINTMAX_TYPE__=long unsigned int' -D__BFLT16_DECIMAL_DIG__=4 -D__linux=1 -D__DEC32_EPSILON__=1E-6DF -D__FLT_EVAL_METHOD_TS_18661_3__=0 -D__UINT32_MAX__=0xffffffffU '-D__DBL_DENORM_MIN__=((double)4.94065645841246544176568792868221372e-324L)' '-D__FLT128_MIN_EXP__=(-16381)' -D__WINT_MIN__=0U '-D__FLT128_MIN_10_EXP__=(-4931)' -D__FLT32X_IS_IEC_60559__=1 -D__INT_LEAST16_WIDTH__=16 -D__SCHAR_MAX__=0x7f -D__FLT128_MANT_DIG__=113 '-D__WCHAR_MIN__=(-__WCHAR_MAX__ - 1)' '-D__INT64_C(c)=c ## L' -D__SSP_STRONG__=3 -D__GCC_ATOMIC_POINTER_LOCK_FREE=2 -D__ATOMIC_SEQ_CST=5 -D__unix=1 -D__INT_LEAST64_MAX__=0x7fffffffffffffffL -D__FLT32X_MANT_DIG__=53 -D__FLT64X_EPSILON__=1.08420217248550443400745280086994171e-19F64x '-D__DEC64_MIN_EXP__=(-382)' -D__DBL_DIG__=15 -D__FLT_EPSILON__=1.19209289550781250000000000000000000e-7F -D__SHRT_WIDTH__=16 -D__FLT32_IS_IEC_60559__=1 -D__LDBL_MIN__=3.36210314311209350626267781732175260e-4932L -D__STDC_UTF_16__=1 -D__DBL_IS_IEC_60559__=1 -D__DEC32_MAX__=9.999999E96DF -D__FLT64X_DENORM_MIN__=3.64519953188247460252840593361941982e-4951F64x -D__FLT32X_HAS_INFINITY__=1 -D__unix__=1 -D__INT_WIDTH__=32 -D__STDC_IEC_559__=1 -D__STDC_ISO_10646__=201706L -D__DECIMAL_DIG__=21 -D__STDC_IEC_559_COMPLEX__=1 -D__FLT64_EPSILON__=2.22044604925031308084726333618164062e-16F64 -D__gnu_linux__=1 -D__FLT128_IS_IEC_60559__=1 '-D__FLT64X_MIN_10_EXP__=(-4931)' -D__LDBL_HAS_QUIET_NAN__=1 '-D__FLT16_MIN_EXP__=(-13)' -D__FLT64_MANT_DIG__=53 -D__FLT64X_MANT_DIG__=64 -D__BFLT16_DIG__=2 -D__pie__=2 -D__MMX__=1 -D__FLT_HAS_DENORM__=1 -D__SIZEOF_LONG_DOUBLE__=16 -D__BIGGEST_ALIGNMENT__=16 -D__FLT64_MAX_10_EXP__=308 -D__BFLT16_IS_IEC_60559__=0 -D__FLT16_MAX_10_EXP__=4 '-D__DBL_MAX__=((double)1.79769313486231570814527423731704357e+308L)' -D__INT_FAST32_MAX__=0x7fffffffffffffffL -D__DBL_HAS_INFINITY__=1 -D__INT64_MAX__=0x7fffffffffffffffL -D__SIZEOF_FLOAT__=4 -D__HAVE_SPECULATION_SAFE_VALUE=1 '-D__DEC32_MIN_EXP__=(-94)' -D__INTPTR_WIDTH__=64 -D__UINT_LEAST32_MAX__=0xffffffffU -D__FLT32X_HAS_DENORM__=1 '-D__INT_FAST16_TYPE__=long int' -D__MMX_WITH_SSE__=1 -D__LDBL_HAS_DENORM__=1 -D__SEG_GS=1 -D__BFLT16_EPSILON__=7.81250000000000000000000000000000000e-3BF16 -D__FLT128_HAS_INFINITY__=1 -D__DEC32_MIN__=1E-95DF -D__DBL_MAX_EXP__=1024 -D__WCHAR_WIDTH__=32 -D__FLT32_MAX__=3.40282346638528859811704183484516925e+38F32 -D__DEC128_EPSILON__=1E-33DL -D__FLT16_DECIMAL_DIG__=5 -D__SSE2_MATH__=1 -D__ATOMIC_HLE_RELEASE=131072 -D__PTRDIFF_MAX__=0x7fffffffffffffffL -D__amd64=1 -D__ATOMIC_HLE_ACQUIRE=65536 -D__LONG_LONG_MAX__=0x7fffffffffffffffLL -D__SIZEOF_SIZE_T__=8 -D__BFLT16_HAS_INFINITY__=1 '-D__FLT64X_MIN_EXP__=(-16381)' -D__SIZEOF_WINT_T__=4 -D__LONG_LONG_WIDTH__=64 -D__FLT32_MAX_EXP__=128 -D__GXX_ABI_VERSION=1018 '-D__FLT_MIN_EXP__=(-125)' -D__GCC_HAVE_DWARF2_CFI_ASM=1 -D__INT16_MAX__=0x7fff -D__x86_64=1 '-D__INT_FAST64_TYPE__=long int' -D__BFLT16_MAX__=3.38953138925153547590470800371487867e+38BF16 -D__BFLT16_HAS_DENORM__=1 -D__FLT64_DENORM_MIN__=4.94065645841246544176568792868221372e-324F64 -D__FLT16_DENORM_MIN__=5.96046447753906250000000000000000000e-8F16 -D__FLT128_EPSILON__=1.92592994438723585305597794258492732e-34F128 -D__FLT64X_NORM_MAX__=1.18973149535723176502126385303097021e+4932F64x -D__SIZEOF_POINTER__=8 '-D__SIZE_TYPE__=long unsigned int' -D__LP64__=1 -D__DBL_HAS_QUIET_NAN__=1 -D__FLT32X_EPSILON__=2.22044604925031308084726333618164062e-16F32x -D__LDBL_MAX_EXP__=16384 -D__DECIMAL_BID_FORMAT__=1 '-D__FLT64_MIN_EXP__=(-1021)' '-D__FLT64_MIN_10_EXP__=(-307)' '-D__FLT16_MIN_10_EXP__=(-4)' -D__FLT64X_DECIMAL_DIG__=21 -D__DEC128_MIN__=1E-6143DL -D__REGISTER_PREFIX__= -D__UINT16_MAX__=0xffff -D__DBL_HAS_DENORM__=1 -D__FLT32_MIN__=1.17549435082228750796873653722224568e-38F32 '-D__UINT8_TYPE__=unsigned char' -D__FLT_DIG__=6 -D__NO_INLINE__=1 -D__DEC_EVAL_METHOD__=2 -D__FLT_MANT_DIG__=24 -D__LDBL_DECIMAL_DIG__=21 '-D__UINT64_C(c)=c ## UL' -D_STDC_PREDEF_H=1 -D__INT_LEAST32_MAX__=0x7fffffff -D__GCC_ATOMIC_INT_LOCK_FREE=2 -D__FLT128_MAX_EXP__=16384 -D__FLT32_MANT_DIG__=24 -D__FLOAT_WORD_ORDER__=__ORDER_LITTLE_ENDIAN__ '-D__FLT32X_MIN_EXP__=(-1021)' -D__STDC_IEC_60559_COMPLEX__=201404L -D__BFLT16_MIN__=1.17549435082228750796873653722224568e-38BF16 -D__FLT128_HAS_DENORM__=1 -D__FLT32_DECIMAL_DIG__=9 -D__FLT128_DIG__=33 '-D__INT32_C(c)=c' -D__DEC64_EPSILON__=1E-15DD -D__ORDER_PDP_ENDIAN__=3412 '-D__DEC128_MIN_EXP__=(-6142)' -D__DEC128_MAX__=9.999999999999999999999999999999999E6144DL '-D__INT_FAST32_TYPE__=long int' '-D__UINT_LEAST16_TYPE__=short unsigned int' -D__DEC128_MAX_EXP__=6145 -Dunix=1 -D__UINT64_MAX__=0xffffffffffffffffUL -D__FLT_IS_IEC_60559__=1 '-D__GNUC_WIDE_EXECUTION_CHARSET_NAME="UTF-32LE"' -D__FLT64X_DIG__=18 '-D__INT8_TYPE__=signed char' -D__ELF__=1 -D__GCC_ASM_FLAG_OUTPUTS__=1 '-D__UINT32_TYPE__=unsigned int' -D__BFLT16_HAS_QUIET_NAN__=1 -D__FLT_RADIX__=2 '-D__INT_LEAST16_TYPE__=short int' -D__LDBL_EPSILON__=1.08420217248550443400745280086994171e-19L '-D__UINTMAX_C(c)=c ## UL' -D__FLT16_DIG__=3 -D__SSE_MATH__=1 -D__k8=1 -D__FLT32X_MIN__=2.22507385850720138309023271733240406e-308F32x -D__SIG_ATOMIC_MAX__=0x7fffffff -D__GCC_ATOMIC_WCHAR_T_LOCK_FREE=2 -D__USER_LABEL_PREFIX__= -D__STDC_IEC_60559_BFP__=201404L -D__SIZEOF_PTRDIFF_T__=8 -D__FLT64X_HAS_INFINITY__=1 -D__FLT32_HAS_INFINITY__=1 -D__SIZEOF_LONG__=8 -D__LDBL_DIG__=18 -D__FLT64_IS_IEC_60559__=1 -D__x86_64__=1 -D__FLT16_IS_IEC_60559__=1 -D__FLT16_MAX_EXP__=16 -D__DEC32_SUBNORMAL_MIN__=0.000001E-95DF -D__INT_FAST16_MAX__=0x7fffffffffffffffL -D__GCC_CONSTRUCTIVE_SIZE=64 -D__FLT64_DIG__=15 -D__UINT_FAST32_MAX__=0xffffffffffffffffUL '-D__UINT_LEAST64_TYPE__=long unsigned int' -D__FLT16_EPSILON__=9.76562500000000000000000000000000000e-4F16 -D__FLT_HAS_QUIET_NAN__=1 -D__FLT_MAX_10_EXP__=38 -D__LONG_MAX__=0x7fffffffffffffffL -D__FLT64X_HAS_DENORM__=1 -D__DEC128_SUBNORMAL_MIN__=0.000000000000000000000000000000001E-6143DL -D__FLT_HAS_INFINITY__=1 '-D__GNUC_EXECUTION_CHARSET_NAME="UTF-8"' '-D__UINT_FAST16_TYPE__=long unsigned int' -D__DEC64_MAX__=9.999999999999999E384DD -D__INT_FAST32_WIDTH__=64 -D__PRAGMA_REDEFINE_EXTNAME=1 -D__SIZE_WIDTH__=64 -D__SEG_FS=1 -D__INT_LEAST16_MAX__=0x7fff -D__FLT16_NORM_MAX__=6.55040000000000000000000000000000000e+4F16 -D__DEC64_MANT_DIG__=16 -D__FLT32_DENORM_MIN__=1.40129846432481707092372958328991613e-45F32 -D__SIG_ATOMIC_WIDTH__=32 '-D__INT_LEAST64_TYPE__=long int' '-D__INT16_TYPE__=short int' '-D__INT_LEAST8_TYPE__=signed char' -D__FLT16_MAX__=6.55040000000000000000000000000000000e+4F16 -D__FLT128_MIN__=3.36210314311209350626267781732175260e-4932F128 -D__SIZEOF_INT__=4 -D__DEC32_MAX_EXP__=97 -D__INT_FAST8_MAX__=0x7f -D__FLT128_MAX__=1.18973149535723176508575932662800702e+4932F128 -D__INTPTR_MAX__=0x7fffffffffffffffL -Dlinux=1 -D__FLT64_HAS_QUIET_NAN__=1 '-D__FLT32_MIN_10_EXP__=(-37)' -D__FLT32X_DIG__=15 '-D__UINT16_C(c)=c' -D__PTRDIFF_WIDTH__=64 -D__LDBL_MANT_DIG__=64 -D__INT_FAST16_WIDTH__=64 -D__FLT64_HAS_INFINITY__=1 -D__FLT64X_MAX__=1.18973149535723176502126385303097021e+4932F64x -D__FLT16_HAS_INFINITY__=1 '-D__SIG_ATOMIC_MIN__=(-__SIG_ATOMIC_MAX__ - 1)' -D__code_model_small__=1 -D__GCC_ATOMIC_LONG_LOCK_FREE=2 -D__DEC32_MANT_DIG__=7 -D__FLT16_MANT_DIG__=11 -D__k8__=1 '-D__INTPTR_TYPE__=long int' '-D__UINT16_TYPE__=short unsigned int' -D__WCHAR_TYPE__=int -D__pic__=2 -D__UINTPTR_MAX__=0xffffffffffffffffUL -D__INT_FAST64_WIDTH__=64 -D__LDBL_HAS_INFINITY__=1 -D__INT_FAST64_MAX__=0x7fffffffffffffffL -D__GCC_ATOMIC_TEST_AND_SET_TRUEVAL=1 -D__FLT_NORM_MAX__=3.40282346638528859811704183484516925e+38F -D__FLT64X_MAX_EXP__=16384 '-D__UINT_FAST64_TYPE__=long unsigned int' '-D__BFLT16_MIN_EXP__=(-125)' -D__INT_MAX__=0x7fffffff -D__linux__=1 '-D__INT64_TYPE__=long int' -D__FLT_MAX_EXP__=128 -D__ORDER_BIG_ENDIAN__=4321 -D__DBL_MANT_DIG__=53 -D__SIZEOF_FLOAT128__=16 -D__BFLT16_MANT_DIG__=8 -D__GCC_ATOMIC_CHAR16_T_LOCK_FREE=2 -D__DEC64_MIN__=1E-383DD '-D__WINT_TYPE__=unsigned int' '-D__UINT_LEAST32_TYPE__=unsigned int' -D__SIZEOF_SHORT__=2 -D__FLT32_NORM_MAX__=3.40282346638528859811704183484516925e+38F32 -D__SSE__=1 '-D__LDBL_MIN_EXP__=(-16381)' -D__FLT64_MAX__=1.79769313486231570814527423731704357e+308F64 -D__amd64__=1 -D__WINT_WIDTH__=32 -D__INT_LEAST8_MAX__=0x7f -D__INT_LEAST64_WIDTH__=64 -D__FLT32X_MAX_10_EXP__=308 -D__SIZEOF_INT128__=16 -D__FLT16_MIN__=6.10351562500000000000000000000000000e-5F16 -D__FLT64X_IS_IEC_60559__=1 -D__LDBL_MAX_10_EXP__=4932 -D__ATOMIC_RELAXED=0 '-D__DBL_EPSILON__=((double)2.22044604925031308084726333618164062e-16L)' -D__INT_LEAST32_TYPE__=int -D_LP64=1 '-D__UINT8_C(c)=c' -D__FLT64_MAX_EXP__=1024 -D__SIZEOF_WCHAR_T__=4 '-D__UINT64_TYPE__=long unsigned int' -D__FLT128_NORM_MAX__=1.18973149535723176508575932662800702e+4932F128 -D__FLT64_NORM_MAX__=1.79769313486231570814527423731704357e+308F64 -D__FLT128_HAS_QUIET_NAN__=1 -D__INTMAX_MAX__=0x7fffffffffffffffL '-D__INT_FAST8_TYPE__=signed char' -D__FLT64X_MIN__=3.36210314311209350626267781732175260e-4932F64x -D__FLT64_HAS_DENORM__=1 -D__FLT32_EPSILON__=1.19209289550781250000000000000000000e-7F32 -D__FLT16_HAS_DENORM__=1 -D__DBL_DECIMAL_DIG__=17 -D__STDC_UTF_32__=1 -D__INT_FAST8_WIDTH__=8 -D__FXSR__=1 -D__FLT32X_MAX__=1.79769313486231570814527423731704357e+308F32x '-D__DBL_NORM_MAX__=((double)1.79769313486231570814527423731704357e+308L)' -D__BYTE_ORDER__=__ORDER_LITTLE_ENDIAN__ -D__GCC_DESTRUCTIVE_SIZE=64 -D__INTMAX_WIDTH__=64 -D__FLT32_DIG__=6 '-D__UINT32_C(c)=c ## U' -D__FLT_DENORM_MIN__=1.40129846432481707092372958328991613e-45F -D__INT8_MAX__=0x7f -D__LONG_WIDTH__=64 '-D__DBL_MIN__=((double)2.22507385850720138309023271733240406e-308L)' -D__PIC__=2 -D__INT32_MAX__=0x7fffffff '-D__UINT_FAST32_TYPE__=long unsigned int' -D__FLT32X_NORM_MAX__=1.79769313486231570814527423731704357e+308F32x -D__FLT_MAX__=3.40282346638528859811704183484516925e+38F -D__SSE2__=1 -D__INT32_TYPE__=int -D__SIZEOF_DOUBLE__=8 '-D__FLT_MIN_10_EXP__=(-37)' -D__FLT64_MIN__=2.22507385850720138309023271733240406e-308F64 -D__INT_LEAST32_WIDTH__=32 '-D__INTMAX_TYPE__=long int' -D__FLT32X_HAS_QUIET_NAN__=1 -D__ATOMIC_CONSUME=1 -D__UINTMAX_MAX__=0xffffffffffffffffUL -D__PIE__=2 -D__FLT32X_DENORM_MIN__=4.94065645841246544176568792868221372e-324F32x -D__DBL_MAX_10_EXP__=308 -D__LDBL_DENORM_MIN__=3.64519953188247460252840593361941982e-4951L '-D__INT16_C(c)=c' '-D__PTRDIFF_TYPE__=long int' '-D__FLT32X_MIN_10_EXP__=(-307)' '-D__UINTPTR_TYPE__=long unsigned int' -D__DEC64_SUBNORMAL_MIN__=0.000000000000001E-383DD -D__DEC128_MANT_DIG__=34 '-D__LDBL_MIN_10_EXP__=(-4931)' -D__SIZEOF_LONG_LONG__=8 -D__FLT128_DECIMAL_DIG__=36 -D__GCC_ATOMIC_LLONG_LOCK_FREE=2 -D__FLT32_HAS_QUIET_NAN__=1 -D__FLT_DECIMAL_DIG__=9 -D__UINT_FAST16_MAX__=0xffffffffffffffffUL -D__LDBL_NORM_MAX__=1.18973149535723176502126385303097021e+4932L -D__GCC_ATOMIC_SHORT_LOCK_FREE=2 -D__SIZE_MAX__=0xffffffffffffffffUL '-D__UINT_FAST8_TYPE__=unsigned char' -D__ATOMIC_ACQ_REL=4 -D__ATOMIC_RELEASE=3 -I/usr/lib/gcc/x86_64-linux-gnu/13/include -I/usr/local/include -I/usr/include/x86_64-linux-gnu -I/usr/include -- assistant1.c
[E 01:47:27 61752] CODEQL_EXTRACTOR_CPP_TRAP_CACHING is not set
[E 01:47:27 61752] CODEQL_EXTRACTOR_CPP_OPTION_TRAP_CACHE_WRITE is not set
[E 01:47:27 61752] CODEQL_EXTRACTOR_CPP_OPTION_TRAP_CACHE_DIR is not set
[E 01:47:27 61752] Initialising TRAP cache at path: 1d/85e6/e635c295bac4d8cf384863f23559
[E 01:47:27 61752] Not using TRAP cache
[E 01:47:27 61752] TRAP cache miss
[E 01:47:27 61752] Starting compilation TRAP /workspaces/cybr621-lab2-Memory-Safety-Validation/codeql-db/trap/cpp/compilations/50/24247122_0.trap.zst
[E 01:47:27 61752] Archiving /workspaces/cybr621-lab2-Memory-Safety-Validation/codeql-db/src/workspaces/cybr621-lab2-Memory-Safety-Validation/assistant1.c
[E 01:47:27 61752] Archiving /workspaces/cybr621-lab2-Memory-Safety-Validation/codeql-db/src/usr/include/stdio.h
[E 01:47:27 61752] Archiving /workspaces/cybr621-lab2-Memory-Safety-Validation/codeql-db/src/usr/include/x86_64-linux-gnu/bits/libc-header-start.h
[E 01:47:27 61752] Archiving /workspaces/cybr621-lab2-Memory-Safety-Validation/codeql-db/src/usr/include/features.h
[E 01:47:27 61752] Archiving /workspaces/cybr621-lab2-Memory-Safety-Validation/codeql-db/src/usr/include/features-time64.h
[E 01:47:27 61752] Archiving /workspaces/cybr621-lab2-Memory-Safety-Validation/codeql-db/src/usr/include/x86_64-linux-gnu/bits/wordsize.h
[E 01:47:27 61752] Archiving /workspaces/cybr621-lab2-Memory-Safety-Validation/codeql-db/src/usr/include/x86_64-linux-gnu/bits/timesize.h
[E 01:47:27 61752] Already archived /workspaces/cybr621-lab2-Memory-Safety-Validation/codeql-db/src/usr/include/x86_64-linux-gnu/bits/wordsize.h
[E 01:47:27 61752] Archiving /workspaces/cybr621-lab2-Memory-Safety-Validation/codeql-db/src/usr/include/stdc-predef.h
[E 01:47:27 61752] Archiving /workspaces/cybr621-lab2-Memory-Safety-Validation/codeql-db/src/usr/include/x86_64-linux-gnu/sys/cdefs.h
[E 01:47:27 61752] Already archived /workspaces/cybr621-lab2-Memory-Safety-Validation/codeql-db/src/usr/include/x86_64-linux-gnu/bits/wordsize.h
[E 01:47:27 61752] Archiving /workspaces/cybr621-lab2-Memory-Safety-Validation/codeql-db/src/usr/include/x86_64-linux-gnu/bits/long-double.h
[E 01:47:27 61752] Archiving /workspaces/cybr621-lab2-Memory-Safety-Validation/codeql-db/src/usr/include/x86_64-linux-gnu/gnu/stubs.h
[E 01:47:27 61752] Archiving /workspaces/cybr621-lab2-Memory-Safety-Validation/codeql-db/src/usr/include/x86_64-linux-gnu/gnu/stubs-64.h
[E 01:47:27 61752] Archiving /workspaces/cybr621-lab2-Memory-Safety-Validation/codeql-db/src/usr/lib/gcc/x86_64-linux-gnu/13/include/stddef.h
[E 01:47:27 61752] Archiving /workspaces/cybr621-lab2-Memory-Safety-Validation/codeql-db/src/usr/lib/gcc/x86_64-linux-gnu/13/include/stdarg.h
[E 01:47:27 61752] Archiving /workspaces/cybr621-lab2-Memory-Safety-Validation/codeql-db/src/usr/include/x86_64-linux-gnu/bits/types.h
[E 01:47:27 61752] Already archived /workspaces/cybr621-lab2-Memory-Safety-Validation/codeql-db/src/usr/include/x86_64-linux-gnu/bits/wordsize.h
[E 01:47:27 61752] Already archived /workspaces/cybr621-lab2-Memory-Safety-Validation/codeql-db/src/usr/include/x86_64-linux-gnu/bits/timesize.h
[E 01:47:27 61752] Already archived /workspaces/cybr621-lab2-Memory-Safety-Validation/codeql-db/src/usr/include/x86_64-linux-gnu/bits/wordsize.h
[E 01:47:27 61752] Archiving /workspaces/cybr621-lab2-Memory-Safety-Validation/codeql-db/src/usr/include/x86_64-linux-gnu/bits/typesizes.h
[E 01:47:27 61752] Archiving /workspaces/cybr621-lab2-Memory-Safety-Validation/codeql-db/src/usr/include/x86_64-linux-gnu/bits/time64.h
[E 01:47:27 61752] Archiving /workspaces/cybr621-lab2-Memory-Safety-Validation/codeql-db/src/usr/include/x86_64-linux-gnu/bits/types/__fpos_t.h
[E 01:47:27 61752] Archiving /workspaces/cybr621-lab2-Memory-Safety-Validation/codeql-db/src/usr/include/x86_64-linux-gnu/bits/types/__mbstate_t.h
[E 01:47:27 61752] Archiving /workspaces/cybr621-lab2-Memory-Safety-Validation/codeql-db/src/usr/include/x86_64-linux-gnu/bits/types/__fpos64_t.h
[E 01:47:27 61752] Archiving /workspaces/cybr621-lab2-Memory-Safety-Validation/codeql-db/src/usr/include/x86_64-linux-gnu/bits/types/__FILE.h
[E 01:47:27 61752] Archiving /workspaces/cybr621-lab2-Memory-Safety-Validation/codeql-db/src/usr/include/x86_64-linux-gnu/bits/types/FILE.h
[E 01:47:27 61752] Archiving /workspaces/cybr621-lab2-Memory-Safety-Validation/codeql-db/src/usr/include/x86_64-linux-gnu/bits/types/struct_FILE.h
[E 01:47:27 61752] Archiving /workspaces/cybr621-lab2-Memory-Safety-Validation/codeql-db/src/usr/include/x86_64-linux-gnu/bits/types/cookie_io_functions_t.h
[E 01:47:27 61752] Archiving /workspaces/cybr621-lab2-Memory-Safety-Validation/codeql-db/src/usr/include/x86_64-linux-gnu/bits/stdio_lim.h
[E 01:47:27 61752] Archiving /workspaces/cybr621-lab2-Memory-Safety-Validation/codeql-db/src/usr/include/x86_64-linux-gnu/bits/floatn.h
[E 01:47:27 61752] Archiving /workspaces/cybr621-lab2-Memory-Safety-Validation/codeql-db/src/usr/include/x86_64-linux-gnu/bits/floatn-common.h
[E 01:47:27 61752] Already archived /workspaces/cybr621-lab2-Memory-Safety-Validation/codeql-db/src/usr/include/x86_64-linux-gnu/bits/long-double.h
[E 01:47:27 61752] Creating trap tarball /workspaces/cybr621-lab2-Memory-Safety-Validation/codeql-db/trap/cpp/tarballs/workspaces/cybr621-lab2-Memory-Safety-Validation/assistant1.c.921f2884_0.trap.tar.zst
[E 01:47:27 61752] Emitting trap files for assistant1.c
[E 01:47:27 61752] Opening existencedb in /workspaces/cybr621-lab2-Memory-Safety-Validation/codeql-db/working/existencedb/db
[E 01:47:27 61752] Wrote 28 files to /workspaces/cybr621-lab2-Memory-Safety-Validation/codeql-db/trap/cpp/tarballs/workspaces/cybr621-lab2-Memory-Safety-Validation/assistant1.c.921f2884_0.trap.tar.zst
[E 01:47:27 61752] Finished compilation TRAP /workspaces/cybr621-lab2-Memory-Safety-Validation/codeql-db/trap/cpp/compilations/50/24247122_0.trap.zst
[E 01:47:27 61752] Marking C compilation as happened.
[E 01:47:27 61752] Setting tag c-compilation-happened
[E 01:47:27 61752] Starting from CODEQL_TRACER_DB_ID 000000000000F136_0000000000000001
[E 01:47:27 61752] Locking DB /workspaces/cybr621-lab2-Memory-Safety-Validation/codeql-db/working/tags.db
[E 01:47:27 61752] Locked DB /workspaces/cybr621-lab2-Memory-Safety-Validation/codeql-db/working/tags.db
[E 01:47:27 61752] Set tag for 000000000000F136_0000000000000001
[E 01:47:27 61752] Set tag for 000000000000F132_0000000000000003
[E 01:47:27 61752] Set tag for 000000000000F132_0000000000000002
[E 01:47:27 61752] Set tag for root
[E 01:47:27 61752] Unlocking DB
[E 01:47:27 61752] Unlocked DB
[E 01:47:27 61752] Time: 0.08 (CPU) 0.00 (elapsed)
[E 01:47:27 61752] Memory: 33.33 MiB (peak rss)
[E 01:47:27 61752] Extractor exited successfully
[T 01:47:27 61750] Extractor /home/codespace/.local/share/gh/extensions/gh-codeql/dist/release/v2.27.1/cpp/tools/linux64/extractor terminated with exit code 0.
[T 01:47:27 61799] Initializing tracer.
[T 01:47:27 61799] Initializing tags.
[T 01:47:27 61799] ID set to 000000000000F167_0000000000000001 (parent 000000000000F132_0000000000000003)
[T 01:47:27 61799] ==== Candidate to intercept: as (canonical: /usr/bin/as) ====
[T 01:47:27 61799] Lua: === Intercepted call to /usr/bin/as ===
[T 01:47:27 61799] Executing the following tracer actions:
[T 01:47:27 61799] Tracer actions:
[T 01:47:27 61799] pre_invocations(0)
[T 01:47:27 61799] post_invocations(1)
[T 01:47:27 61799] invocation: /home/codespace/.local/share/gh/extensions/gh-codeql/dist/release/v2.27.1/cpp/tools/linux64/extractor, args: [--assembler, --codeql-assembler-executable, /usr/bin/as, --64, -o, assistant1.o, /tmp/ccAxElxT.s]
[T 01:47:27 61799] trace_languages(1): [cpp]
[T 01:47:27 61801] Attempting to switch stdout/stderr to 4...
[T 01:47:27 61801] Initializing tracer.
[T 01:47:27 61801] Initializing tags.
[T 01:47:27 61801] ID set to 000000000000F169_0000000000000001 (parent 000000000000F167_0000000000000001)
[E 01:47:27 61801] CodeQL C/C++ Extractor 2.27.1
[E 01:47:27 61801] Current directory: /workspaces/cybr621-lab2-Memory-Safety-Validation
[E 01:47:27 61801] Command: /home/codespace/.local/share/gh/extensions/gh-codeql/dist/release/v2.27.1/cpp/tools/linux64/extractor --assembler --codeql-assembler-executable /usr/bin/as --64 -o assistant1.o /tmp/ccAxElxT.s
[E 01:47:27 61801] Extractor exited after mimicking assembler
[T 01:47:27 61799] Extractor /home/codespace/.local/share/gh/extensions/gh-codeql/dist/release/v2.27.1/cpp/tools/linux64/extractor terminated with exit code 0.
[T 01:47:27 61802] Initializing tracer.
[T 01:47:27 61802] Initializing tags.
[T 01:47:27 61802] ID set to 000000000000F16A_0000000000000001 (parent 000000000000F132_0000000000000003)
[T 01:47:27 61802] ==== Candidate to intercept: /usr/libexec/gcc/x86_64-linux-gnu/13/cc1 (canonical: /usr/libexec/gcc/x86_64-linux-gnu/13/cc1) ====
[T 01:47:27 61802] Lua: === Intercepted call to /usr/libexec/gcc/x86_64-linux-gnu/13/cc1 ===
[T 01:47:27 61802] Executing the following tracer actions:
[T 01:47:27 61802] Tracer actions:
[T 01:47:27 61802] pre_invocations(0)
[T 01:47:27 61802] post_invocations(1)
[T 01:47:27 61802] invocation: /home/codespace/.local/share/gh/extensions/gh-codeql/dist/release/v2.27.1/cpp/tools/linux64/extractor, args: [--mimic, /usr/libexec/gcc/x86_64-linux-gnu/13/cc1, -quiet, -imultiarch, x86_64-linux-gnu, assistant2.c, -quiet, -dumpbase, assistant2.c, -dumpbase-ext, .c, -mtune=generic, -march=x86-64, -Wall, -Wextra, -Wpedantic, -fasynchronous-unwind-tables, -fstack-protector-strong, -Wformat-security, -fstack-clash-protection, -fcf-protection, -o, /tmp/ccAxElxT.s]
[T 01:47:27 61802] trace_languages(1): [cpp]
[T 01:47:27 61804] Attempting to switch stdout/stderr to 4...
[T 01:47:27 61804] Initializing tracer.
[T 01:47:27 61804] Initializing tags.
[T 01:47:27 61804] ID set to 000000000000F16C_0000000000000001 (parent 000000000000F16A_0000000000000001)
[E 01:47:27 61804] CodeQL C/C++ Extractor 2.27.1
[E 01:47:27 61804] Current directory: /workspaces/cybr621-lab2-Memory-Safety-Validation
[E 01:47:27 61804] Command: /home/codespace/.local/share/gh/extensions/gh-codeql/dist/release/v2.27.1/cpp/tools/linux64/extractor --mimic /usr/libexec/gcc/x86_64-linux-gnu/13/cc1 -quiet -imultiarch x86_64-linux-gnu assistant2.c -quiet -dumpbase assistant2.c -dumpbase-ext .c -mtune=generic -march=x86-64 -Wall -Wextra -Wpedantic -fasynchronous-unwind-tables -fstack-protector-strong -Wformat-security -fstack-clash-protection -fcf-protection -o /tmp/ccAxElxT.s
[E 01:47:27 61804] Checking whether C compilation already happened.
[E 01:47:27 61804] Checking for tag c-compilation-happened
[E 01:47:27 61804] Checking CODEQL_TRACER_DB_ID 000000000000F16A_0000000000000001
[E 01:47:27 61804] Locking DB /workspaces/cybr621-lab2-Memory-Safety-Validation/codeql-db/working/tags.db
[E 01:47:27 61804] Locked DB /workspaces/cybr621-lab2-Memory-Safety-Validation/codeql-db/working/tags.db
[E 01:47:27 61804] Unlocking DB
[E 01:47:27 61804] Unlocked DB
[E 01:47:27 61804] Looks like C compilation didn't already happen.
[E 01:47:27 61804] Checking whether C compilation has been attempted.
[E 01:47:27 61804] Checking for tag c-compilation-attempted
[E 01:47:27 61804] Checking CODEQL_TRACER_DB_ID 000000000000F16A_0000000000000001
[E 01:47:27 61804] Locking DB /workspaces/cybr621-lab2-Memory-Safety-Validation/codeql-db/working/tags.db
[E 01:47:27 61804] Locked DB /workspaces/cybr621-lab2-Memory-Safety-Validation/codeql-db/working/tags.db
[E 01:47:27 61804] Unlocking DB
[E 01:47:27 61804] Unlocked DB
[E 01:47:27 61804] Marking C compilation as attempted.
[E 01:47:27 61804] Setting tag c-compilation-attempted
[E 01:47:27 61804] Starting from CODEQL_TRACER_DB_ID 000000000000F16A_0000000000000001
[E 01:47:27 61804] Locking DB /workspaces/cybr621-lab2-Memory-Safety-Validation/codeql-db/working/tags.db
[E 01:47:27 61804] Locked DB /workspaces/cybr621-lab2-Memory-Safety-Validation/codeql-db/working/tags.db
[E 01:47:27 61804] Set tag for 000000000000F16A_0000000000000001
[E 01:47:27 61804] Set tag for 000000000000F132_0000000000000003
[E 01:47:27 61804] Set tag for 000000000000F132_0000000000000002
[E 01:47:27 61804] Set tag for root
[E 01:47:27 61804] Unlocking DB
[E 01:47:27 61804] Unlocked DB
[E 01:47:27 61804] Processed command line: /home/codespace/.local/share/gh/extensions/gh-codeql/dist/release/v2.27.1/cpp/tools/linux64/extractor --trapfolder /workspaces/cybr621-lab2-Memory-Safety-Validation/codeql-db/trap/cpp --src_archive /workspaces/cybr621-lab2-Memory-Safety-Validation/codeql-db/src --object_filename /tmp/ccAxElxT.s --no_warnings_and_discretionary_errors --error_limit 1000 --disable_system_macros --variadic_macros --incognito --gcc --gnu_version 130300 --target linux_x86_64 '-D__DBL_MIN_EXP__=(-1021)' -D__UINT_LEAST16_MAX__=0xffff -D__FLT16_HAS_QUIET_NAN__=1 -D__ATOMIC_ACQUIRE=2 -D__FLT128_MAX_10_EXP__=4932 -D__FLT_MIN__=1.17549435082228750796873653722224568e-38F -D__GCC_IEC_559_COMPLEX=2 '-D__UINT_LEAST8_TYPE__=unsigned char' -D__SIZEOF_FLOAT80__=16 -D__BFLT16_DENORM_MIN__=9.18354961579912115600575419704879436e-41BF16 '-D__INTMAX_C(c)=c ## L' -D__CHAR_BIT__=8 -D__UINT8_MAX__=0xff -D__SCHAR_WIDTH__=8 -D__WINT_MAX__=0xffffffffU '-D__FLT32_MIN_EXP__=(-125)' -D__BFLT16_NORM_MAX__=3.38953138925153547590470800371487867e+38BF16 '-D__BFLT16_MIN_10_EXP__=(-37)' -D__ORDER_LITTLE_ENDIAN__=1234 -D__WCHAR_MAX__=0x7fffffff -D__GCC_HAVE_SYNC_COMPARE_AND_SWAP_2=1 -D__GCC_HAVE_SYNC_COMPARE_AND_SWAP_4=1 -D__GCC_HAVE_SYNC_COMPARE_AND_SWAP_8=1 -D__GCC_ATOMIC_CHAR_LOCK_FREE=2 -D__GCC_IEC_559=2 -D__FLT32X_DECIMAL_DIG__=17 -D__FLT_EVAL_METHOD__=0 -D__FLT64_DECIMAL_DIG__=17 -D__CET__=3 -D__GCC_ATOMIC_CHAR32_T_LOCK_FREE=2 -D__UINT_FAST64_MAX__=0xffffffffffffffffUL -D__SIG_ATOMIC_TYPE__=int '-D__DBL_MIN_10_EXP__=(-307)' -D__FINITE_MATH_ONLY__=0 -D__FLT32X_MAX_EXP__=1024 -D__GCC_HAVE_SYNC_COMPARE_AND_SWAP_1=1 -D__FLT32_HAS_DENORM__=1 -D__UINT_FAST8_MAX__=0xff -D__FLT32_MAX_10_EXP__=38 -D__DEC64_MAX_EXP__=385 '-D__INT8_C(c)=c' -D__INT_LEAST8_WIDTH__=8 -D__UINT_LEAST64_MAX__=0xffffffffffffffffUL -D__SHRT_MAX__=0x7fff -D__LDBL_MAX__=1.18973149535723176502126385303097021e+4932L -D__FLT64X_MAX_10_EXP__=4932 -D__BFLT16_MAX_10_EXP__=38 -D__BFLT16_MAX_EXP__=128 -D__LDBL_IS_IEC_60559__=1 -D__FLT64X_HAS_QUIET_NAN__=1 -D__UINT_LEAST8_MAX__=0xff -D__GCC_ATOMIC_BOOL_LOCK_FREE=2 -D__FLT128_DENORM_MIN__=6.47517511943802511092443895822764655e-4966F128 '-D__UINTMAX_TYPE__=long unsigned int' -D__BFLT16_DECIMAL_DIG__=4 -D__linux=1 -D__DEC32_EPSILON__=1E-6DF -D__FLT_EVAL_METHOD_TS_18661_3__=0 -D__UINT32_MAX__=0xffffffffU '-D__DBL_DENORM_MIN__=((double)4.94065645841246544176568792868221372e-324L)' '-D__FLT128_MIN_EXP__=(-16381)' -D__WINT_MIN__=0U '-D__FLT128_MIN_10_EXP__=(-4931)' -D__FLT32X_IS_IEC_60559__=1 -D__INT_LEAST16_WIDTH__=16 -D__SCHAR_MAX__=0x7f -D__FLT128_MANT_DIG__=113 '-D__WCHAR_MIN__=(-__WCHAR_MAX__ - 1)' '-D__INT64_C(c)=c ## L' -D__SSP_STRONG__=3 -D__GCC_ATOMIC_POINTER_LOCK_FREE=2 -D__ATOMIC_SEQ_CST=5 -D__unix=1 -D__INT_LEAST64_MAX__=0x7fffffffffffffffL -D__FLT32X_MANT_DIG__=53 -D__FLT64X_EPSILON__=1.08420217248550443400745280086994171e-19F64x '-D__DEC64_MIN_EXP__=(-382)' -D__DBL_DIG__=15 -D__FLT_EPSILON__=1.19209289550781250000000000000000000e-7F -D__SHRT_WIDTH__=16 -D__FLT32_IS_IEC_60559__=1 -D__LDBL_MIN__=3.36210314311209350626267781732175260e-4932L -D__STDC_UTF_16__=1 -D__DBL_IS_IEC_60559__=1 -D__DEC32_MAX__=9.999999E96DF -D__FLT64X_DENORM_MIN__=3.64519953188247460252840593361941982e-4951F64x -D__FLT32X_HAS_INFINITY__=1 -D__unix__=1 -D__INT_WIDTH__=32 -D__STDC_IEC_559__=1 -D__STDC_ISO_10646__=201706L -D__DECIMAL_DIG__=21 -D__STDC_IEC_559_COMPLEX__=1 -D__FLT64_EPSILON__=2.22044604925031308084726333618164062e-16F64 -D__gnu_linux__=1 -D__FLT128_IS_IEC_60559__=1 '-D__FLT64X_MIN_10_EXP__=(-4931)' -D__LDBL_HAS_QUIET_NAN__=1 '-D__FLT16_MIN_EXP__=(-13)' -D__FLT64_MANT_DIG__=53 -D__FLT64X_MANT_DIG__=64 -D__BFLT16_DIG__=2 -D__pie__=2 -D__MMX__=1 -D__FLT_HAS_DENORM__=1 -D__SIZEOF_LONG_DOUBLE__=16 -D__BIGGEST_ALIGNMENT__=16 -D__FLT64_MAX_10_EXP__=308 -D__BFLT16_IS_IEC_60559__=0 -D__FLT16_MAX_10_EXP__=4 '-D__DBL_MAX__=((double)1.79769313486231570814527423731704357e+308L)' -D__INT_FAST32_MAX__=0x7fffffffffffffffL -D__DBL_HAS_INFINITY__=1 -D__INT64_MAX__=0x7fffffffffffffffL -D__SIZEOF_FLOAT__=4 -D__HAVE_SPECULATION_SAFE_VALUE=1 '-D__DEC32_MIN_EXP__=(-94)' -D__INTPTR_WIDTH__=64 -D__UINT_LEAST32_MAX__=0xffffffffU -D__FLT32X_HAS_DENORM__=1 '-D__INT_FAST16_TYPE__=long int' -D__MMX_WITH_SSE__=1 -D__LDBL_HAS_DENORM__=1 -D__SEG_GS=1 -D__BFLT16_EPSILON__=7.81250000000000000000000000000000000e-3BF16 -D__FLT128_HAS_INFINITY__=1 -D__DEC32_MIN__=1E-95DF -D__DBL_MAX_EXP__=1024 -D__WCHAR_WIDTH__=32 -D__FLT32_MAX__=3.40282346638528859811704183484516925e+38F32 -D__DEC128_EPSILON__=1E-33DL -D__FLT16_DECIMAL_DIG__=5 -D__SSE2_MATH__=1 -D__ATOMIC_HLE_RELEASE=131072 -D__PTRDIFF_MAX__=0x7fffffffffffffffL -D__amd64=1 -D__ATOMIC_HLE_ACQUIRE=65536 -D__LONG_LONG_MAX__=0x7fffffffffffffffLL -D__SIZEOF_SIZE_T__=8 -D__BFLT16_HAS_INFINITY__=1 '-D__FLT64X_MIN_EXP__=(-16381)' -D__SIZEOF_WINT_T__=4 -D__LONG_LONG_WIDTH__=64 -D__FLT32_MAX_EXP__=128 -D__GXX_ABI_VERSION=1018 '-D__FLT_MIN_EXP__=(-125)' -D__GCC_HAVE_DWARF2_CFI_ASM=1 -D__INT16_MAX__=0x7fff -D__x86_64=1 '-D__INT_FAST64_TYPE__=long int' -D__BFLT16_MAX__=3.38953138925153547590470800371487867e+38BF16 -D__BFLT16_HAS_DENORM__=1 -D__FLT64_DENORM_MIN__=4.94065645841246544176568792868221372e-324F64 -D__FLT16_DENORM_MIN__=5.96046447753906250000000000000000000e-8F16 -D__FLT128_EPSILON__=1.92592994438723585305597794258492732e-34F128 -D__FLT64X_NORM_MAX__=1.18973149535723176502126385303097021e+4932F64x -D__SIZEOF_POINTER__=8 '-D__SIZE_TYPE__=long unsigned int' -D__LP64__=1 -D__DBL_HAS_QUIET_NAN__=1 -D__FLT32X_EPSILON__=2.22044604925031308084726333618164062e-16F32x -D__LDBL_MAX_EXP__=16384 -D__DECIMAL_BID_FORMAT__=1 '-D__FLT64_MIN_EXP__=(-1021)' '-D__FLT64_MIN_10_EXP__=(-307)' '-D__FLT16_MIN_10_EXP__=(-4)' -D__FLT64X_DECIMAL_DIG__=21 -D__DEC128_MIN__=1E-6143DL -D__REGISTER_PREFIX__= -D__UINT16_MAX__=0xffff -D__DBL_HAS_DENORM__=1 -D__FLT32_MIN__=1.17549435082228750796873653722224568e-38F32 '-D__UINT8_TYPE__=unsigned char' -D__FLT_DIG__=6 -D__NO_INLINE__=1 -D__DEC_EVAL_METHOD__=2 -D__FLT_MANT_DIG__=24 -D__LDBL_DECIMAL_DIG__=21 '-D__UINT64_C(c)=c ## UL' -D_STDC_PREDEF_H=1 -D__INT_LEAST32_MAX__=0x7fffffff -D__GCC_ATOMIC_INT_LOCK_FREE=2 -D__FLT128_MAX_EXP__=16384 -D__FLT32_MANT_DIG__=24 -D__FLOAT_WORD_ORDER__=__ORDER_LITTLE_ENDIAN__ '-D__FLT32X_MIN_EXP__=(-1021)' -D__STDC_IEC_60559_COMPLEX__=201404L -D__BFLT16_MIN__=1.17549435082228750796873653722224568e-38BF16 -D__FLT128_HAS_DENORM__=1 -D__FLT32_DECIMAL_DIG__=9 -D__FLT128_DIG__=33 '-D__INT32_C(c)=c' -D__DEC64_EPSILON__=1E-15DD -D__ORDER_PDP_ENDIAN__=3412 '-D__DEC128_MIN_EXP__=(-6142)' -D__DEC128_MAX__=9.999999999999999999999999999999999E6144DL '-D__INT_FAST32_TYPE__=long int' '-D__UINT_LEAST16_TYPE__=short unsigned int' -D__DEC128_MAX_EXP__=6145 -Dunix=1 -D__UINT64_MAX__=0xffffffffffffffffUL -D__FLT_IS_IEC_60559__=1 '-D__GNUC_WIDE_EXECUTION_CHARSET_NAME="UTF-32LE"' -D__FLT64X_DIG__=18 '-D__INT8_TYPE__=signed char' -D__ELF__=1 -D__GCC_ASM_FLAG_OUTPUTS__=1 '-D__UINT32_TYPE__=unsigned int' -D__BFLT16_HAS_QUIET_NAN__=1 -D__FLT_RADIX__=2 '-D__INT_LEAST16_TYPE__=short int' -D__LDBL_EPSILON__=1.08420217248550443400745280086994171e-19L '-D__UINTMAX_C(c)=c ## UL' -D__FLT16_DIG__=3 -D__SSE_MATH__=1 -D__k8=1 -D__FLT32X_MIN__=2.22507385850720138309023271733240406e-308F32x -D__SIG_ATOMIC_MAX__=0x7fffffff -D__GCC_ATOMIC_WCHAR_T_LOCK_FREE=2 -D__USER_LABEL_PREFIX__= -D__STDC_IEC_60559_BFP__=201404L -D__SIZEOF_PTRDIFF_T__=8 -D__FLT64X_HAS_INFINITY__=1 -D__FLT32_HAS_INFINITY__=1 -D__SIZEOF_LONG__=8 -D__LDBL_DIG__=18 -D__FLT64_IS_IEC_60559__=1 -D__x86_64__=1 -D__FLT16_IS_IEC_60559__=1 -D__FLT16_MAX_EXP__=16 -D__DEC32_SUBNORMAL_MIN__=0.000001E-95DF -D__INT_FAST16_MAX__=0x7fffffffffffffffL -D__GCC_CONSTRUCTIVE_SIZE=64 -D__FLT64_DIG__=15 -D__UINT_FAST32_MAX__=0xffffffffffffffffUL '-D__UINT_LEAST64_TYPE__=long unsigned int' -D__FLT16_EPSILON__=9.76562500000000000000000000000000000e-4F16 -D__FLT_HAS_QUIET_NAN__=1 -D__FLT_MAX_10_EXP__=38 -D__LONG_MAX__=0x7fffffffffffffffL -D__FLT64X_HAS_DENORM__=1 -D__DEC128_SUBNORMAL_MIN__=0.000000000000000000000000000000001E-6143DL -D__FLT_HAS_INFINITY__=1 '-D__GNUC_EXECUTION_CHARSET_NAME="UTF-8"' '-D__UINT_FAST16_TYPE__=long unsigned int' -D__DEC64_MAX__=9.999999999999999E384DD -D__INT_FAST32_WIDTH__=64 -D__PRAGMA_REDEFINE_EXTNAME=1 -D__SIZE_WIDTH__=64 -D__SEG_FS=1 -D__INT_LEAST16_MAX__=0x7fff -D__FLT16_NORM_MAX__=6.55040000000000000000000000000000000e+4F16 -D__DEC64_MANT_DIG__=16 -D__FLT32_DENORM_MIN__=1.40129846432481707092372958328991613e-45F32 -D__SIG_ATOMIC_WIDTH__=32 '-D__INT_LEAST64_TYPE__=long int' '-D__INT16_TYPE__=short int' '-D__INT_LEAST8_TYPE__=signed char' -D__FLT16_MAX__=6.55040000000000000000000000000000000e+4F16 -D__FLT128_MIN__=3.36210314311209350626267781732175260e-4932F128 -D__SIZEOF_INT__=4 -D__DEC32_MAX_EXP__=97 -D__INT_FAST8_MAX__=0x7f -D__FLT128_MAX__=1.18973149535723176508575932662800702e+4932F128 -D__INTPTR_MAX__=0x7fffffffffffffffL -Dlinux=1 -D__FLT64_HAS_QUIET_NAN__=1 '-D__FLT32_MIN_10_EXP__=(-37)' -D__FLT32X_DIG__=15 '-D__UINT16_C(c)=c' -D__PTRDIFF_WIDTH__=64 -D__LDBL_MANT_DIG__=64 -D__INT_FAST16_WIDTH__=64 -D__FLT64_HAS_INFINITY__=1 -D__FLT64X_MAX__=1.18973149535723176502126385303097021e+4932F64x -D__FLT16_HAS_INFINITY__=1 '-D__SIG_ATOMIC_MIN__=(-__SIG_ATOMIC_MAX__ - 1)' -D__code_model_small__=1 -D__GCC_ATOMIC_LONG_LOCK_FREE=2 -D__DEC32_MANT_DIG__=7 -D__FLT16_MANT_DIG__=11 -D__k8__=1 '-D__INTPTR_TYPE__=long int' '-D__UINT16_TYPE__=short unsigned int' -D__WCHAR_TYPE__=int -D__pic__=2 -D__UINTPTR_MAX__=0xffffffffffffffffUL -D__INT_FAST64_WIDTH__=64 -D__LDBL_HAS_INFINITY__=1 -D__INT_FAST64_MAX__=0x7fffffffffffffffL -D__GCC_ATOMIC_TEST_AND_SET_TRUEVAL=1 -D__FLT_NORM_MAX__=3.40282346638528859811704183484516925e+38F -D__FLT64X_MAX_EXP__=16384 '-D__UINT_FAST64_TYPE__=long unsigned int' '-D__BFLT16_MIN_EXP__=(-125)' -D__INT_MAX__=0x7fffffff -D__linux__=1 '-D__INT64_TYPE__=long int' -D__FLT_MAX_EXP__=128 -D__ORDER_BIG_ENDIAN__=4321 -D__DBL_MANT_DIG__=53 -D__SIZEOF_FLOAT128__=16 -D__BFLT16_MANT_DIG__=8 -D__GCC_ATOMIC_CHAR16_T_LOCK_FREE=2 -D__DEC64_MIN__=1E-383DD '-D__WINT_TYPE__=unsigned int' '-D__UINT_LEAST32_TYPE__=unsigned int' -D__SIZEOF_SHORT__=2 -D__FLT32_NORM_MAX__=3.40282346638528859811704183484516925e+38F32 -D__SSE__=1 '-D__LDBL_MIN_EXP__=(-16381)' -D__FLT64_MAX__=1.79769313486231570814527423731704357e+308F64 -D__amd64__=1 -D__WINT_WIDTH__=32 -D__INT_LEAST8_MAX__=0x7f -D__INT_LEAST64_WIDTH__=64 -D__FLT32X_MAX_10_EXP__=308 -D__SIZEOF_INT128__=16 -D__FLT16_MIN__=6.10351562500000000000000000000000000e-5F16 -D__FLT64X_IS_IEC_60559__=1 -D__LDBL_MAX_10_EXP__=4932 -D__ATOMIC_RELAXED=0 '-D__DBL_EPSILON__=((double)2.22044604925031308084726333618164062e-16L)' -D__INT_LEAST32_TYPE__=int -D_LP64=1 '-D__UINT8_C(c)=c' -D__FLT64_MAX_EXP__=1024 -D__SIZEOF_WCHAR_T__=4 '-D__UINT64_TYPE__=long unsigned int' -D__FLT128_NORM_MAX__=1.18973149535723176508575932662800702e+4932F128 -D__FLT64_NORM_MAX__=1.79769313486231570814527423731704357e+308F64 -D__FLT128_HAS_QUIET_NAN__=1 -D__INTMAX_MAX__=0x7fffffffffffffffL '-D__INT_FAST8_TYPE__=signed char' -D__FLT64X_MIN__=3.36210314311209350626267781732175260e-4932F64x -D__FLT64_HAS_DENORM__=1 -D__FLT32_EPSILON__=1.19209289550781250000000000000000000e-7F32 -D__FLT16_HAS_DENORM__=1 -D__DBL_DECIMAL_DIG__=17 -D__STDC_UTF_32__=1 -D__INT_FAST8_WIDTH__=8 -D__FXSR__=1 -D__FLT32X_MAX__=1.79769313486231570814527423731704357e+308F32x '-D__DBL_NORM_MAX__=((double)1.79769313486231570814527423731704357e+308L)' -D__BYTE_ORDER__=__ORDER_LITTLE_ENDIAN__ -D__GCC_DESTRUCTIVE_SIZE=64 -D__INTMAX_WIDTH__=64 -D__FLT32_DIG__=6 '-D__UINT32_C(c)=c ## U' -D__FLT_DENORM_MIN__=1.40129846432481707092372958328991613e-45F -D__INT8_MAX__=0x7f -D__LONG_WIDTH__=64 '-D__DBL_MIN__=((double)2.22507385850720138309023271733240406e-308L)' -D__PIC__=2 -D__INT32_MAX__=0x7fffffff '-D__UINT_FAST32_TYPE__=long unsigned int' -D__FLT32X_NORM_MAX__=1.79769313486231570814527423731704357e+308F32x -D__FLT_MAX__=3.40282346638528859811704183484516925e+38F -D__SSE2__=1 -D__INT32_TYPE__=int -D__SIZEOF_DOUBLE__=8 '-D__FLT_MIN_10_EXP__=(-37)' -D__FLT64_MIN__=2.22507385850720138309023271733240406e-308F64 -D__INT_LEAST32_WIDTH__=32 '-D__INTMAX_TYPE__=long int' -D__FLT32X_HAS_QUIET_NAN__=1 -D__ATOMIC_CONSUME=1 -D__UINTMAX_MAX__=0xffffffffffffffffUL -D__PIE__=2 -D__FLT32X_DENORM_MIN__=4.94065645841246544176568792868221372e-324F32x -D__DBL_MAX_10_EXP__=308 -D__LDBL_DENORM_MIN__=3.64519953188247460252840593361941982e-4951L '-D__INT16_C(c)=c' '-D__PTRDIFF_TYPE__=long int' '-D__FLT32X_MIN_10_EXP__=(-307)' '-D__UINTPTR_TYPE__=long unsigned int' -D__DEC64_SUBNORMAL_MIN__=0.000000000000001E-383DD -D__DEC128_MANT_DIG__=34 '-D__LDBL_MIN_10_EXP__=(-4931)' -D__SIZEOF_LONG_LONG__=8 -D__FLT128_DECIMAL_DIG__=36 -D__GCC_ATOMIC_LLONG_LOCK_FREE=2 -D__FLT32_HAS_QUIET_NAN__=1 -D__FLT_DECIMAL_DIG__=9 -D__UINT_FAST16_MAX__=0xffffffffffffffffUL -D__LDBL_NORM_MAX__=1.18973149535723176502126385303097021e+4932L -D__GCC_ATOMIC_SHORT_LOCK_FREE=2 -D__SIZE_MAX__=0xffffffffffffffffUL '-D__UINT_FAST8_TYPE__=unsigned char' -D__ATOMIC_ACQ_REL=4 -D__ATOMIC_RELEASE=3 -I/usr/lib/gcc/x86_64-linux-gnu/13/include -I/usr/local/include -I/usr/include/x86_64-linux-gnu -I/usr/include -- assistant2.c
[E 01:47:27 61804] CODEQL_EXTRACTOR_CPP_TRAP_CACHING is not set
[E 01:47:27 61804] CODEQL_EXTRACTOR_CPP_OPTION_TRAP_CACHE_WRITE is not set
[E 01:47:27 61804] CODEQL_EXTRACTOR_CPP_OPTION_TRAP_CACHE_DIR is not set
[E 01:47:27 61804] Initialising TRAP cache at path: 33/fa9f/9f90b6ab5354591c34fdd7861023
[E 01:47:27 61804] Not using TRAP cache
[E 01:47:27 61804] TRAP cache miss
[E 01:47:27 61804] Starting compilation TRAP /workspaces/cybr621-lab2-Memory-Safety-Validation/codeql-db/trap/cpp/compilations/14/36980902_0.trap.zst
[E 01:47:27 61804] Archiving /workspaces/cybr621-lab2-Memory-Safety-Validation/codeql-db/src/workspaces/cybr621-lab2-Memory-Safety-Validation/assistant2.c
[E 01:47:27 61804] Archiving /workspaces/cybr621-lab2-Memory-Safety-Validation/codeql-db/src/usr/include/errno.h
[E 01:47:27 61804] Already archived /workspaces/cybr621-lab2-Memory-Safety-Validation/codeql-db/src/usr/include/features.h
[E 01:47:27 61804] Already archived /workspaces/cybr621-lab2-Memory-Safety-Validation/codeql-db/src/usr/include/features-time64.h
[E 01:47:27 61804] Already archived /workspaces/cybr621-lab2-Memory-Safety-Validation/codeql-db/src/usr/include/x86_64-linux-gnu/bits/wordsize.h
[E 01:47:27 61804] Already archived /workspaces/cybr621-lab2-Memory-Safety-Validation/codeql-db/src/usr/include/x86_64-linux-gnu/bits/timesize.h
[E 01:47:27 61804] Already archived /workspaces/cybr621-lab2-Memory-Safety-Validation/codeql-db/src/usr/include/x86_64-linux-gnu/bits/wordsize.h
[E 01:47:27 61804] Already archived /workspaces/cybr621-lab2-Memory-Safety-Validation/codeql-db/src/usr/include/stdc-predef.h
[E 01:47:27 61804] Already archived /workspaces/cybr621-lab2-Memory-Safety-Validation/codeql-db/src/usr/include/x86_64-linux-gnu/sys/cdefs.h
[E 01:47:27 61804] Already archived /workspaces/cybr621-lab2-Memory-Safety-Validation/codeql-db/src/usr/include/x86_64-linux-gnu/bits/wordsize.h
[E 01:47:27 61804] Already archived /workspaces/cybr621-lab2-Memory-Safety-Validation/codeql-db/src/usr/include/x86_64-linux-gnu/bits/long-double.h
[E 01:47:27 61804] Already archived /workspaces/cybr621-lab2-Memory-Safety-Validation/codeql-db/src/usr/include/x86_64-linux-gnu/gnu/stubs.h
[E 01:47:27 61804] Already archived /workspaces/cybr621-lab2-Memory-Safety-Validation/codeql-db/src/usr/include/x86_64-linux-gnu/gnu/stubs-64.h
[E 01:47:27 61804] Archiving /workspaces/cybr621-lab2-Memory-Safety-Validation/codeql-db/src/usr/include/x86_64-linux-gnu/bits/errno.h
[E 01:47:27 61804] Archiving /workspaces/cybr621-lab2-Memory-Safety-Validation/codeql-db/src/usr/include/linux/errno.h
[E 01:47:27 61804] Archiving /workspaces/cybr621-lab2-Memory-Safety-Validation/codeql-db/src/usr/include/x86_64-linux-gnu/asm/errno.h
[E 01:47:27 61804] Archiving /workspaces/cybr621-lab2-Memory-Safety-Validation/codeql-db/src/usr/include/asm-generic/errno.h
[E 01:47:27 61804] Archiving /workspaces/cybr621-lab2-Memory-Safety-Validation/codeql-db/src/usr/include/asm-generic/errno-base.h
[E 01:47:27 61804] Archiving /workspaces/cybr621-lab2-Memory-Safety-Validation/codeql-db/src/usr/include/fcntl.h
[E 01:47:27 61804] Already archived /workspaces/cybr621-lab2-Memory-Safety-Validation/codeql-db/src/usr/include/x86_64-linux-gnu/bits/types.h
[E 01:47:27 61804] Already archived /workspaces/cybr621-lab2-Memory-Safety-Validation/codeql-db/src/usr/include/x86_64-linux-gnu/bits/wordsize.h
[E 01:47:27 61804] Already archived /workspaces/cybr621-lab2-Memory-Safety-Validation/codeql-db/src/usr/include/x86_64-linux-gnu/bits/timesize.h
[E 01:47:27 61804] Already archived /workspaces/cybr621-lab2-Memory-Safety-Validation/codeql-db/src/usr/include/x86_64-linux-gnu/bits/wordsize.h
[E 01:47:27 61804] Already archived /workspaces/cybr621-lab2-Memory-Safety-Validation/codeql-db/src/usr/include/x86_64-linux-gnu/bits/typesizes.h
[E 01:47:27 61804] Already archived /workspaces/cybr621-lab2-Memory-Safety-Validation/codeql-db/src/usr/include/x86_64-linux-gnu/bits/time64.h
[E 01:47:27 61804] Archiving /workspaces/cybr621-lab2-Memory-Safety-Validation/codeql-db/src/usr/include/x86_64-linux-gnu/bits/fcntl.h
[E 01:47:27 61804] Archiving /workspaces/cybr621-lab2-Memory-Safety-Validation/codeql-db/src/usr/include/x86_64-linux-gnu/bits/fcntl-linux.h
[E 01:47:27 61804] Archiving /workspaces/cybr621-lab2-Memory-Safety-Validation/codeql-db/src/usr/include/x86_64-linux-gnu/bits/types/struct_timespec.h
[E 01:47:27 61804] Archiving /workspaces/cybr621-lab2-Memory-Safety-Validation/codeql-db/src/usr/include/x86_64-linux-gnu/bits/endian.h
[E 01:47:27 61804] Archiving /workspaces/cybr621-lab2-Memory-Safety-Validation/codeql-db/src/usr/include/x86_64-linux-gnu/bits/endianness.h
[E 01:47:27 61804] Archiving /workspaces/cybr621-lab2-Memory-Safety-Validation/codeql-db/src/usr/include/x86_64-linux-gnu/bits/types/time_t.h
[E 01:47:27 61804] Archiving /workspaces/cybr621-lab2-Memory-Safety-Validation/codeql-db/src/usr/include/x86_64-linux-gnu/bits/stat.h
[E 01:47:27 61804] Archiving /workspaces/cybr621-lab2-Memory-Safety-Validation/codeql-db/src/usr/include/x86_64-linux-gnu/bits/struct_stat.h
[E 01:47:27 61804] Already archived /workspaces/cybr621-lab2-Memory-Safety-Validation/codeql-db/src/usr/include/stdio.h
[E 01:47:27 61804] Already archived /workspaces/cybr621-lab2-Memory-Safety-Validation/codeql-db/src/usr/include/x86_64-linux-gnu/bits/libc-header-start.h
[E 01:47:27 61804] Already archived /workspaces/cybr621-lab2-Memory-Safety-Validation/codeql-db/src/usr/lib/gcc/x86_64-linux-gnu/13/include/stddef.h
[E 01:47:27 61804] Already archived /workspaces/cybr621-lab2-Memory-Safety-Validation/codeql-db/src/usr/lib/gcc/x86_64-linux-gnu/13/include/stdarg.h
[E 01:47:27 61804] Already archived /workspaces/cybr621-lab2-Memory-Safety-Validation/codeql-db/src/usr/include/x86_64-linux-gnu/bits/types/__fpos_t.h
[E 01:47:27 61804] Already archived /workspaces/cybr621-lab2-Memory-Safety-Validation/codeql-db/src/usr/include/x86_64-linux-gnu/bits/types/__mbstate_t.h
[E 01:47:27 61804] Already archived /workspaces/cybr621-lab2-Memory-Safety-Validation/codeql-db/src/usr/include/x86_64-linux-gnu/bits/types/__fpos64_t.h
[E 01:47:27 61804] Already archived /workspaces/cybr621-lab2-Memory-Safety-Validation/codeql-db/src/usr/include/x86_64-linux-gnu/bits/types/__FILE.h
[E 01:47:27 61804] Already archived /workspaces/cybr621-lab2-Memory-Safety-Validation/codeql-db/src/usr/include/x86_64-linux-gnu/bits/types/FILE.h
[E 01:47:27 61804] Already archived /workspaces/cybr621-lab2-Memory-Safety-Validation/codeql-db/src/usr/include/x86_64-linux-gnu/bits/types/struct_FILE.h
[E 01:47:27 61804] Already archived /workspaces/cybr621-lab2-Memory-Safety-Validation/codeql-db/src/usr/include/x86_64-linux-gnu/bits/stdio_lim.h
[E 01:47:27 61804] Already archived /workspaces/cybr621-lab2-Memory-Safety-Validation/codeql-db/src/usr/include/x86_64-linux-gnu/bits/floatn.h
[E 01:47:27 61804] Already archived /workspaces/cybr621-lab2-Memory-Safety-Validation/codeql-db/src/usr/include/x86_64-linux-gnu/bits/floatn-common.h
[E 01:47:27 61804] Already archived /workspaces/cybr621-lab2-Memory-Safety-Validation/codeql-db/src/usr/include/x86_64-linux-gnu/bits/long-double.h
[E 01:47:27 61804] Archiving /workspaces/cybr621-lab2-Memory-Safety-Validation/codeql-db/src/usr/include/stdlib.h
[E 01:47:27 61804] Already archived /workspaces/cybr621-lab2-Memory-Safety-Validation/codeql-db/src/usr/include/x86_64-linux-gnu/bits/libc-header-start.h
[E 01:47:27 61804] Already archived /workspaces/cybr621-lab2-Memory-Safety-Validation/codeql-db/src/usr/lib/gcc/x86_64-linux-gnu/13/include/stddef.h
[E 01:47:27 61804] Archiving /workspaces/cybr621-lab2-Memory-Safety-Validation/codeql-db/src/usr/include/x86_64-linux-gnu/bits/waitflags.h
[E 01:47:27 61804] Archiving /workspaces/cybr621-lab2-Memory-Safety-Validation/codeql-db/src/usr/include/x86_64-linux-gnu/bits/waitstatus.h
[E 01:47:27 61804] Archiving /workspaces/cybr621-lab2-Memory-Safety-Validation/codeql-db/src/usr/include/x86_64-linux-gnu/sys/types.h
[E 01:47:27 61804] Archiving /workspaces/cybr621-lab2-Memory-Safety-Validation/codeql-db/src/usr/include/x86_64-linux-gnu/bits/types/clock_t.h
[E 01:47:27 61804] Archiving /workspaces/cybr621-lab2-Memory-Safety-Validation/codeql-db/src/usr/include/x86_64-linux-gnu/bits/types/clockid_t.h
[E 01:47:27 61804] Archiving /workspaces/cybr621-lab2-Memory-Safety-Validation/codeql-db/src/usr/include/x86_64-linux-gnu/bits/types/timer_t.h
[E 01:47:27 61804] Already archived /workspaces/cybr621-lab2-Memory-Safety-Validation/codeql-db/src/usr/lib/gcc/x86_64-linux-gnu/13/include/stddef.h
[E 01:47:27 61804] Archiving /workspaces/cybr621-lab2-Memory-Safety-Validation/codeql-db/src/usr/include/x86_64-linux-gnu/bits/stdint-intn.h
[E 01:47:27 61804] Archiving /workspaces/cybr621-lab2-Memory-Safety-Validation/codeql-db/src/usr/include/x86_64-linux-gnu/bits/pthreadtypes.h
[E 01:47:27 61804] Archiving /workspaces/cybr621-lab2-Memory-Safety-Validation/codeql-db/src/usr/include/x86_64-linux-gnu/bits/thread-shared-types.h
[E 01:47:27 61804] Archiving /workspaces/cybr621-lab2-Memory-Safety-Validation/codeql-db/src/usr/include/x86_64-linux-gnu/bits/pthreadtypes-arch.h
[E 01:47:27 61804] Already archived /workspaces/cybr621-lab2-Memory-Safety-Validation/codeql-db/src/usr/include/x86_64-linux-gnu/bits/wordsize.h
[E 01:47:27 61804] Archiving /workspaces/cybr621-lab2-Memory-Safety-Validation/codeql-db/src/usr/include/x86_64-linux-gnu/bits/atomic_wide_counter.h
[E 01:47:27 61804] Archiving /workspaces/cybr621-lab2-Memory-Safety-Validation/codeql-db/src/usr/include/x86_64-linux-gnu/bits/struct_mutex.h
[E 01:47:27 61804] Archiving /workspaces/cybr621-lab2-Memory-Safety-Validation/codeql-db/src/usr/include/x86_64-linux-gnu/bits/struct_rwlock.h
[E 01:47:27 61804] Archiving /workspaces/cybr621-lab2-Memory-Safety-Validation/codeql-db/src/usr/include/x86_64-linux-gnu/bits/stdlib-float.h
[E 01:47:27 61804] Archiving /workspaces/cybr621-lab2-Memory-Safety-Validation/codeql-db/src/usr/include/string.h
[E 01:47:27 61804] Already archived /workspaces/cybr621-lab2-Memory-Safety-Validation/codeql-db/src/usr/include/x86_64-linux-gnu/bits/libc-header-start.h
[E 01:47:27 61804] Already archived /workspaces/cybr621-lab2-Memory-Safety-Validation/codeql-db/src/usr/lib/gcc/x86_64-linux-gnu/13/include/stddef.h
[E 01:47:27 61804] Archiving /workspaces/cybr621-lab2-Memory-Safety-Validation/codeql-db/src/usr/include/x86_64-linux-gnu/bits/types/locale_t.h
[E 01:47:27 61804] Archiving /workspaces/cybr621-lab2-Memory-Safety-Validation/codeql-db/src/usr/include/x86_64-linux-gnu/bits/types/__locale_t.h
[E 01:47:27 61804] Archiving /workspaces/cybr621-lab2-Memory-Safety-Validation/codeql-db/src/usr/include/x86_64-linux-gnu/sys/stat.h
[E 01:47:27 61804] Already archived /workspaces/cybr621-lab2-Memory-Safety-Validation/codeql-db/src/usr/include/x86_64-linux-gnu/bits/stat.h
[E 01:47:27 61804] Archiving /workspaces/cybr621-lab2-Memory-Safety-Validation/codeql-db/src/usr/include/time.h
[E 01:47:27 61804] Already archived /workspaces/cybr621-lab2-Memory-Safety-Validation/codeql-db/src/usr/lib/gcc/x86_64-linux-gnu/13/include/stddef.h
[E 01:47:27 61804] Archiving /workspaces/cybr621-lab2-Memory-Safety-Validation/codeql-db/src/usr/include/x86_64-linux-gnu/bits/time.h
[E 01:47:27 61804] Archiving /workspaces/cybr621-lab2-Memory-Safety-Validation/codeql-db/src/usr/include/x86_64-linux-gnu/bits/types/struct_tm.h
[E 01:47:27 61804] Archiving /workspaces/cybr621-lab2-Memory-Safety-Validation/codeql-db/src/usr/include/x86_64-linux-gnu/bits/types/struct_itimerspec.h
[E 01:47:27 61804] Archiving /workspaces/cybr621-lab2-Memory-Safety-Validation/codeql-db/src/usr/include/unistd.h
[E 01:47:27 61804] Archiving /workspaces/cybr621-lab2-Memory-Safety-Validation/codeql-db/src/usr/include/x86_64-linux-gnu/bits/posix_opt.h
[E 01:47:27 61804] Archiving /workspaces/cybr621-lab2-Memory-Safety-Validation/codeql-db/src/usr/include/x86_64-linux-gnu/bits/environments.h
[E 01:47:27 61804] Already archived /workspaces/cybr621-lab2-Memory-Safety-Validation/codeql-db/src/usr/include/x86_64-linux-gnu/bits/wordsize.h
[E 01:47:27 61804] Already archived /workspaces/cybr621-lab2-Memory-Safety-Validation/codeql-db/src/usr/lib/gcc/x86_64-linux-gnu/13/include/stddef.h
[E 01:47:27 61804] Archiving /workspaces/cybr621-lab2-Memory-Safety-Validation/codeql-db/src/usr/include/x86_64-linux-gnu/bits/confname.h
[E 01:47:27 61804] Archiving /workspaces/cybr621-lab2-Memory-Safety-Validation/codeql-db/src/usr/include/x86_64-linux-gnu/bits/getopt_posix.h
[E 01:47:27 61804] Archiving /workspaces/cybr621-lab2-Memory-Safety-Validation/codeql-db/src/usr/include/x86_64-linux-gnu/bits/getopt_core.h
[E 01:47:27 61804] Archiving /workspaces/cybr621-lab2-Memory-Safety-Validation/codeql-db/src/usr/include/x86_64-linux-gnu/bits/unistd_ext.h
[E 01:47:27 61804] Creating trap tarball /workspaces/cybr621-lab2-Memory-Safety-Validation/codeql-db/trap/cpp/tarballs/workspaces/cybr621-lab2-Memory-Safety-Validation/assistant2.c.1a412b9c_0.trap.tar.zst
[E 01:47:27 61804] Emitting trap files for assistant2.c
[E 01:47:27 61804] Opening existencedb in /workspaces/cybr621-lab2-Memory-Safety-Validation/codeql-db/working/existencedb/db
[E 01:47:28 61804] Wrote 56 files to /workspaces/cybr621-lab2-Memory-Safety-Validation/codeql-db/trap/cpp/tarballs/workspaces/cybr621-lab2-Memory-Safety-Validation/assistant2.c.1a412b9c_0.trap.tar.zst
[E 01:47:28 61804] Finished compilation TRAP /workspaces/cybr621-lab2-Memory-Safety-Validation/codeql-db/trap/cpp/compilations/14/36980902_0.trap.zst
[E 01:47:28 61804] Marking C compilation as happened.
[E 01:47:28 61804] Setting tag c-compilation-happened
[E 01:47:28 61804] Starting from CODEQL_TRACER_DB_ID 000000000000F16A_0000000000000001
[E 01:47:28 61804] Locking DB /workspaces/cybr621-lab2-Memory-Safety-Validation/codeql-db/working/tags.db
[E 01:47:28 61804] Locked DB /workspaces/cybr621-lab2-Memory-Safety-Validation/codeql-db/working/tags.db
[E 01:47:28 61804] Set tag for 000000000000F16A_0000000000000001
[E 01:47:28 61804] Set tag for 000000000000F132_0000000000000003
[E 01:47:28 61804] Set tag for 000000000000F132_0000000000000002
[E 01:47:28 61804] Set tag for root
[E 01:47:28 61804] Unlocking DB
[E 01:47:28 61804] Unlocked DB
[E 01:47:28 61804] Time: 0.16 (CPU) 1.00 (elapsed)
[E 01:47:28 61804] Memory: 38.09 MiB (peak rss)
[E 01:47:28 61804] Extractor exited successfully
[T 01:47:28 61802] Extractor /home/codespace/.local/share/gh/extensions/gh-codeql/dist/release/v2.27.1/cpp/tools/linux64/extractor terminated with exit code 0.
[T 01:47:28 61819] Initializing tracer.
[T 01:47:28 61819] Initializing tags.
[T 01:47:28 61819] ID set to 000000000000F17B_0000000000000001 (parent 000000000000F132_0000000000000003)
[T 01:47:28 61819] ==== Candidate to intercept: as (canonical: /usr/bin/as) ====
[T 01:47:28 61819] Lua: === Intercepted call to /usr/bin/as ===
[T 01:47:28 61819] Executing the following tracer actions:
[T 01:47:28 61819] Tracer actions:
[T 01:47:28 61819] pre_invocations(0)
[T 01:47:28 61819] post_invocations(1)
[T 01:47:28 61819] invocation: /home/codespace/.local/share/gh/extensions/gh-codeql/dist/release/v2.27.1/cpp/tools/linux64/extractor, args: [--assembler, --codeql-assembler-executable, /usr/bin/as, --64, -o, assistant2.o, /tmp/ccAxElxT.s]
[T 01:47:28 61819] trace_languages(1): [cpp]
[T 01:47:28 61824] Attempting to switch stdout/stderr to 4...
[T 01:47:28 61824] Initializing tracer.
[T 01:47:28 61824] Initializing tags.
[T 01:47:28 61824] ID set to 000000000000F180_0000000000000001 (parent 000000000000F17B_0000000000000001)
[E 01:47:28 61824] CodeQL C/C++ Extractor 2.27.1
[E 01:47:28 61824] Current directory: /workspaces/cybr621-lab2-Memory-Safety-Validation
[E 01:47:28 61824] Command: /home/codespace/.local/share/gh/extensions/gh-codeql/dist/release/v2.27.1/cpp/tools/linux64/extractor --assembler --codeql-assembler-executable /usr/bin/as --64 -o assistant2.o /tmp/ccAxElxT.s
[E 01:47:28 61824] Extractor exited after mimicking assembler
[T 01:47:28 61819] Extractor /home/codespace/.local/share/gh/extensions/gh-codeql/dist/release/v2.27.1/cpp/tools/linux64/extractor terminated with exit code 0.
[T 01:47:28 61825] Attempting to switch stdout/stderr to 4...
[T 01:47:28 61825] Initializing tracer.
[T 01:47:28 61825] Initializing tags.
[T 01:47:28 61825] ID set to 000000000000F181_0000000000000001 (parent 000000000000F132_0000000000000003)
[E 01:47:28 61825] CodeQL C/C++ Extractor 2.27.1
[E 01:47:28 61825] Current directory: /workspaces/cybr621-lab2-Memory-Safety-Validation
[E 01:47:28 61825] Command: /home/codespace/.local/share/gh/extensions/gh-codeql/dist/release/v2.27.1/cpp/tools/linux64/extractor --mimic /usr/bin/gcc -Wall -Wextra -Wpedantic -c assistant1.c assistant2.c
[T 01:47:28 61826] Initializing tracer.
[T 01:47:28 61826] Initializing tags.
[T 01:47:28 61826] ID set to 000000000000F182_0000000000000001 (parent 000000000000F181_0000000000000001)
[T 01:47:28 61826] ==== Candidate to intercept: /usr/bin/gcc (canonical: /usr/bin/x86_64-linux-gnu-gcc-13) ====
[T 01:47:28 61826] Lua: === Intercepted call to /usr/bin/x86_64-linux-gnu-gcc-13 ===
[T 01:47:28 61826] Executing the following tracer actions:
[T 01:47:28 61826] Tracer actions:
[T 01:47:28 61826] pre_invocations(0)
[T 01:47:28 61826] post_invocations(1)
[T 01:47:28 61826] invocation: /home/codespace/.local/share/gh/extensions/gh-codeql/dist/release/v2.27.1/cpp/tools/linux64/extractor, args: [--mimic, /usr/bin/x86_64-linux-gnu-gcc-13, --version]
[T 01:47:28 61826] trace_languages(1): [cpp]
[T 01:47:28 61828] Attempting to switch stdout/stderr to 7...
[T 01:47:28 61828] Initializing tracer.
[T 01:47:28 61828] Initializing tags.
[T 01:47:28 61828] ID set to 000000000000F184_0000000000000001 (parent 000000000000F182_0000000000000001)
[E 01:47:28 61828] Mimicry classification suppression detected; exiting.
[E 01:47:28 61828] Extractor exited successfully
[T 01:47:28 61826] Extractor /home/codespace/.local/share/gh/extensions/gh-codeql/dist/release/v2.27.1/cpp/tools/linux64/extractor terminated with exit code 0.
[T 01:47:28 61830] Initializing tracer.
[T 01:47:28 61830] Initializing tags.
[T 01:47:28 61830] ID set to 000000000000F186_0000000000000001 (parent 000000000000F181_0000000000000001)
[T 01:47:28 61830] ==== Candidate to intercept: /usr/bin/gcc (canonical: /usr/bin/x86_64-linux-gnu-gcc-13) ====
[T 01:47:28 61830] Lua: === Intercepted call to /usr/bin/x86_64-linux-gnu-gcc-13 ===
[T 01:47:28 61830] Executing the following tracer actions:
[T 01:47:28 61830] Tracer actions:
[T 01:47:28 61830] pre_invocations(0)
[T 01:47:28 61830] post_invocations(1)
[T 01:47:28 61830] invocation: /home/codespace/.local/share/gh/extensions/gh-codeql/dist/release/v2.27.1/cpp/tools/linux64/extractor, args: [--mimic, /usr/bin/x86_64-linux-gnu-gcc-13, --help]
[T 01:47:28 61830] trace_languages(1): [cpp]
[T 01:47:28 61832] Attempting to switch stdout/stderr to 7...
[T 01:47:28 61832] Initializing tracer.
[T 01:47:28 61832] Initializing tags.
[T 01:47:28 61832] ID set to 000000000000F188_0000000000000001 (parent 000000000000F186_0000000000000001)
[E 01:47:28 61832] Mimicry classification suppression detected; exiting.
[E 01:47:28 61832] Extractor exited successfully
[T 01:47:28 61830] Extractor /home/codespace/.local/share/gh/extensions/gh-codeql/dist/release/v2.27.1/cpp/tools/linux64/extractor terminated with exit code 0.
[T 01:47:28 61833] Initializing tracer.
[T 01:47:28 61833] Initializing tags.
[T 01:47:28 61833] ID set to 000000000000F189_0000000000000001 (parent 000000000000F181_0000000000000001)
[T 01:47:28 61833] ==== Candidate to intercept: /usr/bin/gcc (canonical: /usr/bin/x86_64-linux-gnu-gcc-13) ====
[T 01:47:28 61833] Lua: === Intercepted call to /usr/bin/x86_64-linux-gnu-gcc-13 ===
[T 01:47:28 61833] Executing the following tracer actions:
[T 01:47:28 61833] Tracer actions:
[T 01:47:28 61833] pre_invocations(0)
[T 01:47:28 61833] post_invocations(1)
[T 01:47:28 61833] invocation: /home/codespace/.local/share/gh/extensions/gh-codeql/dist/release/v2.27.1/cpp/tools/linux64/extractor, args: [--mimic, /usr/bin/x86_64-linux-gnu-gcc-13, -S, -nostdinc, -o, /workspaces/cybr621-lab2-Memory-Safety-Validation/codeql-db/working/tmp//semmle_2_61825_368529.o, -c, /workspaces/cybr621-lab2-Memory-Safety-Validation/codeql-db/working/tmp//semmle_1_61825_368461.c]
[T 01:47:28 61833] trace_languages(1): [cpp]
[T 01:47:28 61835] Initializing tracer.
[T 01:47:28 61835] Initializing tags.
[T 01:47:28 61835] ID set to 000000000000F18B_0000000000000001 (parent 000000000000F189_0000000000000001)
[T 01:47:28 61835] ==== Candidate to intercept: /usr/libexec/gcc/x86_64-linux-gnu/13/cc1 (canonical: /usr/libexec/gcc/x86_64-linux-gnu/13/cc1) ====
[T 01:47:28 61835] Lua: === Intercepted call to /usr/libexec/gcc/x86_64-linux-gnu/13/cc1 ===
[T 01:47:28 61835] Executing the following tracer actions:
[T 01:47:28 61835] Tracer actions:
[T 01:47:28 61835] pre_invocations(0)
[T 01:47:28 61835] post_invocations(1)
[T 01:47:28 61835] invocation: /home/codespace/.local/share/gh/extensions/gh-codeql/dist/release/v2.27.1/cpp/tools/linux64/extractor, args: [--mimic, /usr/libexec/gcc/x86_64-linux-gnu/13/cc1, -quiet, -nostdinc, -imultiarch, x86_64-linux-gnu, /workspaces/cybr621-lab2-Memory-Safety-Validation/codeql-db/working/tmp//semmle_1_61825_368461.c, -quiet, -dumpdir, /workspaces/cybr621-lab2-Memory-Safety-Validation/codeql-db/working/tmp//, -dumpbase, semmle_2_61825_368529.c, -dumpbase-ext, .c, -mtune=generic, -march=x86-64, -o, /workspaces/cybr621-lab2-Memory-Safety-Validation/codeql-db/working/tmp//semmle_2_61825_368529.o, -fasynchronous-unwind-tables, -fstack-protector-strong, -Wformat, -Wformat-security, -fstack-clash-protection, -fcf-protection]
[T 01:47:28 61835] trace_languages(1): [cpp]
[T 01:47:28 61837] Attempting to switch stdout/stderr to 7...
[T 01:47:28 61837] Initializing tracer.
[T 01:47:28 61837] Initializing tags.
[T 01:47:28 61837] ID set to 000000000000F18D_0000000000000001 (parent 000000000000F18B_0000000000000001)
[E 01:47:28 61837] Mimicry classification suppression detected; exiting.
[E 01:47:28 61837] Extractor exited successfully
[T 01:47:28 61835] Extractor /home/codespace/.local/share/gh/extensions/gh-codeql/dist/release/v2.27.1/cpp/tools/linux64/extractor terminated with exit code 0.
[T 01:47:28 61838] Attempting to switch stdout/stderr to 7...
[T 01:47:28 61838] Initializing tracer.
[T 01:47:28 61838] Initializing tags.
[T 01:47:28 61838] ID set to 000000000000F18E_0000000000000001 (parent 000000000000F189_0000000000000001)
[E 01:47:28 61838] Mimicry classification suppression detected; exiting.
[E 01:47:28 61838] Extractor exited successfully
[T 01:47:28 61833] Extractor /home/codespace/.local/share/gh/extensions/gh-codeql/dist/release/v2.27.1/cpp/tools/linux64/extractor terminated with exit code 0.
[T 01:47:28 61839] Initializing tracer.
[T 01:47:28 61839] Initializing tags.
[T 01:47:28 61839] ID set to 000000000000F18F_0000000000000001 (parent 000000000000F181_0000000000000001)
[T 01:47:28 61839] ==== Candidate to intercept: /usr/bin/gcc (canonical: /usr/bin/x86_64-linux-gnu-gcc-13) ====
[T 01:47:28 61839] Lua: === Intercepted call to /usr/bin/x86_64-linux-gnu-gcc-13 ===
[T 01:47:28 61839] Executing the following tracer actions:
[T 01:47:28 61839] Tracer actions:
[T 01:47:28 61839] pre_invocations(0)
[T 01:47:28 61839] post_invocations(1)
[T 01:47:28 61839] invocation: /home/codespace/.local/share/gh/extensions/gh-codeql/dist/release/v2.27.1/cpp/tools/linux64/extractor, args: [--mimic, /usr/bin/x86_64-linux-gnu-gcc-13, -S, -nostdinc, -o, /workspaces/cybr621-lab2-Memory-Safety-Validation/codeql-db/working/tmp//semmle_4_61825_451166.o, -c, /workspaces/cybr621-lab2-Memory-Safety-Validation/codeql-db/working/tmp//semmle_3_61825_451121.c]
[T 01:47:28 61839] trace_languages(1): [cpp]
[T 01:47:28 61841] Initializing tracer.
[T 01:47:28 61841] Initializing tags.
[T 01:47:28 61841] ID set to 000000000000F191_0000000000000001 (parent 000000000000F18F_0000000000000001)
[T 01:47:28 61841] ==== Candidate to intercept: /usr/libexec/gcc/x86_64-linux-gnu/13/cc1 (canonical: /usr/libexec/gcc/x86_64-linux-gnu/13/cc1) ====
[T 01:47:28 61841] Lua: === Intercepted call to /usr/libexec/gcc/x86_64-linux-gnu/13/cc1 ===
[T 01:47:28 61841] Executing the following tracer actions:
[T 01:47:28 61841] Tracer actions:
[T 01:47:28 61841] pre_invocations(0)
[T 01:47:28 61841] post_invocations(1)
[T 01:47:28 61841] invocation: /home/codespace/.local/share/gh/extensions/gh-codeql/dist/release/v2.27.1/cpp/tools/linux64/extractor, args: [--mimic, /usr/libexec/gcc/x86_64-linux-gnu/13/cc1, -quiet, -nostdinc, -imultiarch, x86_64-linux-gnu, /workspaces/cybr621-lab2-Memory-Safety-Validation/codeql-db/working/tmp//semmle_3_61825_451121.c, -quiet, -dumpdir, /workspaces/cybr621-lab2-Memory-Safety-Validation/codeql-db/working/tmp//, -dumpbase, semmle_4_61825_451166.c, -dumpbase-ext, .c, -mtune=generic, -march=x86-64, -o, /workspaces/cybr621-lab2-Memory-Safety-Validation/codeql-db/working/tmp//semmle_4_61825_451166.o, -fasynchronous-unwind-tables, -fstack-protector-strong, -Wformat, -Wformat-security, -fstack-clash-protection, -fcf-protection]
[T 01:47:28 61841] trace_languages(1): [cpp]
[T 01:47:28 61843] Attempting to switch stdout/stderr to 7...
[T 01:47:28 61843] Initializing tracer.
[T 01:47:28 61843] Initializing tags.
[T 01:47:28 61843] ID set to 000000000000F193_0000000000000001 (parent 000000000000F191_0000000000000001)
[E 01:47:28 61843] Mimicry classification suppression detected; exiting.
[E 01:47:28 61843] Extractor exited successfully
[T 01:47:28 61841] Extractor /home/codespace/.local/share/gh/extensions/gh-codeql/dist/release/v2.27.1/cpp/tools/linux64/extractor terminated with exit code 0.
[T 01:47:28 61844] Attempting to switch stdout/stderr to 7...
[T 01:47:28 61844] Initializing tracer.
[T 01:47:28 61844] Initializing tags.
[T 01:47:28 61844] ID set to 000000000000F194_0000000000000001 (parent 000000000000F18F_0000000000000001)
[E 01:47:28 61844] Mimicry classification suppression detected; exiting.
[E 01:47:28 61844] Extractor exited successfully
[T 01:47:28 61839] Extractor /home/codespace/.local/share/gh/extensions/gh-codeql/dist/release/v2.27.1/cpp/tools/linux64/extractor terminated with exit code 0.
[E 01:47:28 61825] Checking whether C compilation already happened.
[E 01:47:28 61825] Checking for tag c-compilation-happened
[E 01:47:28 61825] Checking CODEQL_TRACER_DB_ID 000000000000F132_0000000000000003
[E 01:47:28 61825] Locking DB /workspaces/cybr621-lab2-Memory-Safety-Validation/codeql-db/working/tags.db
[E 01:47:28 61825] Locked DB /workspaces/cybr621-lab2-Memory-Safety-Validation/codeql-db/working/tags.db
[E 01:47:28 61825] Unlocking DB
[E 01:47:28 61825] Unlocked DB
[E 01:47:28 61825] Exiting as C compilation already happened.
[T 01:47:28 61746] Extractor /home/codespace/.local/share/gh/extensions/gh-codeql/dist/release/v2.27.1/cpp/tools/linux64/extractor terminated with exit code 0.
[T 13:37:41 11758] CodeQL CLI version 2.27.1
[T 13:37:41 11758] Initializing tracer.
[T 13:37:41 11758] Initializing tags.
[T 13:37:41 11758] ID set to 0000000000002DEE_0000000000000001 (parent root)
[T 13:37:41 11758] Initializing tracer.
[T 13:37:41 11758] Initializing tags.
[T 13:37:41 11758] ID set to 0000000000002DEE_0000000000000002 (parent root)
[T 13:37:41 11758] Warning: SEMMLE_EXEC and SEMMLE_EXECP not set. Falling back to path lookup on argv[0].
[T 13:37:41 11758] ==== Candidate to intercept: /home/codespace/.local/share/gh/extensions/gh-codeql/dist/release/v2.27.1/tools/linux64/runner-linux (canonical: /home/codespace/.local/share/gh/extensions/gh-codeql/dist/release/v2.27.1/tools/linux64/runner-linux) ====
[T 13:37:41 11758] Executing the following tracer actions:
[T 13:37:41 11758] Tracer actions:
[T 13:37:41 11758] pre_invocations(0)
[T 13:37:41 11758] post_invocations(0)
[T 13:37:41 11758] trace_languages(1): [cpp]
[T 13:37:41 11758] Initializing tracer.
[T 13:37:41 11758] Initializing tags.
[T 13:37:41 11758] ID set to 0000000000002DEE_0000000000000003 (parent 0000000000002DEE_0000000000000002)
[T 13:37:41 11758] ==== Candidate to intercept: gcc (canonical: /usr/bin/gcc) ====
[T 13:37:41 11758] Lua: === Intercepted call to /usr/bin/gcc ===
[T 13:37:41 11758] Executing the following tracer actions:
[T 13:37:41 11758] Tracer actions:
[T 13:37:41 11758] pre_invocations(0)
[T 13:37:41 11758] post_invocations(1)
[T 13:37:41 11758] invocation: /home/codespace/.local/share/gh/extensions/gh-codeql/dist/release/v2.27.1/cpp/tools/linux64/extractor, args: [--mimic, /usr/bin/gcc, -Wall, -Wextra, -Wpedantic, -c, assistant1.c, assistant2.c]
[T 13:37:41 11758] trace_languages(1): [cpp]
[T 13:37:42 11779] Initializing tracer.
[T 13:37:42 11779] Initializing tags.
[T 13:37:42 11779] ID set to 0000000000002E03_0000000000000001 (parent 0000000000002DEE_0000000000000003)
[T 13:37:42 11779] ==== Candidate to intercept: /usr/libexec/gcc/x86_64-linux-gnu/13/cc1 (canonical: /usr/libexec/gcc/x86_64-linux-gnu/13/cc1) ====
[T 13:37:42 11779] Lua: === Intercepted call to /usr/libexec/gcc/x86_64-linux-gnu/13/cc1 ===
[T 13:37:42 11779] Executing the following tracer actions:
[T 13:37:42 11779] Tracer actions:
[T 13:37:42 11779] pre_invocations(0)
[T 13:37:42 11779] post_invocations(1)
[T 13:37:42 11779] invocation: /home/codespace/.local/share/gh/extensions/gh-codeql/dist/release/v2.27.1/cpp/tools/linux64/extractor, args: [--mimic, /usr/libexec/gcc/x86_64-linux-gnu/13/cc1, -quiet, -imultiarch, x86_64-linux-gnu, assistant1.c, -quiet, -dumpbase, assistant1.c, -dumpbase-ext, .c, -mtune=generic, -march=x86-64, -Wall, -Wextra, -Wpedantic, -fasynchronous-unwind-tables, -fstack-protector-strong, -Wformat-security, -fstack-clash-protection, -fcf-protection, -o, /tmp/ccGOvku1.s]
[T 13:37:42 11779] trace_languages(1): [cpp]
[T 13:37:43 11804] Attempting to switch stdout/stderr to 4...
[T 13:37:44 11804] Initializing tracer.
[T 13:37:44 11804] Initializing tags.
[T 13:37:44 11804] ID set to 0000000000002E1C_0000000000000001 (parent 0000000000002E03_0000000000000001)
[E 13:37:44 11804] CodeQL C/C++ Extractor 2.27.1
[E 13:37:44 11804] Current directory: /workspaces/cybr621-lab2-Memory-Safety-Validation
[E 13:37:44 11804] Command: /home/codespace/.local/share/gh/extensions/gh-codeql/dist/release/v2.27.1/cpp/tools/linux64/extractor --mimic /usr/libexec/gcc/x86_64-linux-gnu/13/cc1 -quiet -imultiarch x86_64-linux-gnu assistant1.c -quiet -dumpbase assistant1.c -dumpbase-ext .c -mtune=generic -march=x86-64 -Wall -Wextra -Wpedantic -fasynchronous-unwind-tables -fstack-protector-strong -Wformat-security -fstack-clash-protection -fcf-protection -o /tmp/ccGOvku1.s
[T 13:37:44 11806] Initializing tracer.
[T 13:37:44 11806] Initializing tags.
[T 13:37:44 11806] ID set to 0000000000002E1E_0000000000000001 (parent 0000000000002E1C_0000000000000001)
[T 13:37:44 11806] ==== Candidate to intercept: /usr/libexec/gcc/x86_64-linux-gnu/13/cc1 (canonical: /usr/libexec/gcc/x86_64-linux-gnu/13/cc1) ====
[T 13:37:44 11806] Lua: === Intercepted call to /usr/libexec/gcc/x86_64-linux-gnu/13/cc1 ===
[T 13:37:44 11806] Executing the following tracer actions:
[T 13:37:44 11806] Tracer actions:
[T 13:37:44 11806] pre_invocations(0)
[T 13:37:44 11806] post_invocations(1)
[T 13:37:44 11806] invocation: /home/codespace/.local/share/gh/extensions/gh-codeql/dist/release/v2.27.1/cpp/tools/linux64/extractor, args: [--mimic, /usr/libexec/gcc/x86_64-linux-gnu/13/cc1, --version]
[T 13:37:44 11806] trace_languages(1): [cpp]
[T 13:37:44 11808] Attempting to switch stdout/stderr to 7...
[T 13:37:44 11808] Initializing tracer.
[T 13:37:44 11808] Initializing tags.
[T 13:37:44 11808] ID set to 0000000000002E20_0000000000000001 (parent 0000000000002E1E_0000000000000001)
[E 13:37:44 11808] Mimicry classification suppression detected; exiting.
[E 13:37:44 11808] Extractor exited successfully
[T 13:37:44 11806] Extractor /home/codespace/.local/share/gh/extensions/gh-codeql/dist/release/v2.27.1/cpp/tools/linux64/extractor terminated with exit code 0.
[T 13:37:44 11809] Initializing tracer.
[T 13:37:44 11809] Initializing tags.
[T 13:37:44 11809] ID set to 0000000000002E21_0000000000000001 (parent 0000000000002E1C_0000000000000001)
[T 13:37:44 11809] ==== Candidate to intercept: /usr/libexec/gcc/x86_64-linux-gnu/13/cc1 (canonical: /usr/libexec/gcc/x86_64-linux-gnu/13/cc1) ====
[T 13:37:44 11809] Lua: === Intercepted call to /usr/libexec/gcc/x86_64-linux-gnu/13/cc1 ===
[T 13:37:44 11809] Executing the following tracer actions:
[T 13:37:44 11809] Tracer actions:
[T 13:37:44 11809] pre_invocations(0)
[T 13:37:44 11809] post_invocations(1)
[T 13:37:44 11809] invocation: /home/codespace/.local/share/gh/extensions/gh-codeql/dist/release/v2.27.1/cpp/tools/linux64/extractor, args: [--mimic, /usr/libexec/gcc/x86_64-linux-gnu/13/cc1, --help]
[T 13:37:44 11809] trace_languages(1): [cpp]
[T 13:37:44 11811] Attempting to switch stdout/stderr to 7...
[T 13:37:44 11811] Initializing tracer.
[T 13:37:44 11811] Initializing tags.
[T 13:37:44 11811] ID set to 0000000000002E23_0000000000000001 (parent 0000000000002E21_0000000000000001)
[E 13:37:44 11811] Mimicry classification suppression detected; exiting.
[E 13:37:44 11811] Extractor exited successfully
[T 13:37:44 11809] Extractor /home/codespace/.local/share/gh/extensions/gh-codeql/dist/release/v2.27.1/cpp/tools/linux64/extractor terminated with exit code 0.
[T 13:37:44 11812] Initializing tracer.
[T 13:37:44 11812] Initializing tags.
[T 13:37:44 11812] ID set to 0000000000002E24_0000000000000001 (parent 0000000000002E1C_0000000000000001)
[T 13:37:44 11812] ==== Candidate to intercept: /usr/libexec/gcc/x86_64-linux-gnu/13/cc1 (canonical: /usr/libexec/gcc/x86_64-linux-gnu/13/cc1) ====
[T 13:37:44 11812] Lua: === Intercepted call to /usr/libexec/gcc/x86_64-linux-gnu/13/cc1 ===
[T 13:37:44 11812] Executing the following tracer actions:
[T 13:37:44 11812] Tracer actions:
[T 13:37:44 11812] pre_invocations(0)
[T 13:37:44 11812] post_invocations(1)
[T 13:37:44 11812] invocation: /home/codespace/.local/share/gh/extensions/gh-codeql/dist/release/v2.27.1/cpp/tools/linux64/extractor, args: [--mimic, /usr/libexec/gcc/x86_64-linux-gnu/13/cc1, -version, --help]
[T 13:37:44 11812] trace_languages(1): [cpp]
[T 13:37:44 11814] Attempting to switch stdout/stderr to 7...
[T 13:37:44 11814] Initializing tracer.
[T 13:37:44 11814] Initializing tags.
[T 13:37:44 11814] ID set to 0000000000002E26_0000000000000001 (parent 0000000000002E24_0000000000000001)
[E 13:37:44 11814] Mimicry classification suppression detected; exiting.
[E 13:37:44 11814] Extractor exited successfully
[T 13:37:44 11812] Extractor /home/codespace/.local/share/gh/extensions/gh-codeql/dist/release/v2.27.1/cpp/tools/linux64/extractor terminated with exit code 0.
[T 13:37:44 11815] Initializing tracer.
[T 13:37:44 11815] Initializing tags.
[T 13:37:44 11815] ID set to 0000000000002E27_0000000000000001 (parent 0000000000002E1C_0000000000000001)
[T 13:37:44 11815] ==== Candidate to intercept: /usr/libexec/gcc/x86_64-linux-gnu/13/cc1 (canonical: /usr/libexec/gcc/x86_64-linux-gnu/13/cc1) ====
[T 13:37:44 11815] Lua: === Intercepted call to /usr/libexec/gcc/x86_64-linux-gnu/13/cc1 ===
[T 13:37:44 11815] Executing the following tracer actions:
[T 13:37:44 11815] Tracer actions:
[T 13:37:44 11815] pre_invocations(0)
[T 13:37:44 11815] post_invocations(1)
[T 13:37:44 11815] invocation: /home/codespace/.local/share/gh/extensions/gh-codeql/dist/release/v2.27.1/cpp/tools/linux64/extractor, args: [--mimic, /usr/libexec/gcc/x86_64-linux-gnu/13/cc1, -nostdinc, -o, /workspaces/cybr621-lab2-Memory-Safety-Validation/codeql-db/working/tmp//semmle_2_11804_825609.o, /workspaces/cybr621-lab2-Memory-Safety-Validation/codeql-db/working/tmp//semmle_1_11804_825537.c]
[T 13:37:44 11815] trace_languages(1): [cpp]
[T 13:37:44 11817] Attempting to switch stdout/stderr to 7...
[T 13:37:44 11817] Initializing tracer.
[T 13:37:44 11817] Initializing tags.
[T 13:37:44 11817] ID set to 0000000000002E29_0000000000000001 (parent 0000000000002E27_0000000000000001)
[E 13:37:44 11817] Mimicry classification suppression detected; exiting.
[E 13:37:44 11817] Extractor exited successfully
[T 13:37:44 11815] Extractor /home/codespace/.local/share/gh/extensions/gh-codeql/dist/release/v2.27.1/cpp/tools/linux64/extractor terminated with exit code 0.
[T 13:37:44 11818] Initializing tracer.
[T 13:37:44 11818] Initializing tags.
[T 13:37:44 11818] ID set to 0000000000002E2A_0000000000000001 (parent 0000000000002E1C_0000000000000001)
[T 13:37:44 11818] ==== Candidate to intercept: /usr/libexec/gcc/x86_64-linux-gnu/13/cc1 (canonical: /usr/libexec/gcc/x86_64-linux-gnu/13/cc1) ====
[T 13:37:44 11818] Lua: === Intercepted call to /usr/libexec/gcc/x86_64-linux-gnu/13/cc1 ===
[T 13:37:44 11818] Executing the following tracer actions:
[T 13:37:44 11818] Tracer actions:
[T 13:37:44 11818] pre_invocations(0)
[T 13:37:44 11818] post_invocations(1)
[T 13:37:44 11818] invocation: /home/codespace/.local/share/gh/extensions/gh-codeql/dist/release/v2.27.1/cpp/tools/linux64/extractor, args: [--mimic, /usr/libexec/gcc/x86_64-linux-gnu/13/cc1, -nostdinc, -o, /workspaces/cybr621-lab2-Memory-Safety-Validation/codeql-db/working/tmp//semmle_4_11804_847281.o, /workspaces/cybr621-lab2-Memory-Safety-Validation/codeql-db/working/tmp//semmle_3_11804_847238.c]
[T 13:37:44 11818] trace_languages(1): [cpp]
[T 13:37:44 11820] Attempting to switch stdout/stderr to 7...
[T 13:37:44 11820] Initializing tracer.
[T 13:37:44 11820] Initializing tags.
[T 13:37:44 11820] ID set to 0000000000002E2C_0000000000000001 (parent 0000000000002E2A_0000000000000001)
[E 13:37:44 11820] Mimicry classification suppression detected; exiting.
[E 13:37:44 11820] Extractor exited successfully
[T 13:37:44 11818] Extractor /home/codespace/.local/share/gh/extensions/gh-codeql/dist/release/v2.27.1/cpp/tools/linux64/extractor terminated with exit code 0.
[E 13:37:44 11804] Checking whether C compilation already happened.
[E 13:37:44 11804] Checking for tag c-compilation-happened
[E 13:37:44 11804] Checking CODEQL_TRACER_DB_ID 0000000000002E03_0000000000000001
[E 13:37:44 11804] Locking DB /workspaces/cybr621-lab2-Memory-Safety-Validation/codeql-db/working/tags.db
[E 13:37:44 11804] Locked DB /workspaces/cybr621-lab2-Memory-Safety-Validation/codeql-db/working/tags.db
[E 13:37:44 11804] Unlocking DB
[E 13:37:44 11804] Unlocked DB
[E 13:37:44 11804] Looks like C compilation didn't already happen.
[E 13:37:44 11804] Checking whether C compilation has been attempted.
[E 13:37:44 11804] Checking for tag c-compilation-attempted
[E 13:37:44 11804] Checking CODEQL_TRACER_DB_ID 0000000000002E03_0000000000000001
[E 13:37:44 11804] Locking DB /workspaces/cybr621-lab2-Memory-Safety-Validation/codeql-db/working/tags.db
[E 13:37:44 11804] Locked DB /workspaces/cybr621-lab2-Memory-Safety-Validation/codeql-db/working/tags.db
[E 13:37:44 11804] Unlocking DB
[E 13:37:44 11804] Unlocked DB
[E 13:37:44 11804] Marking C compilation as attempted.
[E 13:37:44 11804] Setting tag c-compilation-attempted
[E 13:37:44 11804] Starting from CODEQL_TRACER_DB_ID 0000000000002E03_0000000000000001
[E 13:37:44 11804] Locking DB /workspaces/cybr621-lab2-Memory-Safety-Validation/codeql-db/working/tags.db
[E 13:37:44 11804] Locked DB /workspaces/cybr621-lab2-Memory-Safety-Validation/codeql-db/working/tags.db
[E 13:37:44 11804] Set tag for 0000000000002E03_0000000000000001
[E 13:37:44 11804] Set tag for 0000000000002DEE_0000000000000003
[E 13:37:44 11804] Set tag for 0000000000002DEE_0000000000000002
[E 13:37:44 11804] Set tag for root
[E 13:37:44 11804] Unlocking DB
[E 13:37:44 11804] Unlocked DB
[T 13:37:44 11821] Initializing tracer.
[T 13:37:44 11821] Initializing tags.
[T 13:37:44 11821] ID set to 0000000000002E2D_0000000000000001 (parent 0000000000002E1C_0000000000000001)
[T 13:37:44 11821] ==== Candidate to intercept: /usr/libexec/gcc/x86_64-linux-gnu/13/cc1 (canonical: /usr/libexec/gcc/x86_64-linux-gnu/13/cc1) ====
[T 13:37:44 11821] Lua: === Intercepted call to /usr/libexec/gcc/x86_64-linux-gnu/13/cc1 ===
[T 13:37:44 11821] Executing the following tracer actions:
[T 13:37:44 11821] Tracer actions:
[T 13:37:44 11821] pre_invocations(0)
[T 13:37:44 11821] post_invocations(1)
[T 13:37:44 11821] invocation: /home/codespace/.local/share/gh/extensions/gh-codeql/dist/release/v2.27.1/cpp/tools/linux64/extractor, args: [--mimic, /usr/libexec/gcc/x86_64-linux-gnu/13/cc1, @/workspaces/cybr621-lab2-Memory-Safety-Validation/codeql-db/working/tmp//semmle_6_11804_866379, -v, -fsyntax-only, /workspaces/cybr621-lab2-Memory-Safety-Validation/codeql-db/working/tmp//semmle_7_11804_866546]
[T 13:37:44 11821] trace_languages(1): [cpp]
[T 13:37:44 11823] Attempting to switch stdout/stderr to 7...
[T 13:37:44 11823] Initializing tracer.
[T 13:37:44 11823] Initializing tags.
[T 13:37:44 11823] ID set to 0000000000002E2F_0000000000000001 (parent 0000000000002E2D_0000000000000001)
[E 13:37:44 11823] Mimicry classification suppression detected; exiting.
[E 13:37:44 11823] Extractor exited successfully
[T 13:37:44 11821] Extractor /home/codespace/.local/share/gh/extensions/gh-codeql/dist/release/v2.27.1/cpp/tools/linux64/extractor terminated with exit code 0.
[T 13:37:44 11824] Initializing tracer.
[T 13:37:44 11824] Initializing tags.
[T 13:37:44 11824] ID set to 0000000000002E30_0000000000000001 (parent 0000000000002E1C_0000000000000001)
[T 13:37:44 11824] ==== Candidate to intercept: /usr/libexec/gcc/x86_64-linux-gnu/13/cc1 (canonical: /usr/libexec/gcc/x86_64-linux-gnu/13/cc1) ====
[T 13:37:44 11824] Lua: === Intercepted call to /usr/libexec/gcc/x86_64-linux-gnu/13/cc1 ===
[T 13:37:44 11824] Executing the following tracer actions:
[T 13:37:44 11824] Tracer actions:
[T 13:37:44 11824] pre_invocations(0)
[T 13:37:44 11824] post_invocations(1)
[T 13:37:44 11824] invocation: /home/codespace/.local/share/gh/extensions/gh-codeql/dist/release/v2.27.1/cpp/tools/linux64/extractor, args: [--mimic, /usr/libexec/gcc/x86_64-linux-gnu/13/cc1, @/workspaces/cybr621-lab2-Memory-Safety-Validation/codeql-db/working/tmp//semmle_6_11804_866379, -E, -dM, /workspaces/cybr621-lab2-Memory-Safety-Validation/codeql-db/working/tmp//semmle_8_11804_883670]
[T 13:37:44 11824] trace_languages(1): [cpp]
[T 13:37:44 11826] Attempting to switch stdout/stderr to 7...
[T 13:37:44 11826] Initializing tracer.
[T 13:37:44 11826] Initializing tags.
[T 13:37:44 11826] ID set to 0000000000002E32_0000000000000001 (parent 0000000000002E30_0000000000000001)
[E 13:37:44 11826] Mimicry classification suppression detected; exiting.
[E 13:37:44 11826] Extractor exited successfully
[T 13:37:44 11824] Extractor /home/codespace/.local/share/gh/extensions/gh-codeql/dist/release/v2.27.1/cpp/tools/linux64/extractor terminated with exit code 0.
[T 13:37:44 11827] Initializing tracer.
[T 13:37:44 11827] Initializing tags.
[T 13:37:44 11827] ID set to 0000000000002E33_0000000000000001 (parent 0000000000002E1C_0000000000000001)
[T 13:37:44 11827] ==== Candidate to intercept: /usr/libexec/gcc/x86_64-linux-gnu/13/cc1 (canonical: /usr/libexec/gcc/x86_64-linux-gnu/13/cc1) ====
[T 13:37:44 11827] Lua: === Intercepted call to /usr/libexec/gcc/x86_64-linux-gnu/13/cc1 ===
[T 13:37:44 11827] Executing the following tracer actions:
[T 13:37:44 11827] Tracer actions:
[T 13:37:44 11827] pre_invocations(0)
[T 13:37:44 11827] post_invocations(1)
[T 13:37:44 11827] invocation: /home/codespace/.local/share/gh/extensions/gh-codeql/dist/release/v2.27.1/cpp/tools/linux64/extractor, args: [--mimic, /usr/libexec/gcc/x86_64-linux-gnu/13/cc1, @/workspaces/cybr621-lab2-Memory-Safety-Validation/codeql-db/working/tmp//semmle_9_11804_903205, -o, /workspaces/cybr621-lab2-Memory-Safety-Validation/codeql-db/working/tmp//semmle_11_11804_903385.o, /workspaces/cybr621-lab2-Memory-Safety-Validation/codeql-db/working/tmp//semmle_10_11804_903343.c]
[T 13:37:44 11827] trace_languages(1): [cpp]
[T 13:37:44 11829] Attempting to switch stdout/stderr to 7...
[T 13:37:44 11829] Initializing tracer.
[T 13:37:44 11829] Initializing tags.
[T 13:37:44 11829] ID set to 0000000000002E35_0000000000000001 (parent 0000000000002E33_0000000000000001)
[E 13:37:44 11829] Mimicry classification suppression detected; exiting.
[E 13:37:44 11829] Extractor exited successfully
[T 13:37:44 11827] Extractor /home/codespace/.local/share/gh/extensions/gh-codeql/dist/release/v2.27.1/cpp/tools/linux64/extractor terminated with exit code 0.
[T 13:37:44 11830] Initializing tracer.
[T 13:37:44 11830] Initializing tags.
[T 13:37:44 11830] ID set to 0000000000002E36_0000000000000001 (parent 0000000000002E1C_0000000000000001)
[T 13:37:44 11830] ==== Candidate to intercept: /usr/libexec/gcc/x86_64-linux-gnu/13/cc1 (canonical: /usr/libexec/gcc/x86_64-linux-gnu/13/cc1) ====
[T 13:37:44 11830] Lua: === Intercepted call to /usr/libexec/gcc/x86_64-linux-gnu/13/cc1 ===
[T 13:37:44 11830] Executing the following tracer actions:
[T 13:37:44 11830] Tracer actions:
[T 13:37:44 11830] pre_invocations(0)
[T 13:37:44 11830] post_invocations(1)
[T 13:37:44 11830] invocation: /home/codespace/.local/share/gh/extensions/gh-codeql/dist/release/v2.27.1/cpp/tools/linux64/extractor, args: [--mimic, /usr/libexec/gcc/x86_64-linux-gnu/13/cc1, @/workspaces/cybr621-lab2-Memory-Safety-Validation/codeql-db/working/tmp//semmle_9_11804_903205, -o, /workspaces/cybr621-lab2-Memory-Safety-Validation/codeql-db/working/tmp//semmle_13_11804_920412.o, /workspaces/cybr621-lab2-Memory-Safety-Validation/codeql-db/working/tmp//semmle_12_11804_920363.c]
[T 13:37:44 11830] trace_languages(1): [cpp]
[T 13:37:44 11832] Attempting to switch stdout/stderr to 7...
[T 13:37:44 11832] Initializing tracer.
[T 13:37:44 11832] Initializing tags.
[T 13:37:44 11832] ID set to 0000000000002E38_0000000000000001 (parent 0000000000002E36_0000000000000001)
[E 13:37:44 11832] Mimicry classification suppression detected; exiting.
[E 13:37:44 11832] Extractor exited successfully
[T 13:37:44 11830] Extractor /home/codespace/.local/share/gh/extensions/gh-codeql/dist/release/v2.27.1/cpp/tools/linux64/extractor terminated with exit code 0.
[T 13:37:44 11833] Initializing tracer.
[T 13:37:44 11833] Initializing tags.
[T 13:37:44 11833] ID set to 0000000000002E39_0000000000000001 (parent 0000000000002E1C_0000000000000001)
[T 13:37:44 11833] ==== Candidate to intercept: /usr/libexec/gcc/x86_64-linux-gnu/13/cc1 (canonical: /usr/libexec/gcc/x86_64-linux-gnu/13/cc1) ====
[T 13:37:44 11833] Lua: === Intercepted call to /usr/libexec/gcc/x86_64-linux-gnu/13/cc1 ===
[T 13:37:44 11833] Executing the following tracer actions:
[T 13:37:44 11833] Tracer actions:
[T 13:37:44 11833] pre_invocations(0)
[T 13:37:44 11833] post_invocations(1)
[T 13:37:44 11833] invocation: /home/codespace/.local/share/gh/extensions/gh-codeql/dist/release/v2.27.1/cpp/tools/linux64/extractor, args: [--mimic, /usr/libexec/gcc/x86_64-linux-gnu/13/cc1, @/workspaces/cybr621-lab2-Memory-Safety-Validation/codeql-db/working/tmp//semmle_9_11804_903205, -o, /workspaces/cybr621-lab2-Memory-Safety-Validation/codeql-db/working/tmp//semmle_15_11804_945465.o, /workspaces/cybr621-lab2-Memory-Safety-Validation/codeql-db/working/tmp//semmle_14_11804_945429.c]
[T 13:37:44 11833] trace_languages(1): [cpp]
[T 13:37:44 11835] Attempting to switch stdout/stderr to 7...
[T 13:37:44 11835] Initializing tracer.
[T 13:37:44 11835] Initializing tags.
[T 13:37:44 11835] ID set to 0000000000002E3B_0000000000000001 (parent 0000000000002E39_0000000000000001)
[E 13:37:44 11835] Mimicry classification suppression detected; exiting.
[E 13:37:44 11835] Extractor exited successfully
[T 13:37:44 11833] Extractor /home/codespace/.local/share/gh/extensions/gh-codeql/dist/release/v2.27.1/cpp/tools/linux64/extractor terminated with exit code 0.
[T 13:37:44 11836] Initializing tracer.
[T 13:37:44 11836] Initializing tags.
[T 13:37:44 11836] ID set to 0000000000002E3C_0000000000000001 (parent 0000000000002E1C_0000000000000001)
[T 13:37:44 11836] ==== Candidate to intercept: /usr/libexec/gcc/x86_64-linux-gnu/13/cc1 (canonical: /usr/libexec/gcc/x86_64-linux-gnu/13/cc1) ====
[T 13:37:44 11836] Lua: === Intercepted call to /usr/libexec/gcc/x86_64-linux-gnu/13/cc1 ===
[T 13:37:44 11836] Executing the following tracer actions:
[T 13:37:44 11836] Tracer actions:
[T 13:37:44 11836] pre_invocations(0)
[T 13:37:44 11836] post_invocations(1)
[T 13:37:44 11836] invocation: /home/codespace/.local/share/gh/extensions/gh-codeql/dist/release/v2.27.1/cpp/tools/linux64/extractor, args: [--mimic, /usr/libexec/gcc/x86_64-linux-gnu/13/cc1, @/workspaces/cybr621-lab2-Memory-Safety-Validation/codeql-db/working/tmp//semmle_9_11804_903205, -o, /workspaces/cybr621-lab2-Memory-Safety-Validation/codeql-db/working/tmp//semmle_17_11804_965483.o, /workspaces/cybr621-lab2-Memory-Safety-Validation/codeql-db/working/tmp//semmle_16_11804_965441.c]
[T 13:37:44 11836] trace_languages(1): [cpp]
[T 13:37:44 11838] Attempting to switch stdout/stderr to 7...
[T 13:37:44 11838] Initializing tracer.
[T 13:37:44 11838] Initializing tags.
[T 13:37:44 11838] ID set to 0000000000002E3E_0000000000000001 (parent 0000000000002E3C_0000000000000001)
[E 13:37:44 11838] Mimicry classification suppression detected; exiting.
[E 13:37:44 11838] Extractor exited successfully
[T 13:37:44 11836] Extractor /home/codespace/.local/share/gh/extensions/gh-codeql/dist/release/v2.27.1/cpp/tools/linux64/extractor terminated with exit code 0.
[T 13:37:44 11839] Initializing tracer.
[T 13:37:44 11839] Initializing tags.
[T 13:37:44 11839] ID set to 0000000000002E3F_0000000000000001 (parent 0000000000002E1C_0000000000000001)
[T 13:37:44 11839] ==== Candidate to intercept: /usr/libexec/gcc/x86_64-linux-gnu/13/cc1 (canonical: /usr/libexec/gcc/x86_64-linux-gnu/13/cc1) ====
[T 13:37:44 11839] Lua: === Intercepted call to /usr/libexec/gcc/x86_64-linux-gnu/13/cc1 ===
[T 13:37:44 11839] Executing the following tracer actions:
[T 13:37:44 11839] Tracer actions:
[T 13:37:44 11839] pre_invocations(0)
[T 13:37:44 11839] post_invocations(1)
[T 13:37:44 11839] invocation: /home/codespace/.local/share/gh/extensions/gh-codeql/dist/release/v2.27.1/cpp/tools/linux64/extractor, args: [--mimic, /usr/libexec/gcc/x86_64-linux-gnu/13/cc1, @/workspaces/cybr621-lab2-Memory-Safety-Validation/codeql-db/working/tmp//semmle_9_11804_903205, -o, /workspaces/cybr621-lab2-Memory-Safety-Validation/codeql-db/working/tmp//semmle_19_11804_987908.o, /workspaces/cybr621-lab2-Memory-Safety-Validation/codeql-db/working/tmp//semmle_18_11804_987860.c]
[T 13:37:44 11839] trace_languages(1): [cpp]
[T 13:37:44 11841] Attempting to switch stdout/stderr to 7...
[T 13:37:44 11841] Initializing tracer.
[T 13:37:44 11841] Initializing tags.
[T 13:37:45 11841] ID set to 0000000000002E41_0000000000000001 (parent 0000000000002E3F_0000000000000001)
[E 13:37:45 11841] Mimicry classification suppression detected; exiting.
[E 13:37:45 11841] Extractor exited successfully
[T 13:37:45 11839] Extractor /home/codespace/.local/share/gh/extensions/gh-codeql/dist/release/v2.27.1/cpp/tools/linux64/extractor terminated with exit code 0.
[T 13:37:45 11842] Initializing tracer.
[T 13:37:45 11842] Initializing tags.
[T 13:37:45 11842] ID set to 0000000000002E42_0000000000000001 (parent 0000000000002E1C_0000000000000001)
[T 13:37:45 11842] ==== Candidate to intercept: /usr/libexec/gcc/x86_64-linux-gnu/13/cc1 (canonical: /usr/libexec/gcc/x86_64-linux-gnu/13/cc1) ====
[T 13:37:45 11842] Lua: === Intercepted call to /usr/libexec/gcc/x86_64-linux-gnu/13/cc1 ===
[T 13:37:45 11842] Executing the following tracer actions:
[T 13:37:45 11842] Tracer actions:
[T 13:37:45 11842] pre_invocations(0)
[T 13:37:45 11842] post_invocations(1)
[T 13:37:45 11842] invocation: /home/codespace/.local/share/gh/extensions/gh-codeql/dist/release/v2.27.1/cpp/tools/linux64/extractor, args: [--mimic, /usr/libexec/gcc/x86_64-linux-gnu/13/cc1, @/workspaces/cybr621-lab2-Memory-Safety-Validation/codeql-db/working/tmp//semmle_9_11804_903205, -o, /workspaces/cybr621-lab2-Memory-Safety-Validation/codeql-db/working/tmp//semmle_21_11804_4525.o, /workspaces/cybr621-lab2-Memory-Safety-Validation/codeql-db/working/tmp//semmle_20_11804_4481.c]
[T 13:37:45 11842] trace_languages(1): [cpp]
[T 13:37:45 11844] Attempting to switch stdout/stderr to 7...
[T 13:37:45 11844] Initializing tracer.
[T 13:37:45 11844] Initializing tags.
[T 13:37:45 11844] ID set to 0000000000002E44_0000000000000001 (parent 0000000000002E42_0000000000000001)
[E 13:37:45 11844] Mimicry classification suppression detected; exiting.
[E 13:37:45 11844] Extractor exited successfully
[T 13:37:45 11842] Extractor /home/codespace/.local/share/gh/extensions/gh-codeql/dist/release/v2.27.1/cpp/tools/linux64/extractor terminated with exit code 0.
[E 13:37:45 11804] Processed command line: /home/codespace/.local/share/gh/extensions/gh-codeql/dist/release/v2.27.1/cpp/tools/linux64/extractor --trapfolder /workspaces/cybr621-lab2-Memory-Safety-Validation/codeql-db/trap/cpp --src_archive /workspaces/cybr621-lab2-Memory-Safety-Validation/codeql-db/src --object_filename /tmp/ccGOvku1.s --no_warnings_and_discretionary_errors --error_limit 1000 --disable_system_macros --variadic_macros --incognito --gcc --gnu_version 130300 --target linux_x86_64 '-D__DBL_MIN_EXP__=(-1021)' -D__UINT_LEAST16_MAX__=0xffff -D__FLT16_HAS_QUIET_NAN__=1 -D__ATOMIC_ACQUIRE=2 -D__FLT128_MAX_10_EXP__=4932 -D__FLT_MIN__=1.17549435082228750796873653722224568e-38F -D__GCC_IEC_559_COMPLEX=2 '-D__UINT_LEAST8_TYPE__=unsigned char' -D__SIZEOF_FLOAT80__=16 -D__BFLT16_DENORM_MIN__=9.18354961579912115600575419704879436e-41BF16 '-D__INTMAX_C(c)=c ## L' -D__CHAR_BIT__=8 -D__UINT8_MAX__=0xff -D__SCHAR_WIDTH__=8 -D__WINT_MAX__=0xffffffffU '-D__FLT32_MIN_EXP__=(-125)' -D__BFLT16_NORM_MAX__=3.38953138925153547590470800371487867e+38BF16 '-D__BFLT16_MIN_10_EXP__=(-37)' -D__ORDER_LITTLE_ENDIAN__=1234 -D__WCHAR_MAX__=0x7fffffff -D__GCC_HAVE_SYNC_COMPARE_AND_SWAP_2=1 -D__GCC_HAVE_SYNC_COMPARE_AND_SWAP_4=1 -D__GCC_HAVE_SYNC_COMPARE_AND_SWAP_8=1 -D__GCC_ATOMIC_CHAR_LOCK_FREE=2 -D__GCC_IEC_559=2 -D__FLT32X_DECIMAL_DIG__=17 -D__FLT_EVAL_METHOD__=0 -D__FLT64_DECIMAL_DIG__=17 -D__CET__=3 -D__GCC_ATOMIC_CHAR32_T_LOCK_FREE=2 -D__UINT_FAST64_MAX__=0xffffffffffffffffUL -D__SIG_ATOMIC_TYPE__=int '-D__DBL_MIN_10_EXP__=(-307)' -D__FINITE_MATH_ONLY__=0 -D__FLT32X_MAX_EXP__=1024 -D__GCC_HAVE_SYNC_COMPARE_AND_SWAP_1=1 -D__FLT32_HAS_DENORM__=1 -D__UINT_FAST8_MAX__=0xff -D__FLT32_MAX_10_EXP__=38 -D__DEC64_MAX_EXP__=385 '-D__INT8_C(c)=c' -D__INT_LEAST8_WIDTH__=8 -D__UINT_LEAST64_MAX__=0xffffffffffffffffUL -D__SHRT_MAX__=0x7fff -D__LDBL_MAX__=1.18973149535723176502126385303097021e+4932L -D__FLT64X_MAX_10_EXP__=4932 -D__BFLT16_MAX_10_EXP__=38 -D__BFLT16_MAX_EXP__=128 -D__LDBL_IS_IEC_60559__=1 -D__FLT64X_HAS_QUIET_NAN__=1 -D__UINT_LEAST8_MAX__=0xff -D__GCC_ATOMIC_BOOL_LOCK_FREE=2 -D__FLT128_DENORM_MIN__=6.47517511943802511092443895822764655e-4966F128 '-D__UINTMAX_TYPE__=long unsigned int' -D__BFLT16_DECIMAL_DIG__=4 -D__linux=1 -D__DEC32_EPSILON__=1E-6DF -D__FLT_EVAL_METHOD_TS_18661_3__=0 -D__UINT32_MAX__=0xffffffffU '-D__DBL_DENORM_MIN__=((double)4.94065645841246544176568792868221372e-324L)' '-D__FLT128_MIN_EXP__=(-16381)' -D__WINT_MIN__=0U '-D__FLT128_MIN_10_EXP__=(-4931)' -D__FLT32X_IS_IEC_60559__=1 -D__INT_LEAST16_WIDTH__=16 -D__SCHAR_MAX__=0x7f -D__FLT128_MANT_DIG__=113 '-D__WCHAR_MIN__=(-__WCHAR_MAX__ - 1)' '-D__INT64_C(c)=c ## L' -D__SSP_STRONG__=3 -D__GCC_ATOMIC_POINTER_LOCK_FREE=2 -D__ATOMIC_SEQ_CST=5 -D__unix=1 -D__INT_LEAST64_MAX__=0x7fffffffffffffffL -D__FLT32X_MANT_DIG__=53 -D__FLT64X_EPSILON__=1.08420217248550443400745280086994171e-19F64x '-D__DEC64_MIN_EXP__=(-382)' -D__DBL_DIG__=15 -D__FLT_EPSILON__=1.19209289550781250000000000000000000e-7F -D__SHRT_WIDTH__=16 -D__FLT32_IS_IEC_60559__=1 -D__LDBL_MIN__=3.36210314311209350626267781732175260e-4932L -D__STDC_UTF_16__=1 -D__DBL_IS_IEC_60559__=1 -D__DEC32_MAX__=9.999999E96DF -D__FLT64X_DENORM_MIN__=3.64519953188247460252840593361941982e-4951F64x -D__FLT32X_HAS_INFINITY__=1 -D__unix__=1 -D__INT_WIDTH__=32 -D__STDC_IEC_559__=1 -D__STDC_ISO_10646__=201706L -D__DECIMAL_DIG__=21 -D__STDC_IEC_559_COMPLEX__=1 -D__FLT64_EPSILON__=2.22044604925031308084726333618164062e-16F64 -D__gnu_linux__=1 -D__FLT128_IS_IEC_60559__=1 '-D__FLT64X_MIN_10_EXP__=(-4931)' -D__LDBL_HAS_QUIET_NAN__=1 '-D__FLT16_MIN_EXP__=(-13)' -D__FLT64_MANT_DIG__=53 -D__FLT64X_MANT_DIG__=64 -D__BFLT16_DIG__=2 -D__pie__=2 -D__MMX__=1 -D__FLT_HAS_DENORM__=1 -D__SIZEOF_LONG_DOUBLE__=16 -D__BIGGEST_ALIGNMENT__=16 -D__FLT64_MAX_10_EXP__=308 -D__BFLT16_IS_IEC_60559__=0 -D__FLT16_MAX_10_EXP__=4 '-D__DBL_MAX__=((double)1.79769313486231570814527423731704357e+308L)' -D__INT_FAST32_MAX__=0x7fffffffffffffffL -D__DBL_HAS_INFINITY__=1 -D__INT64_MAX__=0x7fffffffffffffffL -D__SIZEOF_FLOAT__=4 -D__HAVE_SPECULATION_SAFE_VALUE=1 '-D__DEC32_MIN_EXP__=(-94)' -D__INTPTR_WIDTH__=64 -D__UINT_LEAST32_MAX__=0xffffffffU -D__FLT32X_HAS_DENORM__=1 '-D__INT_FAST16_TYPE__=long int' -D__MMX_WITH_SSE__=1 -D__LDBL_HAS_DENORM__=1 -D__SEG_GS=1 -D__BFLT16_EPSILON__=7.81250000000000000000000000000000000e-3BF16 -D__FLT128_HAS_INFINITY__=1 -D__DEC32_MIN__=1E-95DF -D__DBL_MAX_EXP__=1024 -D__WCHAR_WIDTH__=32 -D__FLT32_MAX__=3.40282346638528859811704183484516925e+38F32 -D__DEC128_EPSILON__=1E-33DL -D__FLT16_DECIMAL_DIG__=5 -D__SSE2_MATH__=1 -D__ATOMIC_HLE_RELEASE=131072 -D__PTRDIFF_MAX__=0x7fffffffffffffffL -D__amd64=1 -D__ATOMIC_HLE_ACQUIRE=65536 -D__LONG_LONG_MAX__=0x7fffffffffffffffLL -D__SIZEOF_SIZE_T__=8 -D__BFLT16_HAS_INFINITY__=1 '-D__FLT64X_MIN_EXP__=(-16381)' -D__SIZEOF_WINT_T__=4 -D__LONG_LONG_WIDTH__=64 -D__FLT32_MAX_EXP__=128 -D__GXX_ABI_VERSION=1018 '-D__FLT_MIN_EXP__=(-125)' -D__GCC_HAVE_DWARF2_CFI_ASM=1 -D__INT16_MAX__=0x7fff -D__x86_64=1 '-D__INT_FAST64_TYPE__=long int' -D__BFLT16_MAX__=3.38953138925153547590470800371487867e+38BF16 -D__BFLT16_HAS_DENORM__=1 -D__FLT64_DENORM_MIN__=4.94065645841246544176568792868221372e-324F64 -D__FLT16_DENORM_MIN__=5.96046447753906250000000000000000000e-8F16 -D__FLT128_EPSILON__=1.92592994438723585305597794258492732e-34F128 -D__FLT64X_NORM_MAX__=1.18973149535723176502126385303097021e+4932F64x -D__SIZEOF_POINTER__=8 '-D__SIZE_TYPE__=long unsigned int' -D__LP64__=1 -D__DBL_HAS_QUIET_NAN__=1 -D__FLT32X_EPSILON__=2.22044604925031308084726333618164062e-16F32x -D__LDBL_MAX_EXP__=16384 -D__DECIMAL_BID_FORMAT__=1 '-D__FLT64_MIN_EXP__=(-1021)' '-D__FLT64_MIN_10_EXP__=(-307)' '-D__FLT16_MIN_10_EXP__=(-4)' -D__FLT64X_DECIMAL_DIG__=21 -D__DEC128_MIN__=1E-6143DL -D__REGISTER_PREFIX__= -D__UINT16_MAX__=0xffff -D__DBL_HAS_DENORM__=1 -D__FLT32_MIN__=1.17549435082228750796873653722224568e-38F32 '-D__UINT8_TYPE__=unsigned char' -D__FLT_DIG__=6 -D__NO_INLINE__=1 -D__DEC_EVAL_METHOD__=2 -D__FLT_MANT_DIG__=24 -D__LDBL_DECIMAL_DIG__=21 '-D__UINT64_C(c)=c ## UL' -D_STDC_PREDEF_H=1 -D__INT_LEAST32_MAX__=0x7fffffff -D__GCC_ATOMIC_INT_LOCK_FREE=2 -D__FLT128_MAX_EXP__=16384 -D__FLT32_MANT_DIG__=24 -D__FLOAT_WORD_ORDER__=__ORDER_LITTLE_ENDIAN__ '-D__FLT32X_MIN_EXP__=(-1021)' -D__STDC_IEC_60559_COMPLEX__=201404L -D__BFLT16_MIN__=1.17549435082228750796873653722224568e-38BF16 -D__FLT128_HAS_DENORM__=1 -D__FLT32_DECIMAL_DIG__=9 -D__FLT128_DIG__=33 '-D__INT32_C(c)=c' -D__DEC64_EPSILON__=1E-15DD -D__ORDER_PDP_ENDIAN__=3412 '-D__DEC128_MIN_EXP__=(-6142)' -D__DEC128_MAX__=9.999999999999999999999999999999999E6144DL '-D__INT_FAST32_TYPE__=long int' '-D__UINT_LEAST16_TYPE__=short unsigned int' -D__DEC128_MAX_EXP__=6145 -Dunix=1 -D__UINT64_MAX__=0xffffffffffffffffUL -D__FLT_IS_IEC_60559__=1 '-D__GNUC_WIDE_EXECUTION_CHARSET_NAME="UTF-32LE"' -D__FLT64X_DIG__=18 '-D__INT8_TYPE__=signed char' -D__ELF__=1 -D__GCC_ASM_FLAG_OUTPUTS__=1 '-D__UINT32_TYPE__=unsigned int' -D__BFLT16_HAS_QUIET_NAN__=1 -D__FLT_RADIX__=2 '-D__INT_LEAST16_TYPE__=short int' -D__LDBL_EPSILON__=1.08420217248550443400745280086994171e-19L '-D__UINTMAX_C(c)=c ## UL' -D__FLT16_DIG__=3 -D__SSE_MATH__=1 -D__k8=1 -D__FLT32X_MIN__=2.22507385850720138309023271733240406e-308F32x -D__SIG_ATOMIC_MAX__=0x7fffffff -D__GCC_ATOMIC_WCHAR_T_LOCK_FREE=2 -D__USER_LABEL_PREFIX__= -D__STDC_IEC_60559_BFP__=201404L -D__SIZEOF_PTRDIFF_T__=8 -D__FLT64X_HAS_INFINITY__=1 -D__FLT32_HAS_INFINITY__=1 -D__SIZEOF_LONG__=8 -D__LDBL_DIG__=18 -D__FLT64_IS_IEC_60559__=1 -D__x86_64__=1 -D__FLT16_IS_IEC_60559__=1 -D__FLT16_MAX_EXP__=16 -D__DEC32_SUBNORMAL_MIN__=0.000001E-95DF -D__INT_FAST16_MAX__=0x7fffffffffffffffL -D__GCC_CONSTRUCTIVE_SIZE=64 -D__FLT64_DIG__=15 -D__UINT_FAST32_MAX__=0xffffffffffffffffUL '-D__UINT_LEAST64_TYPE__=long unsigned int' -D__FLT16_EPSILON__=9.76562500000000000000000000000000000e-4F16 -D__FLT_HAS_QUIET_NAN__=1 -D__FLT_MAX_10_EXP__=38 -D__LONG_MAX__=0x7fffffffffffffffL -D__FLT64X_HAS_DENORM__=1 -D__DEC128_SUBNORMAL_MIN__=0.000000000000000000000000000000001E-6143DL -D__FLT_HAS_INFINITY__=1 '-D__GNUC_EXECUTION_CHARSET_NAME="UTF-8"' '-D__UINT_FAST16_TYPE__=long unsigned int' -D__DEC64_MAX__=9.999999999999999E384DD -D__INT_FAST32_WIDTH__=64 -D__PRAGMA_REDEFINE_EXTNAME=1 -D__SIZE_WIDTH__=64 -D__SEG_FS=1 -D__INT_LEAST16_MAX__=0x7fff -D__FLT16_NORM_MAX__=6.55040000000000000000000000000000000e+4F16 -D__DEC64_MANT_DIG__=16 -D__FLT32_DENORM_MIN__=1.40129846432481707092372958328991613e-45F32 -D__SIG_ATOMIC_WIDTH__=32 '-D__INT_LEAST64_TYPE__=long int' '-D__INT16_TYPE__=short int' '-D__INT_LEAST8_TYPE__=signed char' -D__FLT16_MAX__=6.55040000000000000000000000000000000e+4F16 -D__FLT128_MIN__=3.36210314311209350626267781732175260e-4932F128 -D__SIZEOF_INT__=4 -D__DEC32_MAX_EXP__=97 -D__INT_FAST8_MAX__=0x7f -D__FLT128_MAX__=1.18973149535723176508575932662800702e+4932F128 -D__INTPTR_MAX__=0x7fffffffffffffffL -Dlinux=1 -D__FLT64_HAS_QUIET_NAN__=1 '-D__FLT32_MIN_10_EXP__=(-37)' -D__FLT32X_DIG__=15 '-D__UINT16_C(c)=c' -D__PTRDIFF_WIDTH__=64 -D__LDBL_MANT_DIG__=64 -D__INT_FAST16_WIDTH__=64 -D__FLT64_HAS_INFINITY__=1 -D__FLT64X_MAX__=1.18973149535723176502126385303097021e+4932F64x -D__FLT16_HAS_INFINITY__=1 '-D__SIG_ATOMIC_MIN__=(-__SIG_ATOMIC_MAX__ - 1)' -D__code_model_small__=1 -D__GCC_ATOMIC_LONG_LOCK_FREE=2 -D__DEC32_MANT_DIG__=7 -D__FLT16_MANT_DIG__=11 -D__k8__=1 '-D__INTPTR_TYPE__=long int' '-D__UINT16_TYPE__=short unsigned int' -D__WCHAR_TYPE__=int -D__pic__=2 -D__UINTPTR_MAX__=0xffffffffffffffffUL -D__INT_FAST64_WIDTH__=64 -D__LDBL_HAS_INFINITY__=1 -D__INT_FAST64_MAX__=0x7fffffffffffffffL -D__GCC_ATOMIC_TEST_AND_SET_TRUEVAL=1 -D__FLT_NORM_MAX__=3.40282346638528859811704183484516925e+38F -D__FLT64X_MAX_EXP__=16384 '-D__UINT_FAST64_TYPE__=long unsigned int' '-D__BFLT16_MIN_EXP__=(-125)' -D__INT_MAX__=0x7fffffff -D__linux__=1 '-D__INT64_TYPE__=long int' -D__FLT_MAX_EXP__=128 -D__ORDER_BIG_ENDIAN__=4321 -D__DBL_MANT_DIG__=53 -D__SIZEOF_FLOAT128__=16 -D__BFLT16_MANT_DIG__=8 -D__GCC_ATOMIC_CHAR16_T_LOCK_FREE=2 -D__DEC64_MIN__=1E-383DD '-D__WINT_TYPE__=unsigned int' '-D__UINT_LEAST32_TYPE__=unsigned int' -D__SIZEOF_SHORT__=2 -D__FLT32_NORM_MAX__=3.40282346638528859811704183484516925e+38F32 -D__SSE__=1 '-D__LDBL_MIN_EXP__=(-16381)' -D__FLT64_MAX__=1.79769313486231570814527423731704357e+308F64 -D__amd64__=1 -D__WINT_WIDTH__=32 -D__INT_LEAST8_MAX__=0x7f -D__INT_LEAST64_WIDTH__=64 -D__FLT32X_MAX_10_EXP__=308 -D__SIZEOF_INT128__=16 -D__FLT16_MIN__=6.10351562500000000000000000000000000e-5F16 -D__FLT64X_IS_IEC_60559__=1 -D__LDBL_MAX_10_EXP__=4932 -D__ATOMIC_RELAXED=0 '-D__DBL_EPSILON__=((double)2.22044604925031308084726333618164062e-16L)' -D__INT_LEAST32_TYPE__=int -D_LP64=1 '-D__UINT8_C(c)=c' -D__FLT64_MAX_EXP__=1024 -D__SIZEOF_WCHAR_T__=4 '-D__UINT64_TYPE__=long unsigned int' -D__FLT128_NORM_MAX__=1.18973149535723176508575932662800702e+4932F128 -D__FLT64_NORM_MAX__=1.79769313486231570814527423731704357e+308F64 -D__FLT128_HAS_QUIET_NAN__=1 -D__INTMAX_MAX__=0x7fffffffffffffffL '-D__INT_FAST8_TYPE__=signed char' -D__FLT64X_MIN__=3.36210314311209350626267781732175260e-4932F64x -D__FLT64_HAS_DENORM__=1 -D__FLT32_EPSILON__=1.19209289550781250000000000000000000e-7F32 -D__FLT16_HAS_DENORM__=1 -D__DBL_DECIMAL_DIG__=17 -D__STDC_UTF_32__=1 -D__INT_FAST8_WIDTH__=8 -D__FXSR__=1 -D__FLT32X_MAX__=1.79769313486231570814527423731704357e+308F32x '-D__DBL_NORM_MAX__=((double)1.79769313486231570814527423731704357e+308L)' -D__BYTE_ORDER__=__ORDER_LITTLE_ENDIAN__ -D__GCC_DESTRUCTIVE_SIZE=64 -D__INTMAX_WIDTH__=64 -D__FLT32_DIG__=6 '-D__UINT32_C(c)=c ## U' -D__FLT_DENORM_MIN__=1.40129846432481707092372958328991613e-45F -D__INT8_MAX__=0x7f -D__LONG_WIDTH__=64 '-D__DBL_MIN__=((double)2.22507385850720138309023271733240406e-308L)' -D__PIC__=2 -D__INT32_MAX__=0x7fffffff '-D__UINT_FAST32_TYPE__=long unsigned int' -D__FLT32X_NORM_MAX__=1.79769313486231570814527423731704357e+308F32x -D__FLT_MAX__=3.40282346638528859811704183484516925e+38F -D__SSE2__=1 -D__INT32_TYPE__=int -D__SIZEOF_DOUBLE__=8 '-D__FLT_MIN_10_EXP__=(-37)' -D__FLT64_MIN__=2.22507385850720138309023271733240406e-308F64 -D__INT_LEAST32_WIDTH__=32 '-D__INTMAX_TYPE__=long int' -D__FLT32X_HAS_QUIET_NAN__=1 -D__ATOMIC_CONSUME=1 -D__UINTMAX_MAX__=0xffffffffffffffffUL -D__PIE__=2 -D__FLT32X_DENORM_MIN__=4.94065645841246544176568792868221372e-324F32x -D__DBL_MAX_10_EXP__=308 -D__LDBL_DENORM_MIN__=3.64519953188247460252840593361941982e-4951L '-D__INT16_C(c)=c' '-D__PTRDIFF_TYPE__=long int' '-D__FLT32X_MIN_10_EXP__=(-307)' '-D__UINTPTR_TYPE__=long unsigned int' -D__DEC64_SUBNORMAL_MIN__=0.000000000000001E-383DD -D__DEC128_MANT_DIG__=34 '-D__LDBL_MIN_10_EXP__=(-4931)' -D__SIZEOF_LONG_LONG__=8 -D__FLT128_DECIMAL_DIG__=36 -D__GCC_ATOMIC_LLONG_LOCK_FREE=2 -D__FLT32_HAS_QUIET_NAN__=1 -D__FLT_DECIMAL_DIG__=9 -D__UINT_FAST16_MAX__=0xffffffffffffffffUL -D__LDBL_NORM_MAX__=1.18973149535723176502126385303097021e+4932L -D__GCC_ATOMIC_SHORT_LOCK_FREE=2 -D__SIZE_MAX__=0xffffffffffffffffUL '-D__UINT_FAST8_TYPE__=unsigned char' -D__ATOMIC_ACQ_REL=4 -D__ATOMIC_RELEASE=3 -I/usr/lib/gcc/x86_64-linux-gnu/13/include -I/usr/local/include -I/usr/include/x86_64-linux-gnu -I/usr/include -- assistant1.c
[E 13:37:45 11804] CODEQL_EXTRACTOR_CPP_TRAP_CACHING is not set
[E 13:37:45 11804] CODEQL_EXTRACTOR_CPP_OPTION_TRAP_CACHE_WRITE is not set
[E 13:37:45 11804] CODEQL_EXTRACTOR_CPP_OPTION_TRAP_CACHE_DIR is not set
[E 13:37:45 11804] Initialising TRAP cache at path: 1d/85e6/e635c295bac4d8cf384863f23559
[E 13:37:45 11804] Not using TRAP cache
[E 13:37:45 11804] TRAP cache miss
[E 13:37:45 11804] Starting compilation TRAP /workspaces/cybr621-lab2-Memory-Safety-Validation/codeql-db/trap/cpp/compilations/18/15191744_0.trap.zst
[E 13:37:45 11804] Archiving /workspaces/cybr621-lab2-Memory-Safety-Validation/codeql-db/src/workspaces/cybr621-lab2-Memory-Safety-Validation/assistant1.c
[E 13:37:45 11804] Archiving /workspaces/cybr621-lab2-Memory-Safety-Validation/codeql-db/src/usr/include/stdio.h
[E 13:37:45 11804] Archiving /workspaces/cybr621-lab2-Memory-Safety-Validation/codeql-db/src/usr/include/x86_64-linux-gnu/bits/libc-header-start.h
[E 13:37:45 11804] Archiving /workspaces/cybr621-lab2-Memory-Safety-Validation/codeql-db/src/usr/include/features.h
[E 13:37:45 11804] Archiving /workspaces/cybr621-lab2-Memory-Safety-Validation/codeql-db/src/usr/include/features-time64.h
[E 13:37:45 11804] Archiving /workspaces/cybr621-lab2-Memory-Safety-Validation/codeql-db/src/usr/include/x86_64-linux-gnu/bits/wordsize.h
[E 13:37:45 11804] Archiving /workspaces/cybr621-lab2-Memory-Safety-Validation/codeql-db/src/usr/include/x86_64-linux-gnu/bits/timesize.h
[E 13:37:45 11804] Already archived /workspaces/cybr621-lab2-Memory-Safety-Validation/codeql-db/src/usr/include/x86_64-linux-gnu/bits/wordsize.h
[E 13:37:45 11804] Archiving /workspaces/cybr621-lab2-Memory-Safety-Validation/codeql-db/src/usr/include/stdc-predef.h
[E 13:37:45 11804] Archiving /workspaces/cybr621-lab2-Memory-Safety-Validation/codeql-db/src/usr/include/x86_64-linux-gnu/sys/cdefs.h
[E 13:37:45 11804] Already archived /workspaces/cybr621-lab2-Memory-Safety-Validation/codeql-db/src/usr/include/x86_64-linux-gnu/bits/wordsize.h
[E 13:37:45 11804] Archiving /workspaces/cybr621-lab2-Memory-Safety-Validation/codeql-db/src/usr/include/x86_64-linux-gnu/bits/long-double.h
[E 13:37:45 11804] Archiving /workspaces/cybr621-lab2-Memory-Safety-Validation/codeql-db/src/usr/include/x86_64-linux-gnu/gnu/stubs.h
[E 13:37:45 11804] Archiving /workspaces/cybr621-lab2-Memory-Safety-Validation/codeql-db/src/usr/include/x86_64-linux-gnu/gnu/stubs-64.h
[E 13:37:45 11804] Archiving /workspaces/cybr621-lab2-Memory-Safety-Validation/codeql-db/src/usr/lib/gcc/x86_64-linux-gnu/13/include/stddef.h
[E 13:37:45 11804] Archiving /workspaces/cybr621-lab2-Memory-Safety-Validation/codeql-db/src/usr/lib/gcc/x86_64-linux-gnu/13/include/stdarg.h
[E 13:37:45 11804] Archiving /workspaces/cybr621-lab2-Memory-Safety-Validation/codeql-db/src/usr/include/x86_64-linux-gnu/bits/types.h
[E 13:37:45 11804] Already archived /workspaces/cybr621-lab2-Memory-Safety-Validation/codeql-db/src/usr/include/x86_64-linux-gnu/bits/wordsize.h
[E 13:37:45 11804] Already archived /workspaces/cybr621-lab2-Memory-Safety-Validation/codeql-db/src/usr/include/x86_64-linux-gnu/bits/timesize.h
[E 13:37:45 11804] Already archived /workspaces/cybr621-lab2-Memory-Safety-Validation/codeql-db/src/usr/include/x86_64-linux-gnu/bits/wordsize.h
[E 13:37:45 11804] Archiving /workspaces/cybr621-lab2-Memory-Safety-Validation/codeql-db/src/usr/include/x86_64-linux-gnu/bits/typesizes.h
[E 13:37:45 11804] Archiving /workspaces/cybr621-lab2-Memory-Safety-Validation/codeql-db/src/usr/include/x86_64-linux-gnu/bits/time64.h
[E 13:37:45 11804] Archiving /workspaces/cybr621-lab2-Memory-Safety-Validation/codeql-db/src/usr/include/x86_64-linux-gnu/bits/types/__fpos_t.h
[E 13:37:45 11804] Archiving /workspaces/cybr621-lab2-Memory-Safety-Validation/codeql-db/src/usr/include/x86_64-linux-gnu/bits/types/__mbstate_t.h
[E 13:37:45 11804] Archiving /workspaces/cybr621-lab2-Memory-Safety-Validation/codeql-db/src/usr/include/x86_64-linux-gnu/bits/types/__fpos64_t.h
[E 13:37:45 11804] Archiving /workspaces/cybr621-lab2-Memory-Safety-Validation/codeql-db/src/usr/include/x86_64-linux-gnu/bits/types/__FILE.h
[E 13:37:45 11804] Archiving /workspaces/cybr621-lab2-Memory-Safety-Validation/codeql-db/src/usr/include/x86_64-linux-gnu/bits/types/FILE.h
[E 13:37:45 11804] Archiving /workspaces/cybr621-lab2-Memory-Safety-Validation/codeql-db/src/usr/include/x86_64-linux-gnu/bits/types/struct_FILE.h
[E 13:37:45 11804] Archiving /workspaces/cybr621-lab2-Memory-Safety-Validation/codeql-db/src/usr/include/x86_64-linux-gnu/bits/types/cookie_io_functions_t.h
[E 13:37:45 11804] Archiving /workspaces/cybr621-lab2-Memory-Safety-Validation/codeql-db/src/usr/include/x86_64-linux-gnu/bits/stdio_lim.h
[E 13:37:45 11804] Archiving /workspaces/cybr621-lab2-Memory-Safety-Validation/codeql-db/src/usr/include/x86_64-linux-gnu/bits/floatn.h
[E 13:37:45 11804] Archiving /workspaces/cybr621-lab2-Memory-Safety-Validation/codeql-db/src/usr/include/x86_64-linux-gnu/bits/floatn-common.h
[E 13:37:45 11804] Already archived /workspaces/cybr621-lab2-Memory-Safety-Validation/codeql-db/src/usr/include/x86_64-linux-gnu/bits/long-double.h
[E 13:37:45 11804] Creating trap tarball /workspaces/cybr621-lab2-Memory-Safety-Validation/codeql-db/trap/cpp/tarballs/workspaces/cybr621-lab2-Memory-Safety-Validation/assistant1.c.921f2884_0.trap.tar.zst
[E 13:37:45 11804] Emitting trap files for assistant1.c
[E 13:37:45 11804] Opening existencedb in /workspaces/cybr621-lab2-Memory-Safety-Validation/codeql-db/working/existencedb/db
[E 13:37:45 11804] Wrote 28 files to /workspaces/cybr621-lab2-Memory-Safety-Validation/codeql-db/trap/cpp/tarballs/workspaces/cybr621-lab2-Memory-Safety-Validation/assistant1.c.921f2884_0.trap.tar.zst
[E 13:37:45 11804] Finished compilation TRAP /workspaces/cybr621-lab2-Memory-Safety-Validation/codeql-db/trap/cpp/compilations/18/15191744_0.trap.zst
[E 13:37:45 11804] Marking C compilation as happened.
[E 13:37:45 11804] Setting tag c-compilation-happened
[E 13:37:45 11804] Starting from CODEQL_TRACER_DB_ID 0000000000002E03_0000000000000001
[E 13:37:45 11804] Locking DB /workspaces/cybr621-lab2-Memory-Safety-Validation/codeql-db/working/tags.db
[E 13:37:45 11804] Locked DB /workspaces/cybr621-lab2-Memory-Safety-Validation/codeql-db/working/tags.db
[E 13:37:45 11804] Set tag for 0000000000002E03_0000000000000001
[E 13:37:45 11804] Set tag for 0000000000002DEE_0000000000000003
[E 13:37:45 11804] Set tag for 0000000000002DEE_0000000000000002
[E 13:37:45 11804] Set tag for root
[E 13:37:45 11804] Unlocking DB
[E 13:37:45 11804] Unlocked DB
[E 13:37:45 11804] Time: 0.06 (CPU) 0.00 (elapsed)
[E 13:37:45 11804] Memory: 32.55 MiB (peak rss)
[E 13:37:45 11804] Extractor exited successfully
[T 13:37:45 11779] Extractor /home/codespace/.local/share/gh/extensions/gh-codeql/dist/release/v2.27.1/cpp/tools/linux64/extractor terminated with exit code 0.
[T 13:37:45 11845] Initializing tracer.
[T 13:37:45 11845] Initializing tags.
[T 13:37:45 11845] ID set to 0000000000002E45_0000000000000001 (parent 0000000000002DEE_0000000000000003)
[T 13:37:45 11845] ==== Candidate to intercept: as (canonical: /usr/bin/as) ====
[T 13:37:45 11845] Lua: === Intercepted call to /usr/bin/as ===
[T 13:37:45 11845] Executing the following tracer actions:
[T 13:37:45 11845] Tracer actions:
[T 13:37:45 11845] pre_invocations(0)
[T 13:37:45 11845] post_invocations(1)
[T 13:37:45 11845] invocation: /home/codespace/.local/share/gh/extensions/gh-codeql/dist/release/v2.27.1/cpp/tools/linux64/extractor, args: [--assembler, --codeql-assembler-executable, /usr/bin/as, --64, -o, assistant1.o, /tmp/ccGOvku1.s]
[T 13:37:45 11845] trace_languages(1): [cpp]
[T 13:37:45 11853] Attempting to switch stdout/stderr to 4...
[T 13:37:45 11853] Initializing tracer.
[T 13:37:45 11853] Initializing tags.
[T 13:37:45 11853] ID set to 0000000000002E4D_0000000000000001 (parent 0000000000002E45_0000000000000001)
[E 13:37:45 11853] CodeQL C/C++ Extractor 2.27.1
[E 13:37:45 11853] Current directory: /workspaces/cybr621-lab2-Memory-Safety-Validation
[E 13:37:45 11853] Command: /home/codespace/.local/share/gh/extensions/gh-codeql/dist/release/v2.27.1/cpp/tools/linux64/extractor --assembler --codeql-assembler-executable /usr/bin/as --64 -o assistant1.o /tmp/ccGOvku1.s
[E 13:37:45 11853] Extractor exited after mimicking assembler
[T 13:37:45 11845] Extractor /home/codespace/.local/share/gh/extensions/gh-codeql/dist/release/v2.27.1/cpp/tools/linux64/extractor terminated with exit code 0.
[T 13:37:45 11854] Initializing tracer.
[T 13:37:45 11854] Initializing tags.
[T 13:37:45 11854] ID set to 0000000000002E4E_0000000000000001 (parent 0000000000002DEE_0000000000000003)
[T 13:37:45 11854] ==== Candidate to intercept: /usr/libexec/gcc/x86_64-linux-gnu/13/cc1 (canonical: /usr/libexec/gcc/x86_64-linux-gnu/13/cc1) ====
[T 13:37:45 11854] Lua: === Intercepted call to /usr/libexec/gcc/x86_64-linux-gnu/13/cc1 ===
[T 13:37:45 11854] Executing the following tracer actions:
[T 13:37:45 11854] Tracer actions:
[T 13:37:45 11854] pre_invocations(0)
[T 13:37:45 11854] post_invocations(1)
[T 13:37:45 11854] invocation: /home/codespace/.local/share/gh/extensions/gh-codeql/dist/release/v2.27.1/cpp/tools/linux64/extractor, args: [--mimic, /usr/libexec/gcc/x86_64-linux-gnu/13/cc1, -quiet, -imultiarch, x86_64-linux-gnu, assistant2.c, -quiet, -dumpbase, assistant2.c, -dumpbase-ext, .c, -mtune=generic, -march=x86-64, -Wall, -Wextra, -Wpedantic, -fasynchronous-unwind-tables, -fstack-protector-strong, -Wformat-security, -fstack-clash-protection, -fcf-protection, -o, /tmp/ccGOvku1.s]
[T 13:37:45 11854] trace_languages(1): [cpp]
[T 13:37:45 11862] Attempting to switch stdout/stderr to 4...
[T 13:37:45 11862] Initializing tracer.
[T 13:37:45 11862] Initializing tags.
[T 13:37:45 11862] ID set to 0000000000002E56_0000000000000001 (parent 0000000000002E4E_0000000000000001)
[E 13:37:45 11862] CodeQL C/C++ Extractor 2.27.1
[E 13:37:45 11862] Current directory: /workspaces/cybr621-lab2-Memory-Safety-Validation
[E 13:37:45 11862] Command: /home/codespace/.local/share/gh/extensions/gh-codeql/dist/release/v2.27.1/cpp/tools/linux64/extractor --mimic /usr/libexec/gcc/x86_64-linux-gnu/13/cc1 -quiet -imultiarch x86_64-linux-gnu assistant2.c -quiet -dumpbase assistant2.c -dumpbase-ext .c -mtune=generic -march=x86-64 -Wall -Wextra -Wpedantic -fasynchronous-unwind-tables -fstack-protector-strong -Wformat-security -fstack-clash-protection -fcf-protection -o /tmp/ccGOvku1.s
[E 13:37:45 11862] Checking whether C compilation already happened.
[E 13:37:45 11862] Checking for tag c-compilation-happened
[E 13:37:45 11862] Checking CODEQL_TRACER_DB_ID 0000000000002E4E_0000000000000001
[E 13:37:45 11862] Locking DB /workspaces/cybr621-lab2-Memory-Safety-Validation/codeql-db/working/tags.db
[E 13:37:45 11862] Locked DB /workspaces/cybr621-lab2-Memory-Safety-Validation/codeql-db/working/tags.db
[E 13:37:45 11862] Unlocking DB
[E 13:37:45 11862] Unlocked DB
[E 13:37:45 11862] Looks like C compilation didn't already happen.
[E 13:37:45 11862] Checking whether C compilation has been attempted.
[E 13:37:45 11862] Checking for tag c-compilation-attempted
[E 13:37:45 11862] Checking CODEQL_TRACER_DB_ID 0000000000002E4E_0000000000000001
[E 13:37:45 11862] Locking DB /workspaces/cybr621-lab2-Memory-Safety-Validation/codeql-db/working/tags.db
[E 13:37:45 11862] Locked DB /workspaces/cybr621-lab2-Memory-Safety-Validation/codeql-db/working/tags.db
[E 13:37:45 11862] Unlocking DB
[E 13:37:45 11862] Unlocked DB
[E 13:37:45 11862] Marking C compilation as attempted.
[E 13:37:45 11862] Setting tag c-compilation-attempted
[E 13:37:45 11862] Starting from CODEQL_TRACER_DB_ID 0000000000002E4E_0000000000000001
[E 13:37:45 11862] Locking DB /workspaces/cybr621-lab2-Memory-Safety-Validation/codeql-db/working/tags.db
[E 13:37:45 11862] Locked DB /workspaces/cybr621-lab2-Memory-Safety-Validation/codeql-db/working/tags.db
[E 13:37:45 11862] Set tag for 0000000000002E4E_0000000000000001
[E 13:37:45 11862] Set tag for 0000000000002DEE_0000000000000003
[E 13:37:45 11862] Set tag for 0000000000002DEE_0000000000000002
[E 13:37:45 11862] Set tag for root
[E 13:37:45 11862] Unlocking DB
[E 13:37:45 11862] Unlocked DB
[E 13:37:45 11862] Processed command line: /home/codespace/.local/share/gh/extensions/gh-codeql/dist/release/v2.27.1/cpp/tools/linux64/extractor --trapfolder /workspaces/cybr621-lab2-Memory-Safety-Validation/codeql-db/trap/cpp --src_archive /workspaces/cybr621-lab2-Memory-Safety-Validation/codeql-db/src --object_filename /tmp/ccGOvku1.s --no_warnings_and_discretionary_errors --error_limit 1000 --disable_system_macros --variadic_macros --incognito --gcc --gnu_version 130300 --target linux_x86_64 '-D__DBL_MIN_EXP__=(-1021)' -D__UINT_LEAST16_MAX__=0xffff -D__FLT16_HAS_QUIET_NAN__=1 -D__ATOMIC_ACQUIRE=2 -D__FLT128_MAX_10_EXP__=4932 -D__FLT_MIN__=1.17549435082228750796873653722224568e-38F -D__GCC_IEC_559_COMPLEX=2 '-D__UINT_LEAST8_TYPE__=unsigned char' -D__SIZEOF_FLOAT80__=16 -D__BFLT16_DENORM_MIN__=9.18354961579912115600575419704879436e-41BF16 '-D__INTMAX_C(c)=c ## L' -D__CHAR_BIT__=8 -D__UINT8_MAX__=0xff -D__SCHAR_WIDTH__=8 -D__WINT_MAX__=0xffffffffU '-D__FLT32_MIN_EXP__=(-125)' -D__BFLT16_NORM_MAX__=3.38953138925153547590470800371487867e+38BF16 '-D__BFLT16_MIN_10_EXP__=(-37)' -D__ORDER_LITTLE_ENDIAN__=1234 -D__WCHAR_MAX__=0x7fffffff -D__GCC_HAVE_SYNC_COMPARE_AND_SWAP_2=1 -D__GCC_HAVE_SYNC_COMPARE_AND_SWAP_4=1 -D__GCC_HAVE_SYNC_COMPARE_AND_SWAP_8=1 -D__GCC_ATOMIC_CHAR_LOCK_FREE=2 -D__GCC_IEC_559=2 -D__FLT32X_DECIMAL_DIG__=17 -D__FLT_EVAL_METHOD__=0 -D__FLT64_DECIMAL_DIG__=17 -D__CET__=3 -D__GCC_ATOMIC_CHAR32_T_LOCK_FREE=2 -D__UINT_FAST64_MAX__=0xffffffffffffffffUL -D__SIG_ATOMIC_TYPE__=int '-D__DBL_MIN_10_EXP__=(-307)' -D__FINITE_MATH_ONLY__=0 -D__FLT32X_MAX_EXP__=1024 -D__GCC_HAVE_SYNC_COMPARE_AND_SWAP_1=1 -D__FLT32_HAS_DENORM__=1 -D__UINT_FAST8_MAX__=0xff -D__FLT32_MAX_10_EXP__=38 -D__DEC64_MAX_EXP__=385 '-D__INT8_C(c)=c' -D__INT_LEAST8_WIDTH__=8 -D__UINT_LEAST64_MAX__=0xffffffffffffffffUL -D__SHRT_MAX__=0x7fff -D__LDBL_MAX__=1.18973149535723176502126385303097021e+4932L -D__FLT64X_MAX_10_EXP__=4932 -D__BFLT16_MAX_10_EXP__=38 -D__BFLT16_MAX_EXP__=128 -D__LDBL_IS_IEC_60559__=1 -D__FLT64X_HAS_QUIET_NAN__=1 -D__UINT_LEAST8_MAX__=0xff -D__GCC_ATOMIC_BOOL_LOCK_FREE=2 -D__FLT128_DENORM_MIN__=6.47517511943802511092443895822764655e-4966F128 '-D__UINTMAX_TYPE__=long unsigned int' -D__BFLT16_DECIMAL_DIG__=4 -D__linux=1 -D__DEC32_EPSILON__=1E-6DF -D__FLT_EVAL_METHOD_TS_18661_3__=0 -D__UINT32_MAX__=0xffffffffU '-D__DBL_DENORM_MIN__=((double)4.94065645841246544176568792868221372e-324L)' '-D__FLT128_MIN_EXP__=(-16381)' -D__WINT_MIN__=0U '-D__FLT128_MIN_10_EXP__=(-4931)' -D__FLT32X_IS_IEC_60559__=1 -D__INT_LEAST16_WIDTH__=16 -D__SCHAR_MAX__=0x7f -D__FLT128_MANT_DIG__=113 '-D__WCHAR_MIN__=(-__WCHAR_MAX__ - 1)' '-D__INT64_C(c)=c ## L' -D__SSP_STRONG__=3 -D__GCC_ATOMIC_POINTER_LOCK_FREE=2 -D__ATOMIC_SEQ_CST=5 -D__unix=1 -D__INT_LEAST64_MAX__=0x7fffffffffffffffL -D__FLT32X_MANT_DIG__=53 -D__FLT64X_EPSILON__=1.08420217248550443400745280086994171e-19F64x '-D__DEC64_MIN_EXP__=(-382)' -D__DBL_DIG__=15 -D__FLT_EPSILON__=1.19209289550781250000000000000000000e-7F -D__SHRT_WIDTH__=16 -D__FLT32_IS_IEC_60559__=1 -D__LDBL_MIN__=3.36210314311209350626267781732175260e-4932L -D__STDC_UTF_16__=1 -D__DBL_IS_IEC_60559__=1 -D__DEC32_MAX__=9.999999E96DF -D__FLT64X_DENORM_MIN__=3.64519953188247460252840593361941982e-4951F64x -D__FLT32X_HAS_INFINITY__=1 -D__unix__=1 -D__INT_WIDTH__=32 -D__STDC_IEC_559__=1 -D__STDC_ISO_10646__=201706L -D__DECIMAL_DIG__=21 -D__STDC_IEC_559_COMPLEX__=1 -D__FLT64_EPSILON__=2.22044604925031308084726333618164062e-16F64 -D__gnu_linux__=1 -D__FLT128_IS_IEC_60559__=1 '-D__FLT64X_MIN_10_EXP__=(-4931)' -D__LDBL_HAS_QUIET_NAN__=1 '-D__FLT16_MIN_EXP__=(-13)' -D__FLT64_MANT_DIG__=53 -D__FLT64X_MANT_DIG__=64 -D__BFLT16_DIG__=2 -D__pie__=2 -D__MMX__=1 -D__FLT_HAS_DENORM__=1 -D__SIZEOF_LONG_DOUBLE__=16 -D__BIGGEST_ALIGNMENT__=16 -D__FLT64_MAX_10_EXP__=308 -D__BFLT16_IS_IEC_60559__=0 -D__FLT16_MAX_10_EXP__=4 '-D__DBL_MAX__=((double)1.79769313486231570814527423731704357e+308L)' -D__INT_FAST32_MAX__=0x7fffffffffffffffL -D__DBL_HAS_INFINITY__=1 -D__INT64_MAX__=0x7fffffffffffffffL -D__SIZEOF_FLOAT__=4 -D__HAVE_SPECULATION_SAFE_VALUE=1 '-D__DEC32_MIN_EXP__=(-94)' -D__INTPTR_WIDTH__=64 -D__UINT_LEAST32_MAX__=0xffffffffU -D__FLT32X_HAS_DENORM__=1 '-D__INT_FAST16_TYPE__=long int' -D__MMX_WITH_SSE__=1 -D__LDBL_HAS_DENORM__=1 -D__SEG_GS=1 -D__BFLT16_EPSILON__=7.81250000000000000000000000000000000e-3BF16 -D__FLT128_HAS_INFINITY__=1 -D__DEC32_MIN__=1E-95DF -D__DBL_MAX_EXP__=1024 -D__WCHAR_WIDTH__=32 -D__FLT32_MAX__=3.40282346638528859811704183484516925e+38F32 -D__DEC128_EPSILON__=1E-33DL -D__FLT16_DECIMAL_DIG__=5 -D__SSE2_MATH__=1 -D__ATOMIC_HLE_RELEASE=131072 -D__PTRDIFF_MAX__=0x7fffffffffffffffL -D__amd64=1 -D__ATOMIC_HLE_ACQUIRE=65536 -D__LONG_LONG_MAX__=0x7fffffffffffffffLL -D__SIZEOF_SIZE_T__=8 -D__BFLT16_HAS_INFINITY__=1 '-D__FLT64X_MIN_EXP__=(-16381)' -D__SIZEOF_WINT_T__=4 -D__LONG_LONG_WIDTH__=64 -D__FLT32_MAX_EXP__=128 -D__GXX_ABI_VERSION=1018 '-D__FLT_MIN_EXP__=(-125)' -D__GCC_HAVE_DWARF2_CFI_ASM=1 -D__INT16_MAX__=0x7fff -D__x86_64=1 '-D__INT_FAST64_TYPE__=long int' -D__BFLT16_MAX__=3.38953138925153547590470800371487867e+38BF16 -D__BFLT16_HAS_DENORM__=1 -D__FLT64_DENORM_MIN__=4.94065645841246544176568792868221372e-324F64 -D__FLT16_DENORM_MIN__=5.96046447753906250000000000000000000e-8F16 -D__FLT128_EPSILON__=1.92592994438723585305597794258492732e-34F128 -D__FLT64X_NORM_MAX__=1.18973149535723176502126385303097021e+4932F64x -D__SIZEOF_POINTER__=8 '-D__SIZE_TYPE__=long unsigned int' -D__LP64__=1 -D__DBL_HAS_QUIET_NAN__=1 -D__FLT32X_EPSILON__=2.22044604925031308084726333618164062e-16F32x -D__LDBL_MAX_EXP__=16384 -D__DECIMAL_BID_FORMAT__=1 '-D__FLT64_MIN_EXP__=(-1021)' '-D__FLT64_MIN_10_EXP__=(-307)' '-D__FLT16_MIN_10_EXP__=(-4)' -D__FLT64X_DECIMAL_DIG__=21 -D__DEC128_MIN__=1E-6143DL -D__REGISTER_PREFIX__= -D__UINT16_MAX__=0xffff -D__DBL_HAS_DENORM__=1 -D__FLT32_MIN__=1.17549435082228750796873653722224568e-38F32 '-D__UINT8_TYPE__=unsigned char' -D__FLT_DIG__=6 -D__NO_INLINE__=1 -D__DEC_EVAL_METHOD__=2 -D__FLT_MANT_DIG__=24 -D__LDBL_DECIMAL_DIG__=21 '-D__UINT64_C(c)=c ## UL' -D_STDC_PREDEF_H=1 -D__INT_LEAST32_MAX__=0x7fffffff -D__GCC_ATOMIC_INT_LOCK_FREE=2 -D__FLT128_MAX_EXP__=16384 -D__FLT32_MANT_DIG__=24 -D__FLOAT_WORD_ORDER__=__ORDER_LITTLE_ENDIAN__ '-D__FLT32X_MIN_EXP__=(-1021)' -D__STDC_IEC_60559_COMPLEX__=201404L -D__BFLT16_MIN__=1.17549435082228750796873653722224568e-38BF16 -D__FLT128_HAS_DENORM__=1 -D__FLT32_DECIMAL_DIG__=9 -D__FLT128_DIG__=33 '-D__INT32_C(c)=c' -D__DEC64_EPSILON__=1E-15DD -D__ORDER_PDP_ENDIAN__=3412 '-D__DEC128_MIN_EXP__=(-6142)' -D__DEC128_MAX__=9.999999999999999999999999999999999E6144DL '-D__INT_FAST32_TYPE__=long int' '-D__UINT_LEAST16_TYPE__=short unsigned int' -D__DEC128_MAX_EXP__=6145 -Dunix=1 -D__UINT64_MAX__=0xffffffffffffffffUL -D__FLT_IS_IEC_60559__=1 '-D__GNUC_WIDE_EXECUTION_CHARSET_NAME="UTF-32LE"' -D__FLT64X_DIG__=18 '-D__INT8_TYPE__=signed char' -D__ELF__=1 -D__GCC_ASM_FLAG_OUTPUTS__=1 '-D__UINT32_TYPE__=unsigned int' -D__BFLT16_HAS_QUIET_NAN__=1 -D__FLT_RADIX__=2 '-D__INT_LEAST16_TYPE__=short int' -D__LDBL_EPSILON__=1.08420217248550443400745280086994171e-19L '-D__UINTMAX_C(c)=c ## UL' -D__FLT16_DIG__=3 -D__SSE_MATH__=1 -D__k8=1 -D__FLT32X_MIN__=2.22507385850720138309023271733240406e-308F32x -D__SIG_ATOMIC_MAX__=0x7fffffff -D__GCC_ATOMIC_WCHAR_T_LOCK_FREE=2 -D__USER_LABEL_PREFIX__= -D__STDC_IEC_60559_BFP__=201404L -D__SIZEOF_PTRDIFF_T__=8 -D__FLT64X_HAS_INFINITY__=1 -D__FLT32_HAS_INFINITY__=1 -D__SIZEOF_LONG__=8 -D__LDBL_DIG__=18 -D__FLT64_IS_IEC_60559__=1 -D__x86_64__=1 -D__FLT16_IS_IEC_60559__=1 -D__FLT16_MAX_EXP__=16 -D__DEC32_SUBNORMAL_MIN__=0.000001E-95DF -D__INT_FAST16_MAX__=0x7fffffffffffffffL -D__GCC_CONSTRUCTIVE_SIZE=64 -D__FLT64_DIG__=15 -D__UINT_FAST32_MAX__=0xffffffffffffffffUL '-D__UINT_LEAST64_TYPE__=long unsigned int' -D__FLT16_EPSILON__=9.76562500000000000000000000000000000e-4F16 -D__FLT_HAS_QUIET_NAN__=1 -D__FLT_MAX_10_EXP__=38 -D__LONG_MAX__=0x7fffffffffffffffL -D__FLT64X_HAS_DENORM__=1 -D__DEC128_SUBNORMAL_MIN__=0.000000000000000000000000000000001E-6143DL -D__FLT_HAS_INFINITY__=1 '-D__GNUC_EXECUTION_CHARSET_NAME="UTF-8"' '-D__UINT_FAST16_TYPE__=long unsigned int' -D__DEC64_MAX__=9.999999999999999E384DD -D__INT_FAST32_WIDTH__=64 -D__PRAGMA_REDEFINE_EXTNAME=1 -D__SIZE_WIDTH__=64 -D__SEG_FS=1 -D__INT_LEAST16_MAX__=0x7fff -D__FLT16_NORM_MAX__=6.55040000000000000000000000000000000e+4F16 -D__DEC64_MANT_DIG__=16 -D__FLT32_DENORM_MIN__=1.40129846432481707092372958328991613e-45F32 -D__SIG_ATOMIC_WIDTH__=32 '-D__INT_LEAST64_TYPE__=long int' '-D__INT16_TYPE__=short int' '-D__INT_LEAST8_TYPE__=signed char' -D__FLT16_MAX__=6.55040000000000000000000000000000000e+4F16 -D__FLT128_MIN__=3.36210314311209350626267781732175260e-4932F128 -D__SIZEOF_INT__=4 -D__DEC32_MAX_EXP__=97 -D__INT_FAST8_MAX__=0x7f -D__FLT128_MAX__=1.18973149535723176508575932662800702e+4932F128 -D__INTPTR_MAX__=0x7fffffffffffffffL -Dlinux=1 -D__FLT64_HAS_QUIET_NAN__=1 '-D__FLT32_MIN_10_EXP__=(-37)' -D__FLT32X_DIG__=15 '-D__UINT16_C(c)=c' -D__PTRDIFF_WIDTH__=64 -D__LDBL_MANT_DIG__=64 -D__INT_FAST16_WIDTH__=64 -D__FLT64_HAS_INFINITY__=1 -D__FLT64X_MAX__=1.18973149535723176502126385303097021e+4932F64x -D__FLT16_HAS_INFINITY__=1 '-D__SIG_ATOMIC_MIN__=(-__SIG_ATOMIC_MAX__ - 1)' -D__code_model_small__=1 -D__GCC_ATOMIC_LONG_LOCK_FREE=2 -D__DEC32_MANT_DIG__=7 -D__FLT16_MANT_DIG__=11 -D__k8__=1 '-D__INTPTR_TYPE__=long int' '-D__UINT16_TYPE__=short unsigned int' -D__WCHAR_TYPE__=int -D__pic__=2 -D__UINTPTR_MAX__=0xffffffffffffffffUL -D__INT_FAST64_WIDTH__=64 -D__LDBL_HAS_INFINITY__=1 -D__INT_FAST64_MAX__=0x7fffffffffffffffL -D__GCC_ATOMIC_TEST_AND_SET_TRUEVAL=1 -D__FLT_NORM_MAX__=3.40282346638528859811704183484516925e+38F -D__FLT64X_MAX_EXP__=16384 '-D__UINT_FAST64_TYPE__=long unsigned int' '-D__BFLT16_MIN_EXP__=(-125)' -D__INT_MAX__=0x7fffffff -D__linux__=1 '-D__INT64_TYPE__=long int' -D__FLT_MAX_EXP__=128 -D__ORDER_BIG_ENDIAN__=4321 -D__DBL_MANT_DIG__=53 -D__SIZEOF_FLOAT128__=16 -D__BFLT16_MANT_DIG__=8 -D__GCC_ATOMIC_CHAR16_T_LOCK_FREE=2 -D__DEC64_MIN__=1E-383DD '-D__WINT_TYPE__=unsigned int' '-D__UINT_LEAST32_TYPE__=unsigned int' -D__SIZEOF_SHORT__=2 -D__FLT32_NORM_MAX__=3.40282346638528859811704183484516925e+38F32 -D__SSE__=1 '-D__LDBL_MIN_EXP__=(-16381)' -D__FLT64_MAX__=1.79769313486231570814527423731704357e+308F64 -D__amd64__=1 -D__WINT_WIDTH__=32 -D__INT_LEAST8_MAX__=0x7f -D__INT_LEAST64_WIDTH__=64 -D__FLT32X_MAX_10_EXP__=308 -D__SIZEOF_INT128__=16 -D__FLT16_MIN__=6.10351562500000000000000000000000000e-5F16 -D__FLT64X_IS_IEC_60559__=1 -D__LDBL_MAX_10_EXP__=4932 -D__ATOMIC_RELAXED=0 '-D__DBL_EPSILON__=((double)2.22044604925031308084726333618164062e-16L)' -D__INT_LEAST32_TYPE__=int -D_LP64=1 '-D__UINT8_C(c)=c' -D__FLT64_MAX_EXP__=1024 -D__SIZEOF_WCHAR_T__=4 '-D__UINT64_TYPE__=long unsigned int' -D__FLT128_NORM_MAX__=1.18973149535723176508575932662800702e+4932F128 -D__FLT64_NORM_MAX__=1.79769313486231570814527423731704357e+308F64 -D__FLT128_HAS_QUIET_NAN__=1 -D__INTMAX_MAX__=0x7fffffffffffffffL '-D__INT_FAST8_TYPE__=signed char' -D__FLT64X_MIN__=3.36210314311209350626267781732175260e-4932F64x -D__FLT64_HAS_DENORM__=1 -D__FLT32_EPSILON__=1.19209289550781250000000000000000000e-7F32 -D__FLT16_HAS_DENORM__=1 -D__DBL_DECIMAL_DIG__=17 -D__STDC_UTF_32__=1 -D__INT_FAST8_WIDTH__=8 -D__FXSR__=1 -D__FLT32X_MAX__=1.79769313486231570814527423731704357e+308F32x '-D__DBL_NORM_MAX__=((double)1.79769313486231570814527423731704357e+308L)' -D__BYTE_ORDER__=__ORDER_LITTLE_ENDIAN__ -D__GCC_DESTRUCTIVE_SIZE=64 -D__INTMAX_WIDTH__=64 -D__FLT32_DIG__=6 '-D__UINT32_C(c)=c ## U' -D__FLT_DENORM_MIN__=1.40129846432481707092372958328991613e-45F -D__INT8_MAX__=0x7f -D__LONG_WIDTH__=64 '-D__DBL_MIN__=((double)2.22507385850720138309023271733240406e-308L)' -D__PIC__=2 -D__INT32_MAX__=0x7fffffff '-D__UINT_FAST32_TYPE__=long unsigned int' -D__FLT32X_NORM_MAX__=1.79769313486231570814527423731704357e+308F32x -D__FLT_MAX__=3.40282346638528859811704183484516925e+38F -D__SSE2__=1 -D__INT32_TYPE__=int -D__SIZEOF_DOUBLE__=8 '-D__FLT_MIN_10_EXP__=(-37)' -D__FLT64_MIN__=2.22507385850720138309023271733240406e-308F64 -D__INT_LEAST32_WIDTH__=32 '-D__INTMAX_TYPE__=long int' -D__FLT32X_HAS_QUIET_NAN__=1 -D__ATOMIC_CONSUME=1 -D__UINTMAX_MAX__=0xffffffffffffffffUL -D__PIE__=2 -D__FLT32X_DENORM_MIN__=4.94065645841246544176568792868221372e-324F32x -D__DBL_MAX_10_EXP__=308 -D__LDBL_DENORM_MIN__=3.64519953188247460252840593361941982e-4951L '-D__INT16_C(c)=c' '-D__PTRDIFF_TYPE__=long int' '-D__FLT32X_MIN_10_EXP__=(-307)' '-D__UINTPTR_TYPE__=long unsigned int' -D__DEC64_SUBNORMAL_MIN__=0.000000000000001E-383DD -D__DEC128_MANT_DIG__=34 '-D__LDBL_MIN_10_EXP__=(-4931)' -D__SIZEOF_LONG_LONG__=8 -D__FLT128_DECIMAL_DIG__=36 -D__GCC_ATOMIC_LLONG_LOCK_FREE=2 -D__FLT32_HAS_QUIET_NAN__=1 -D__FLT_DECIMAL_DIG__=9 -D__UINT_FAST16_MAX__=0xffffffffffffffffUL -D__LDBL_NORM_MAX__=1.18973149535723176502126385303097021e+4932L -D__GCC_ATOMIC_SHORT_LOCK_FREE=2 -D__SIZE_MAX__=0xffffffffffffffffUL '-D__UINT_FAST8_TYPE__=unsigned char' -D__ATOMIC_ACQ_REL=4 -D__ATOMIC_RELEASE=3 -I/usr/lib/gcc/x86_64-linux-gnu/13/include -I/usr/local/include -I/usr/include/x86_64-linux-gnu -I/usr/include -- assistant2.c
[E 13:37:45 11862] CODEQL_EXTRACTOR_CPP_TRAP_CACHING is not set
[E 13:37:45 11862] CODEQL_EXTRACTOR_CPP_OPTION_TRAP_CACHE_WRITE is not set
[E 13:37:45 11862] CODEQL_EXTRACTOR_CPP_OPTION_TRAP_CACHE_DIR is not set
[E 13:37:45 11862] Initialising TRAP cache at path: 33/fa9f/9f90b6ab5354591c34fdd7861023
[E 13:37:45 11862] Not using TRAP cache
[E 13:37:45 11862] TRAP cache miss
[E 13:37:45 11862] Starting compilation TRAP /workspaces/cybr621-lab2-Memory-Safety-Validation/codeql-db/trap/cpp/compilations/55/33995192_0.trap.zst
[E 13:37:45 11862] Archiving /workspaces/cybr621-lab2-Memory-Safety-Validation/codeql-db/src/workspaces/cybr621-lab2-Memory-Safety-Validation/assistant2.c
[E 13:37:45 11862] Archiving /workspaces/cybr621-lab2-Memory-Safety-Validation/codeql-db/src/usr/include/errno.h
[E 13:37:45 11862] Already archived /workspaces/cybr621-lab2-Memory-Safety-Validation/codeql-db/src/usr/include/features.h
[E 13:37:45 11862] Already archived /workspaces/cybr621-lab2-Memory-Safety-Validation/codeql-db/src/usr/include/features-time64.h
[E 13:37:45 11862] Already archived /workspaces/cybr621-lab2-Memory-Safety-Validation/codeql-db/src/usr/include/x86_64-linux-gnu/bits/wordsize.h
[E 13:37:45 11862] Already archived /workspaces/cybr621-lab2-Memory-Safety-Validation/codeql-db/src/usr/include/x86_64-linux-gnu/bits/timesize.h
[E 13:37:45 11862] Already archived /workspaces/cybr621-lab2-Memory-Safety-Validation/codeql-db/src/usr/include/x86_64-linux-gnu/bits/wordsize.h
[E 13:37:45 11862] Already archived /workspaces/cybr621-lab2-Memory-Safety-Validation/codeql-db/src/usr/include/stdc-predef.h
[E 13:37:45 11862] Already archived /workspaces/cybr621-lab2-Memory-Safety-Validation/codeql-db/src/usr/include/x86_64-linux-gnu/sys/cdefs.h
[E 13:37:45 11862] Already archived /workspaces/cybr621-lab2-Memory-Safety-Validation/codeql-db/src/usr/include/x86_64-linux-gnu/bits/wordsize.h
[E 13:37:45 11862] Already archived /workspaces/cybr621-lab2-Memory-Safety-Validation/codeql-db/src/usr/include/x86_64-linux-gnu/bits/long-double.h
[E 13:37:45 11862] Already archived /workspaces/cybr621-lab2-Memory-Safety-Validation/codeql-db/src/usr/include/x86_64-linux-gnu/gnu/stubs.h
[E 13:37:45 11862] Already archived /workspaces/cybr621-lab2-Memory-Safety-Validation/codeql-db/src/usr/include/x86_64-linux-gnu/gnu/stubs-64.h
[E 13:37:45 11862] Archiving /workspaces/cybr621-lab2-Memory-Safety-Validation/codeql-db/src/usr/include/x86_64-linux-gnu/bits/errno.h
[E 13:37:45 11862] Archiving /workspaces/cybr621-lab2-Memory-Safety-Validation/codeql-db/src/usr/include/linux/errno.h
[E 13:37:45 11862] Archiving /workspaces/cybr621-lab2-Memory-Safety-Validation/codeql-db/src/usr/include/x86_64-linux-gnu/asm/errno.h
[E 13:37:45 11862] Archiving /workspaces/cybr621-lab2-Memory-Safety-Validation/codeql-db/src/usr/include/asm-generic/errno.h
[E 13:37:45 11862] Archiving /workspaces/cybr621-lab2-Memory-Safety-Validation/codeql-db/src/usr/include/asm-generic/errno-base.h
[E 13:37:45 11862] Archiving /workspaces/cybr621-lab2-Memory-Safety-Validation/codeql-db/src/usr/include/fcntl.h
[E 13:37:45 11862] Already archived /workspaces/cybr621-lab2-Memory-Safety-Validation/codeql-db/src/usr/include/x86_64-linux-gnu/bits/types.h
[E 13:37:45 11862] Already archived /workspaces/cybr621-lab2-Memory-Safety-Validation/codeql-db/src/usr/include/x86_64-linux-gnu/bits/wordsize.h
[E 13:37:45 11862] Already archived /workspaces/cybr621-lab2-Memory-Safety-Validation/codeql-db/src/usr/include/x86_64-linux-gnu/bits/timesize.h
[E 13:37:45 11862] Already archived /workspaces/cybr621-lab2-Memory-Safety-Validation/codeql-db/src/usr/include/x86_64-linux-gnu/bits/wordsize.h
[E 13:37:45 11862] Already archived /workspaces/cybr621-lab2-Memory-Safety-Validation/codeql-db/src/usr/include/x86_64-linux-gnu/bits/typesizes.h
[E 13:37:45 11862] Already archived /workspaces/cybr621-lab2-Memory-Safety-Validation/codeql-db/src/usr/include/x86_64-linux-gnu/bits/time64.h
[E 13:37:45 11862] Archiving /workspaces/cybr621-lab2-Memory-Safety-Validation/codeql-db/src/usr/include/x86_64-linux-gnu/bits/fcntl.h
[E 13:37:45 11862] Archiving /workspaces/cybr621-lab2-Memory-Safety-Validation/codeql-db/src/usr/include/x86_64-linux-gnu/bits/fcntl-linux.h
[E 13:37:45 11862] Archiving /workspaces/cybr621-lab2-Memory-Safety-Validation/codeql-db/src/usr/include/x86_64-linux-gnu/bits/types/struct_timespec.h
[E 13:37:45 11862] Archiving /workspaces/cybr621-lab2-Memory-Safety-Validation/codeql-db/src/usr/include/x86_64-linux-gnu/bits/endian.h
[E 13:37:45 11862] Archiving /workspaces/cybr621-lab2-Memory-Safety-Validation/codeql-db/src/usr/include/x86_64-linux-gnu/bits/endianness.h
[E 13:37:45 11862] Archiving /workspaces/cybr621-lab2-Memory-Safety-Validation/codeql-db/src/usr/include/x86_64-linux-gnu/bits/types/time_t.h
[E 13:37:45 11862] Archiving /workspaces/cybr621-lab2-Memory-Safety-Validation/codeql-db/src/usr/include/x86_64-linux-gnu/bits/stat.h
[E 13:37:45 11862] Archiving /workspaces/cybr621-lab2-Memory-Safety-Validation/codeql-db/src/usr/include/x86_64-linux-gnu/bits/struct_stat.h
[E 13:37:45 11862] Already archived /workspaces/cybr621-lab2-Memory-Safety-Validation/codeql-db/src/usr/include/stdio.h
[E 13:37:45 11862] Already archived /workspaces/cybr621-lab2-Memory-Safety-Validation/codeql-db/src/usr/include/x86_64-linux-gnu/bits/libc-header-start.h
[E 13:37:45 11862] Already archived /workspaces/cybr621-lab2-Memory-Safety-Validation/codeql-db/src/usr/lib/gcc/x86_64-linux-gnu/13/include/stddef.h
[E 13:37:45 11862] Already archived /workspaces/cybr621-lab2-Memory-Safety-Validation/codeql-db/src/usr/lib/gcc/x86_64-linux-gnu/13/include/stdarg.h
[E 13:37:45 11862] Already archived /workspaces/cybr621-lab2-Memory-Safety-Validation/codeql-db/src/usr/include/x86_64-linux-gnu/bits/types/__fpos_t.h
[E 13:37:45 11862] Already archived /workspaces/cybr621-lab2-Memory-Safety-Validation/codeql-db/src/usr/include/x86_64-linux-gnu/bits/types/__mbstate_t.h
[E 13:37:45 11862] Already archived /workspaces/cybr621-lab2-Memory-Safety-Validation/codeql-db/src/usr/include/x86_64-linux-gnu/bits/types/__fpos64_t.h
[E 13:37:45 11862] Already archived /workspaces/cybr621-lab2-Memory-Safety-Validation/codeql-db/src/usr/include/x86_64-linux-gnu/bits/types/__FILE.h
[E 13:37:45 11862] Already archived /workspaces/cybr621-lab2-Memory-Safety-Validation/codeql-db/src/usr/include/x86_64-linux-gnu/bits/types/FILE.h
[E 13:37:45 11862] Already archived /workspaces/cybr621-lab2-Memory-Safety-Validation/codeql-db/src/usr/include/x86_64-linux-gnu/bits/types/struct_FILE.h
[E 13:37:45 11862] Already archived /workspaces/cybr621-lab2-Memory-Safety-Validation/codeql-db/src/usr/include/x86_64-linux-gnu/bits/stdio_lim.h
[E 13:37:45 11862] Already archived /workspaces/cybr621-lab2-Memory-Safety-Validation/codeql-db/src/usr/include/x86_64-linux-gnu/bits/floatn.h
[E 13:37:45 11862] Already archived /workspaces/cybr621-lab2-Memory-Safety-Validation/codeql-db/src/usr/include/x86_64-linux-gnu/bits/floatn-common.h
[E 13:37:45 11862] Already archived /workspaces/cybr621-lab2-Memory-Safety-Validation/codeql-db/src/usr/include/x86_64-linux-gnu/bits/long-double.h
[E 13:37:45 11862] Archiving /workspaces/cybr621-lab2-Memory-Safety-Validation/codeql-db/src/usr/include/stdlib.h
[E 13:37:45 11862] Already archived /workspaces/cybr621-lab2-Memory-Safety-Validation/codeql-db/src/usr/include/x86_64-linux-gnu/bits/libc-header-start.h
[E 13:37:45 11862] Already archived /workspaces/cybr621-lab2-Memory-Safety-Validation/codeql-db/src/usr/lib/gcc/x86_64-linux-gnu/13/include/stddef.h
[E 13:37:45 11862] Archiving /workspaces/cybr621-lab2-Memory-Safety-Validation/codeql-db/src/usr/include/x86_64-linux-gnu/bits/waitflags.h
[E 13:37:45 11862] Archiving /workspaces/cybr621-lab2-Memory-Safety-Validation/codeql-db/src/usr/include/x86_64-linux-gnu/bits/waitstatus.h
[E 13:37:45 11862] Archiving /workspaces/cybr621-lab2-Memory-Safety-Validation/codeql-db/src/usr/include/x86_64-linux-gnu/sys/types.h
[E 13:37:45 11862] Archiving /workspaces/cybr621-lab2-Memory-Safety-Validation/codeql-db/src/usr/include/x86_64-linux-gnu/bits/types/clock_t.h
[E 13:37:45 11862] Archiving /workspaces/cybr621-lab2-Memory-Safety-Validation/codeql-db/src/usr/include/x86_64-linux-gnu/bits/types/clockid_t.h
[E 13:37:45 11862] Archiving /workspaces/cybr621-lab2-Memory-Safety-Validation/codeql-db/src/usr/include/x86_64-linux-gnu/bits/types/timer_t.h
[E 13:37:45 11862] Already archived /workspaces/cybr621-lab2-Memory-Safety-Validation/codeql-db/src/usr/lib/gcc/x86_64-linux-gnu/13/include/stddef.h
[E 13:37:45 11862] Archiving /workspaces/cybr621-lab2-Memory-Safety-Validation/codeql-db/src/usr/include/x86_64-linux-gnu/bits/stdint-intn.h
[E 13:37:45 11862] Archiving /workspaces/cybr621-lab2-Memory-Safety-Validation/codeql-db/src/usr/include/x86_64-linux-gnu/bits/pthreadtypes.h
[E 13:37:45 11862] Archiving /workspaces/cybr621-lab2-Memory-Safety-Validation/codeql-db/src/usr/include/x86_64-linux-gnu/bits/thread-shared-types.h
[E 13:37:45 11862] Archiving /workspaces/cybr621-lab2-Memory-Safety-Validation/codeql-db/src/usr/include/x86_64-linux-gnu/bits/pthreadtypes-arch.h
[E 13:37:45 11862] Already archived /workspaces/cybr621-lab2-Memory-Safety-Validation/codeql-db/src/usr/include/x86_64-linux-gnu/bits/wordsize.h
[E 13:37:45 11862] Archiving /workspaces/cybr621-lab2-Memory-Safety-Validation/codeql-db/src/usr/include/x86_64-linux-gnu/bits/atomic_wide_counter.h
[E 13:37:45 11862] Archiving /workspaces/cybr621-lab2-Memory-Safety-Validation/codeql-db/src/usr/include/x86_64-linux-gnu/bits/struct_mutex.h
[E 13:37:45 11862] Archiving /workspaces/cybr621-lab2-Memory-Safety-Validation/codeql-db/src/usr/include/x86_64-linux-gnu/bits/struct_rwlock.h
[E 13:37:45 11862] Archiving /workspaces/cybr621-lab2-Memory-Safety-Validation/codeql-db/src/usr/include/x86_64-linux-gnu/bits/stdlib-float.h
[E 13:37:45 11862] Archiving /workspaces/cybr621-lab2-Memory-Safety-Validation/codeql-db/src/usr/include/string.h
[E 13:37:45 11862] Already archived /workspaces/cybr621-lab2-Memory-Safety-Validation/codeql-db/src/usr/include/x86_64-linux-gnu/bits/libc-header-start.h
[E 13:37:45 11862] Already archived /workspaces/cybr621-lab2-Memory-Safety-Validation/codeql-db/src/usr/lib/gcc/x86_64-linux-gnu/13/include/stddef.h
[E 13:37:45 11862] Archiving /workspaces/cybr621-lab2-Memory-Safety-Validation/codeql-db/src/usr/include/x86_64-linux-gnu/bits/types/locale_t.h
[E 13:37:45 11862] Archiving /workspaces/cybr621-lab2-Memory-Safety-Validation/codeql-db/src/usr/include/x86_64-linux-gnu/bits/types/__locale_t.h
[E 13:37:45 11862] Archiving /workspaces/cybr621-lab2-Memory-Safety-Validation/codeql-db/src/usr/include/x86_64-linux-gnu/sys/stat.h
[E 13:37:45 11862] Already archived /workspaces/cybr621-lab2-Memory-Safety-Validation/codeql-db/src/usr/include/x86_64-linux-gnu/bits/stat.h
[E 13:37:45 11862] Archiving /workspaces/cybr621-lab2-Memory-Safety-Validation/codeql-db/src/usr/include/time.h
[E 13:37:45 11862] Already archived /workspaces/cybr621-lab2-Memory-Safety-Validation/codeql-db/src/usr/lib/gcc/x86_64-linux-gnu/13/include/stddef.h
[E 13:37:45 11862] Archiving /workspaces/cybr621-lab2-Memory-Safety-Validation/codeql-db/src/usr/include/x86_64-linux-gnu/bits/time.h
[E 13:37:45 11862] Archiving /workspaces/cybr621-lab2-Memory-Safety-Validation/codeql-db/src/usr/include/x86_64-linux-gnu/bits/types/struct_tm.h
[E 13:37:45 11862] Archiving /workspaces/cybr621-lab2-Memory-Safety-Validation/codeql-db/src/usr/include/x86_64-linux-gnu/bits/types/struct_itimerspec.h
[E 13:37:45 11862] Archiving /workspaces/cybr621-lab2-Memory-Safety-Validation/codeql-db/src/usr/include/unistd.h
[E 13:37:45 11862] Archiving /workspaces/cybr621-lab2-Memory-Safety-Validation/codeql-db/src/usr/include/x86_64-linux-gnu/bits/posix_opt.h
[E 13:37:45 11862] Archiving /workspaces/cybr621-lab2-Memory-Safety-Validation/codeql-db/src/usr/include/x86_64-linux-gnu/bits/environments.h
[E 13:37:45 11862] Already archived /workspaces/cybr621-lab2-Memory-Safety-Validation/codeql-db/src/usr/include/x86_64-linux-gnu/bits/wordsize.h
[E 13:37:45 11862] Already archived /workspaces/cybr621-lab2-Memory-Safety-Validation/codeql-db/src/usr/lib/gcc/x86_64-linux-gnu/13/include/stddef.h
[E 13:37:45 11862] Archiving /workspaces/cybr621-lab2-Memory-Safety-Validation/codeql-db/src/usr/include/x86_64-linux-gnu/bits/confname.h
[E 13:37:45 11862] Archiving /workspaces/cybr621-lab2-Memory-Safety-Validation/codeql-db/src/usr/include/x86_64-linux-gnu/bits/getopt_posix.h
[E 13:37:45 11862] Archiving /workspaces/cybr621-lab2-Memory-Safety-Validation/codeql-db/src/usr/include/x86_64-linux-gnu/bits/getopt_core.h
[E 13:37:45 11862] Archiving /workspaces/cybr621-lab2-Memory-Safety-Validation/codeql-db/src/usr/include/x86_64-linux-gnu/bits/unistd_ext.h
[E 13:37:45 11862] Creating trap tarball /workspaces/cybr621-lab2-Memory-Safety-Validation/codeql-db/trap/cpp/tarballs/workspaces/cybr621-lab2-Memory-Safety-Validation/assistant2.c.1a412b9c_0.trap.tar.zst
[E 13:37:45 11862] Emitting trap files for assistant2.c
[E 13:37:45 11862] Opening existencedb in /workspaces/cybr621-lab2-Memory-Safety-Validation/codeql-db/working/existencedb/db
[E 13:37:46 11862] Wrote 56 files to /workspaces/cybr621-lab2-Memory-Safety-Validation/codeql-db/trap/cpp/tarballs/workspaces/cybr621-lab2-Memory-Safety-Validation/assistant2.c.1a412b9c_0.trap.tar.zst
[E 13:37:46 11862] Finished compilation TRAP /workspaces/cybr621-lab2-Memory-Safety-Validation/codeql-db/trap/cpp/compilations/55/33995192_0.trap.zst
[E 13:37:46 11862] Marking C compilation as happened.
[E 13:37:46 11862] Setting tag c-compilation-happened
[E 13:37:46 11862] Starting from CODEQL_TRACER_DB_ID 0000000000002E4E_0000000000000001
[E 13:37:46 11862] Locking DB /workspaces/cybr621-lab2-Memory-Safety-Validation/codeql-db/working/tags.db
[E 13:37:46 11862] Locked DB /workspaces/cybr621-lab2-Memory-Safety-Validation/codeql-db/working/tags.db
[E 13:37:46 11862] Set tag for 0000000000002E4E_0000000000000001
[E 13:37:46 11862] Set tag for 0000000000002DEE_0000000000000003
[E 13:37:46 11862] Set tag for 0000000000002DEE_0000000000000002
[E 13:37:46 11862] Set tag for root
[E 13:37:46 11862] Unlocking DB
[E 13:37:46 11862] Unlocked DB
[E 13:37:46 11862] Time: 0.10 (CPU) 1.00 (elapsed)
[E 13:37:46 11862] Memory: 37.75 MiB (peak rss)
[E 13:37:46 11862] Extractor exited successfully
[T 13:37:46 11854] Extractor /home/codespace/.local/share/gh/extensions/gh-codeql/dist/release/v2.27.1/cpp/tools/linux64/extractor terminated with exit code 0.
[T 13:37:46 11863] Initializing tracer.
[T 13:37:46 11863] Initializing tags.
[T 13:37:46 11863] ID set to 0000000000002E57_0000000000000001 (parent 0000000000002DEE_0000000000000003)
[T 13:37:46 11863] ==== Candidate to intercept: as (canonical: /usr/bin/as) ====
[T 13:37:46 11863] Lua: === Intercepted call to /usr/bin/as ===
[T 13:37:46 11863] Executing the following tracer actions:
[T 13:37:46 11863] Tracer actions:
[T 13:37:46 11863] pre_invocations(0)
[T 13:37:46 11863] post_invocations(1)
[T 13:37:46 11863] invocation: /home/codespace/.local/share/gh/extensions/gh-codeql/dist/release/v2.27.1/cpp/tools/linux64/extractor, args: [--assembler, --codeql-assembler-executable, /usr/bin/as, --64, -o, assistant2.o, /tmp/ccGOvku1.s]
[T 13:37:46 11863] trace_languages(1): [cpp]
[T 13:37:46 11865] Attempting to switch stdout/stderr to 4...
[T 13:37:46 11865] Initializing tracer.
[T 13:37:46 11865] Initializing tags.
[T 13:37:46 11865] ID set to 0000000000002E59_0000000000000001 (parent 0000000000002E57_0000000000000001)
[E 13:37:46 11865] CodeQL C/C++ Extractor 2.27.1
[E 13:37:46 11865] Current directory: /workspaces/cybr621-lab2-Memory-Safety-Validation
[E 13:37:46 11865] Command: /home/codespace/.local/share/gh/extensions/gh-codeql/dist/release/v2.27.1/cpp/tools/linux64/extractor --assembler --codeql-assembler-executable /usr/bin/as --64 -o assistant2.o /tmp/ccGOvku1.s
[E 13:37:46 11865] Extractor exited after mimicking assembler
[T 13:37:46 11863] Extractor /home/codespace/.local/share/gh/extensions/gh-codeql/dist/release/v2.27.1/cpp/tools/linux64/extractor terminated with exit code 0.
[T 13:37:46 11866] Attempting to switch stdout/stderr to 4...
[T 13:37:46 11866] Initializing tracer.
[T 13:37:46 11866] Initializing tags.
[T 13:37:46 11866] ID set to 0000000000002E5A_0000000000000001 (parent 0000000000002DEE_0000000000000003)
[E 13:37:46 11866] CodeQL C/C++ Extractor 2.27.1
[E 13:37:46 11866] Current directory: /workspaces/cybr621-lab2-Memory-Safety-Validation
[E 13:37:46 11866] Command: /home/codespace/.local/share/gh/extensions/gh-codeql/dist/release/v2.27.1/cpp/tools/linux64/extractor --mimic /usr/bin/gcc -Wall -Wextra -Wpedantic -c assistant1.c assistant2.c
[T 13:37:46 11867] Initializing tracer.
[T 13:37:46 11867] Initializing tags.
[T 13:37:46 11867] ID set to 0000000000002E5B_0000000000000001 (parent 0000000000002E5A_0000000000000001)
[T 13:37:46 11867] ==== Candidate to intercept: /usr/bin/gcc (canonical: /usr/bin/x86_64-linux-gnu-gcc-13) ====
[T 13:37:46 11867] Lua: === Intercepted call to /usr/bin/x86_64-linux-gnu-gcc-13 ===
[T 13:37:46 11867] Executing the following tracer actions:
[T 13:37:46 11867] Tracer actions:
[T 13:37:46 11867] pre_invocations(0)
[T 13:37:46 11867] post_invocations(1)
[T 13:37:46 11867] invocation: /home/codespace/.local/share/gh/extensions/gh-codeql/dist/release/v2.27.1/cpp/tools/linux64/extractor, args: [--mimic, /usr/bin/x86_64-linux-gnu-gcc-13, --version]
[T 13:37:46 11867] trace_languages(1): [cpp]
[T 13:37:46 11869] Attempting to switch stdout/stderr to 7...
[T 13:37:46 11869] Initializing tracer.
[T 13:37:46 11869] Initializing tags.
[T 13:37:46 11869] ID set to 0000000000002E5D_0000000000000001 (parent 0000000000002E5B_0000000000000001)
[E 13:37:46 11869] Mimicry classification suppression detected; exiting.
[E 13:37:46 11869] Extractor exited successfully
[T 13:37:46 11867] Extractor /home/codespace/.local/share/gh/extensions/gh-codeql/dist/release/v2.27.1/cpp/tools/linux64/extractor terminated with exit code 0.
[T 13:37:46 11870] Initializing tracer.
[T 13:37:46 11870] Initializing tags.
[T 13:37:46 11870] ID set to 0000000000002E5E_0000000000000001 (parent 0000000000002E5A_0000000000000001)
[T 13:37:46 11870] ==== Candidate to intercept: /usr/bin/gcc (canonical: /usr/bin/x86_64-linux-gnu-gcc-13) ====
[T 13:37:46 11870] Lua: === Intercepted call to /usr/bin/x86_64-linux-gnu-gcc-13 ===
[T 13:37:46 11870] Executing the following tracer actions:
[T 13:37:46 11870] Tracer actions:
[T 13:37:46 11870] pre_invocations(0)
[T 13:37:46 11870] post_invocations(1)
[T 13:37:46 11870] invocation: /home/codespace/.local/share/gh/extensions/gh-codeql/dist/release/v2.27.1/cpp/tools/linux64/extractor, args: [--mimic, /usr/bin/x86_64-linux-gnu-gcc-13, --help]
[T 13:37:46 11870] trace_languages(1): [cpp]
[T 13:37:46 11872] Attempting to switch stdout/stderr to 7...
[T 13:37:46 11872] Initializing tracer.
[T 13:37:46 11872] Initializing tags.
[T 13:37:46 11872] ID set to 0000000000002E60_0000000000000001 (parent 0000000000002E5E_0000000000000001)
[E 13:37:46 11872] Mimicry classification suppression detected; exiting.
[E 13:37:46 11872] Extractor exited successfully
[T 13:37:46 11870] Extractor /home/codespace/.local/share/gh/extensions/gh-codeql/dist/release/v2.27.1/cpp/tools/linux64/extractor terminated with exit code 0.
[T 13:37:46 11873] Initializing tracer.
[T 13:37:46 11873] Initializing tags.
[T 13:37:46 11873] ID set to 0000000000002E61_0000000000000001 (parent 0000000000002E5A_0000000000000001)
[T 13:37:46 11873] ==== Candidate to intercept: /usr/bin/gcc (canonical: /usr/bin/x86_64-linux-gnu-gcc-13) ====
[T 13:37:46 11873] Lua: === Intercepted call to /usr/bin/x86_64-linux-gnu-gcc-13 ===
[T 13:37:46 11873] Executing the following tracer actions:
[T 13:37:46 11873] Tracer actions:
[T 13:37:46 11873] pre_invocations(0)
[T 13:37:46 11873] post_invocations(1)
[T 13:37:46 11873] invocation: /home/codespace/.local/share/gh/extensions/gh-codeql/dist/release/v2.27.1/cpp/tools/linux64/extractor, args: [--mimic, /usr/bin/x86_64-linux-gnu-gcc-13, -S, -nostdinc, -o, /workspaces/cybr621-lab2-Memory-Safety-Validation/codeql-db/working/tmp//semmle_2_11866_68639.o, -c, /workspaces/cybr621-lab2-Memory-Safety-Validation/codeql-db/working/tmp//semmle_1_11866_68517.c]
[T 13:37:46 11873] trace_languages(1): [cpp]
[T 13:37:46 11875] Initializing tracer.
[T 13:37:46 11875] Initializing tags.
[T 13:37:46 11875] ID set to 0000000000002E63_0000000000000001 (parent 0000000000002E61_0000000000000001)
[T 13:37:46 11875] ==== Candidate to intercept: /usr/libexec/gcc/x86_64-linux-gnu/13/cc1 (canonical: /usr/libexec/gcc/x86_64-linux-gnu/13/cc1) ====
[T 13:37:46 11875] Lua: === Intercepted call to /usr/libexec/gcc/x86_64-linux-gnu/13/cc1 ===
[T 13:37:46 11875] Executing the following tracer actions:
[T 13:37:46 11875] Tracer actions:
[T 13:37:46 11875] pre_invocations(0)
[T 13:37:46 11875] post_invocations(1)
[T 13:37:46 11875] invocation: /home/codespace/.local/share/gh/extensions/gh-codeql/dist/release/v2.27.1/cpp/tools/linux64/extractor, args: [--mimic, /usr/libexec/gcc/x86_64-linux-gnu/13/cc1, -quiet, -nostdinc, -imultiarch, x86_64-linux-gnu, /workspaces/cybr621-lab2-Memory-Safety-Validation/codeql-db/working/tmp//semmle_1_11866_68517.c, -quiet, -dumpdir, /workspaces/cybr621-lab2-Memory-Safety-Validation/codeql-db/working/tmp//, -dumpbase, semmle_2_11866_68639.c, -dumpbase-ext, .c, -mtune=generic, -march=x86-64, -o, /workspaces/cybr621-lab2-Memory-Safety-Validation/codeql-db/working/tmp//semmle_2_11866_68639.o, -fasynchronous-unwind-tables, -fstack-protector-strong, -Wformat, -Wformat-security, -fstack-clash-protection, -fcf-protection]
[T 13:37:46 11875] trace_languages(1): [cpp]
[T 13:37:46 11877] Attempting to switch stdout/stderr to 7...
[T 13:37:46 11877] Initializing tracer.
[T 13:37:46 11877] Initializing tags.
[T 13:37:46 11877] ID set to 0000000000002E65_0000000000000001 (parent 0000000000002E63_0000000000000001)
[E 13:37:46 11877] Mimicry classification suppression detected; exiting.
[E 13:37:46 11877] Extractor exited successfully
[T 13:37:46 11875] Extractor /home/codespace/.local/share/gh/extensions/gh-codeql/dist/release/v2.27.1/cpp/tools/linux64/extractor terminated with exit code 0.
[T 13:37:46 11878] Attempting to switch stdout/stderr to 7...
[T 13:37:46 11878] Initializing tracer.
[T 13:37:46 11878] Initializing tags.
[T 13:37:46 11878] ID set to 0000000000002E66_0000000000000001 (parent 0000000000002E61_0000000000000001)
[E 13:37:46 11878] Mimicry classification suppression detected; exiting.
[E 13:37:46 11878] Extractor exited successfully
[T 13:37:46 11873] Extractor /home/codespace/.local/share/gh/extensions/gh-codeql/dist/release/v2.27.1/cpp/tools/linux64/extractor terminated with exit code 0.
[T 13:37:46 11879] Initializing tracer.
[T 13:37:46 11879] Initializing tags.
[T 13:37:46 11879] ID set to 0000000000002E67_0000000000000001 (parent 0000000000002E5A_0000000000000001)
[T 13:37:46 11879] ==== Candidate to intercept: /usr/bin/gcc (canonical: /usr/bin/x86_64-linux-gnu-gcc-13) ====
[T 13:37:46 11879] Lua: === Intercepted call to /usr/bin/x86_64-linux-gnu-gcc-13 ===
[T 13:37:46 11879] Executing the following tracer actions:
[T 13:37:46 11879] Tracer actions:
[T 13:37:46 11879] pre_invocations(0)
[T 13:37:46 11879] post_invocations(1)
[T 13:37:46 11879] invocation: /home/codespace/.local/share/gh/extensions/gh-codeql/dist/release/v2.27.1/cpp/tools/linux64/extractor, args: [--mimic, /usr/bin/x86_64-linux-gnu-gcc-13, -S, -nostdinc, -o, /workspaces/cybr621-lab2-Memory-Safety-Validation/codeql-db/working/tmp//semmle_4_11866_107868.o, -c, /workspaces/cybr621-lab2-Memory-Safety-Validation/codeql-db/working/tmp//semmle_3_11866_107818.c]
[T 13:37:46 11879] trace_languages(1): [cpp]
[T 13:37:46 11881] Initializing tracer.
[T 13:37:46 11881] Initializing tags.
[T 13:37:46 11881] ID set to 0000000000002E69_0000000000000001 (parent 0000000000002E67_0000000000000001)
[T 13:37:46 11881] ==== Candidate to intercept: /usr/libexec/gcc/x86_64-linux-gnu/13/cc1 (canonical: /usr/libexec/gcc/x86_64-linux-gnu/13/cc1) ====
[T 13:37:46 11881] Lua: === Intercepted call to /usr/libexec/gcc/x86_64-linux-gnu/13/cc1 ===
[T 13:37:46 11881] Executing the following tracer actions:
[T 13:37:46 11881] Tracer actions:
[T 13:37:46 11881] pre_invocations(0)
[T 13:37:46 11881] post_invocations(1)
[T 13:37:46 11881] invocation: /home/codespace/.local/share/gh/extensions/gh-codeql/dist/release/v2.27.1/cpp/tools/linux64/extractor, args: [--mimic, /usr/libexec/gcc/x86_64-linux-gnu/13/cc1, -quiet, -nostdinc, -imultiarch, x86_64-linux-gnu, /workspaces/cybr621-lab2-Memory-Safety-Validation/codeql-db/working/tmp//semmle_3_11866_107818.c, -quiet, -dumpdir, /workspaces/cybr621-lab2-Memory-Safety-Validation/codeql-db/working/tmp//, -dumpbase, semmle_4_11866_107868.c, -dumpbase-ext, .c, -mtune=generic, -march=x86-64, -o, /workspaces/cybr621-lab2-Memory-Safety-Validation/codeql-db/working/tmp//semmle_4_11866_107868.o, -fasynchronous-unwind-tables, -fstack-protector-strong, -Wformat, -Wformat-security, -fstack-clash-protection, -fcf-protection]
[T 13:37:46 11881] trace_languages(1): [cpp]
[T 13:37:46 11883] Attempting to switch stdout/stderr to 7...
[T 13:37:46 11883] Initializing tracer.
[T 13:37:46 11883] Initializing tags.
[T 13:37:46 11883] ID set to 0000000000002E6B_0000000000000001 (parent 0000000000002E69_0000000000000001)
[E 13:37:46 11883] Mimicry classification suppression detected; exiting.
[E 13:37:46 11883] Extractor exited successfully
[T 13:37:46 11881] Extractor /home/codespace/.local/share/gh/extensions/gh-codeql/dist/release/v2.27.1/cpp/tools/linux64/extractor terminated with exit code 0.
[T 13:37:46 11884] Attempting to switch stdout/stderr to 7...
[T 13:37:46 11884] Initializing tracer.
[T 13:37:46 11884] Initializing tags.
[T 13:37:46 11884] ID set to 0000000000002E6C_0000000000000001 (parent 0000000000002E67_0000000000000001)
[E 13:37:46 11884] Mimicry classification suppression detected; exiting.
[E 13:37:46 11884] Extractor exited successfully
[T 13:37:46 11879] Extractor /home/codespace/.local/share/gh/extensions/gh-codeql/dist/release/v2.27.1/cpp/tools/linux64/extractor terminated with exit code 0.
[E 13:37:46 11866] Checking whether C compilation already happened.
[E 13:37:46 11866] Checking for tag c-compilation-happened
[E 13:37:46 11866] Checking CODEQL_TRACER_DB_ID 0000000000002DEE_0000000000000003
[E 13:37:46 11866] Locking DB /workspaces/cybr621-lab2-Memory-Safety-Validation/codeql-db/working/tags.db
[E 13:37:46 11866] Locked DB /workspaces/cybr621-lab2-Memory-Safety-Validation/codeql-db/working/tags.db
[E 13:37:46 11866] Unlocking DB
[E 13:37:46 11866] Unlocked DB
[E 13:37:46 11866] Exiting as C compilation already happened.
[T 13:37:46 11758] Extractor /home/codespace/.local/share/gh/extensions/gh-codeql/dist/release/v2.27.1/cpp/tools/linux64/extractor terminated with exit code 0.
[T 14:53:17 18562] CodeQL CLI version 2.27.1
[T 14:53:17 18562] Initializing tracer.
[T 14:53:17 18562] Initializing tags.
[T 14:53:17 18562] ID set to 0000000000004882_0000000000000001 (parent root)
[T 14:53:17 18562] Initializing tracer.
[T 14:53:17 18562] Initializing tags.
[T 14:53:17 18562] ID set to 0000000000004882_0000000000000002 (parent root)
[T 14:53:17 18562] Warning: SEMMLE_EXEC and SEMMLE_EXECP not set. Falling back to path lookup on argv[0].
[T 14:53:17 18562] ==== Candidate to intercept: /home/codespace/.local/share/gh/extensions/gh-codeql/dist/release/v2.27.1/tools/linux64/runner-linux (canonical: /home/codespace/.local/share/gh/extensions/gh-codeql/dist/release/v2.27.1/tools/linux64/runner-linux) ====
[T 14:53:17 18562] Executing the following tracer actions:
[T 14:53:17 18562] Tracer actions:
[T 14:53:17 18562] pre_invocations(0)
[T 14:53:17 18562] post_invocations(0)
[T 14:53:17 18562] trace_languages(1): [cpp]
[T 14:53:17 18562] Initializing tracer.
[T 14:53:17 18562] Initializing tags.
[T 14:53:17 18562] ID set to 0000000000004882_0000000000000003 (parent 0000000000004882_0000000000000002)
[T 14:53:17 18562] ==== Candidate to intercept: gcc (canonical: /usr/bin/gcc) ====
[T 14:53:17 18562] Lua: === Intercepted call to /usr/bin/gcc ===
[T 14:53:17 18562] Executing the following tracer actions:
[T 14:53:17 18562] Tracer actions:
[T 14:53:17 18562] pre_invocations(0)
[T 14:53:17 18562] post_invocations(1)
[T 14:53:17 18562] invocation: /home/codespace/.local/share/gh/extensions/gh-codeql/dist/release/v2.27.1/cpp/tools/linux64/extractor, args: [--mimic, /usr/bin/gcc, -Wall, -Wextra, -Wpedantic, -c, assistant1.c, assistant2.c]
[T 14:53:17 18562] trace_languages(1): [cpp]
[T 14:53:17 18566] Initializing tracer.
[T 14:53:17 18566] Initializing tags.
[T 14:53:17 18566] ID set to 0000000000004886_0000000000000001 (parent 0000000000004882_0000000000000003)
[T 14:53:17 18566] ==== Candidate to intercept: /usr/libexec/gcc/x86_64-linux-gnu/13/cc1 (canonical: /usr/libexec/gcc/x86_64-linux-gnu/13/cc1) ====
[T 14:53:17 18566] Lua: === Intercepted call to /usr/libexec/gcc/x86_64-linux-gnu/13/cc1 ===
[T 14:53:17 18566] Executing the following tracer actions:
[T 14:53:17 18566] Tracer actions:
[T 14:53:17 18566] pre_invocations(0)
[T 14:53:17 18566] post_invocations(1)
[T 14:53:17 18566] invocation: /home/codespace/.local/share/gh/extensions/gh-codeql/dist/release/v2.27.1/cpp/tools/linux64/extractor, args: [--mimic, /usr/libexec/gcc/x86_64-linux-gnu/13/cc1, -quiet, -imultiarch, x86_64-linux-gnu, assistant1.c, -quiet, -dumpbase, assistant1.c, -dumpbase-ext, .c, -mtune=generic, -march=x86-64, -Wall, -Wextra, -Wpedantic, -fasynchronous-unwind-tables, -fstack-protector-strong, -Wformat-security, -fstack-clash-protection, -fcf-protection, -o, /tmp/ccltQYBu.s]
[T 14:53:17 18566] trace_languages(1): [cpp]
[T 14:53:17 18568] Attempting to switch stdout/stderr to 4...
[T 14:53:18 18568] Initializing tracer.
[T 14:53:18 18568] Initializing tags.
[T 14:53:18 18568] ID set to 0000000000004888_0000000000000001 (parent 0000000000004886_0000000000000001)
[E 14:53:18 18568] CodeQL C/C++ Extractor 2.27.1
[E 14:53:18 18568] Current directory: /workspaces/cybr621-lab2-Memory-Safety-Validation
[E 14:53:18 18568] Command: /home/codespace/.local/share/gh/extensions/gh-codeql/dist/release/v2.27.1/cpp/tools/linux64/extractor --mimic /usr/libexec/gcc/x86_64-linux-gnu/13/cc1 -quiet -imultiarch x86_64-linux-gnu assistant1.c -quiet -dumpbase assistant1.c -dumpbase-ext .c -mtune=generic -march=x86-64 -Wall -Wextra -Wpedantic -fasynchronous-unwind-tables -fstack-protector-strong -Wformat-security -fstack-clash-protection -fcf-protection -o /tmp/ccltQYBu.s
[T 14:53:18 18612] Initializing tracer.
[T 14:53:18 18612] Initializing tags.
[T 14:53:18 18612] ID set to 00000000000048B4_0000000000000001 (parent 0000000000004888_0000000000000001)
[T 14:53:18 18612] ==== Candidate to intercept: /usr/libexec/gcc/x86_64-linux-gnu/13/cc1 (canonical: /usr/libexec/gcc/x86_64-linux-gnu/13/cc1) ====
[T 14:53:18 18612] Lua: === Intercepted call to /usr/libexec/gcc/x86_64-linux-gnu/13/cc1 ===
[T 14:53:18 18612] Executing the following tracer actions:
[T 14:53:18 18612] Tracer actions:
[T 14:53:18 18612] pre_invocations(0)
[T 14:53:18 18612] post_invocations(1)
[T 14:53:18 18612] invocation: /home/codespace/.local/share/gh/extensions/gh-codeql/dist/release/v2.27.1/cpp/tools/linux64/extractor, args: [--mimic, /usr/libexec/gcc/x86_64-linux-gnu/13/cc1, --version]
[T 14:53:18 18612] trace_languages(1): [cpp]
[T 14:53:18 18631] Attempting to switch stdout/stderr to 7...
[T 14:53:18 18631] Initializing tracer.
[T 14:53:18 18631] Initializing tags.
[T 14:53:18 18631] ID set to 00000000000048C7_0000000000000001 (parent 00000000000048B4_0000000000000001)
[E 14:53:18 18631] Mimicry classification suppression detected; exiting.
[E 14:53:18 18631] Extractor exited successfully
[T 14:53:18 18612] Extractor /home/codespace/.local/share/gh/extensions/gh-codeql/dist/release/v2.27.1/cpp/tools/linux64/extractor terminated with exit code 0.
[T 14:53:18 18632] Initializing tracer.
[T 14:53:18 18632] Initializing tags.
[T 14:53:18 18632] ID set to 00000000000048C8_0000000000000001 (parent 0000000000004888_0000000000000001)
[T 14:53:18 18632] ==== Candidate to intercept: /usr/libexec/gcc/x86_64-linux-gnu/13/cc1 (canonical: /usr/libexec/gcc/x86_64-linux-gnu/13/cc1) ====
[T 14:53:18 18632] Lua: === Intercepted call to /usr/libexec/gcc/x86_64-linux-gnu/13/cc1 ===
[T 14:53:18 18632] Executing the following tracer actions:
[T 14:53:18 18632] Tracer actions:
[T 14:53:18 18632] pre_invocations(0)
[T 14:53:18 18632] post_invocations(1)
[T 14:53:18 18632] invocation: /home/codespace/.local/share/gh/extensions/gh-codeql/dist/release/v2.27.1/cpp/tools/linux64/extractor, args: [--mimic, /usr/libexec/gcc/x86_64-linux-gnu/13/cc1, --help]
[T 14:53:18 18632] trace_languages(1): [cpp]
[T 14:53:18 18634] Attempting to switch stdout/stderr to 7...
[T 14:53:18 18634] Initializing tracer.
[T 14:53:18 18634] Initializing tags.
[T 14:53:18 18634] ID set to 00000000000048CA_0000000000000001 (parent 00000000000048C8_0000000000000001)
[E 14:53:18 18634] Mimicry classification suppression detected; exiting.
[E 14:53:18 18634] Extractor exited successfully
[T 14:53:18 18632] Extractor /home/codespace/.local/share/gh/extensions/gh-codeql/dist/release/v2.27.1/cpp/tools/linux64/extractor terminated with exit code 0.
[T 14:53:18 18635] Initializing tracer.
[T 14:53:18 18635] Initializing tags.
[T 14:53:18 18635] ID set to 00000000000048CB_0000000000000001 (parent 0000000000004888_0000000000000001)
[T 14:53:18 18635] ==== Candidate to intercept: /usr/libexec/gcc/x86_64-linux-gnu/13/cc1 (canonical: /usr/libexec/gcc/x86_64-linux-gnu/13/cc1) ====
[T 14:53:18 18635] Lua: === Intercepted call to /usr/libexec/gcc/x86_64-linux-gnu/13/cc1 ===
[T 14:53:18 18635] Executing the following tracer actions:
[T 14:53:18 18635] Tracer actions:
[T 14:53:18 18635] pre_invocations(0)
[T 14:53:18 18635] post_invocations(1)
[T 14:53:18 18635] invocation: /home/codespace/.local/share/gh/extensions/gh-codeql/dist/release/v2.27.1/cpp/tools/linux64/extractor, args: [--mimic, /usr/libexec/gcc/x86_64-linux-gnu/13/cc1, -version, --help]
[T 14:53:18 18635] trace_languages(1): [cpp]
[T 14:53:18 18637] Attempting to switch stdout/stderr to 7...
[T 14:53:18 18637] Initializing tracer.
[T 14:53:18 18637] Initializing tags.
[T 14:53:18 18637] ID set to 00000000000048CD_0000000000000001 (parent 00000000000048CB_0000000000000001)
[E 14:53:18 18637] Mimicry classification suppression detected; exiting.
[E 14:53:18 18637] Extractor exited successfully
[T 14:53:18 18635] Extractor /home/codespace/.local/share/gh/extensions/gh-codeql/dist/release/v2.27.1/cpp/tools/linux64/extractor terminated with exit code 0.
[T 14:53:18 18638] Initializing tracer.
[T 14:53:18 18638] Initializing tags.
[T 14:53:18 18638] ID set to 00000000000048CE_0000000000000001 (parent 0000000000004888_0000000000000001)
[T 14:53:18 18638] ==== Candidate to intercept: /usr/libexec/gcc/x86_64-linux-gnu/13/cc1 (canonical: /usr/libexec/gcc/x86_64-linux-gnu/13/cc1) ====
[T 14:53:18 18638] Lua: === Intercepted call to /usr/libexec/gcc/x86_64-linux-gnu/13/cc1 ===
[T 14:53:18 18638] Executing the following tracer actions:
[T 14:53:18 18638] Tracer actions:
[T 14:53:18 18638] pre_invocations(0)
[T 14:53:18 18638] post_invocations(1)
[T 14:53:18 18638] invocation: /home/codespace/.local/share/gh/extensions/gh-codeql/dist/release/v2.27.1/cpp/tools/linux64/extractor, args: [--mimic, /usr/libexec/gcc/x86_64-linux-gnu/13/cc1, -nostdinc, -o, /workspaces/cybr621-lab2-Memory-Safety-Validation/codeql-db/working/tmp//semmle_2_18568_913599.o, /workspaces/cybr621-lab2-Memory-Safety-Validation/codeql-db/working/tmp//semmle_1_18568_913536.c]
[T 14:53:18 18638] trace_languages(1): [cpp]
[T 14:53:18 18640] Attempting to switch stdout/stderr to 7...
[T 14:53:18 18640] Initializing tracer.
[T 14:53:18 18640] Initializing tags.
[T 14:53:18 18640] ID set to 00000000000048D0_0000000000000001 (parent 00000000000048CE_0000000000000001)
[E 14:53:18 18640] Mimicry classification suppression detected; exiting.
[E 14:53:18 18640] Extractor exited successfully
[T 14:53:18 18638] Extractor /home/codespace/.local/share/gh/extensions/gh-codeql/dist/release/v2.27.1/cpp/tools/linux64/extractor terminated with exit code 0.
[T 14:53:18 18641] Initializing tracer.
[T 14:53:18 18641] Initializing tags.
[T 14:53:18 18641] ID set to 00000000000048D1_0000000000000001 (parent 0000000000004888_0000000000000001)
[T 14:53:18 18641] ==== Candidate to intercept: /usr/libexec/gcc/x86_64-linux-gnu/13/cc1 (canonical: /usr/libexec/gcc/x86_64-linux-gnu/13/cc1) ====
[T 14:53:18 18641] Lua: === Intercepted call to /usr/libexec/gcc/x86_64-linux-gnu/13/cc1 ===
[T 14:53:18 18641] Executing the following tracer actions:
[T 14:53:18 18641] Tracer actions:
[T 14:53:18 18641] pre_invocations(0)
[T 14:53:18 18641] post_invocations(1)
[T 14:53:18 18641] invocation: /home/codespace/.local/share/gh/extensions/gh-codeql/dist/release/v2.27.1/cpp/tools/linux64/extractor, args: [--mimic, /usr/libexec/gcc/x86_64-linux-gnu/13/cc1, -nostdinc, -o, /workspaces/cybr621-lab2-Memory-Safety-Validation/codeql-db/working/tmp//semmle_4_18568_935808.o, /workspaces/cybr621-lab2-Memory-Safety-Validation/codeql-db/working/tmp//semmle_3_18568_935761.c]
[T 14:53:18 18641] trace_languages(1): [cpp]
[T 14:53:18 18643] Attempting to switch stdout/stderr to 7...
[T 14:53:18 18643] Initializing tracer.
[T 14:53:18 18643] Initializing tags.
[T 14:53:18 18643] ID set to 00000000000048D3_0000000000000001 (parent 00000000000048D1_0000000000000001)
[E 14:53:18 18643] Mimicry classification suppression detected; exiting.
[E 14:53:18 18643] Extractor exited successfully
[T 14:53:18 18641] Extractor /home/codespace/.local/share/gh/extensions/gh-codeql/dist/release/v2.27.1/cpp/tools/linux64/extractor terminated with exit code 0.
[E 14:53:18 18568] Checking whether C compilation already happened.
[E 14:53:18 18568] Checking for tag c-compilation-happened
[E 14:53:18 18568] Checking CODEQL_TRACER_DB_ID 0000000000004886_0000000000000001
[E 14:53:18 18568] Locking DB /workspaces/cybr621-lab2-Memory-Safety-Validation/codeql-db/working/tags.db
[E 14:53:18 18568] Locked DB /workspaces/cybr621-lab2-Memory-Safety-Validation/codeql-db/working/tags.db
[E 14:53:18 18568] Unlocking DB
[E 14:53:18 18568] Unlocked DB
[E 14:53:18 18568] Looks like C compilation didn't already happen.
[E 14:53:18 18568] Checking whether C compilation has been attempted.
[E 14:53:18 18568] Checking for tag c-compilation-attempted
[E 14:53:18 18568] Checking CODEQL_TRACER_DB_ID 0000000000004886_0000000000000001
[E 14:53:18 18568] Locking DB /workspaces/cybr621-lab2-Memory-Safety-Validation/codeql-db/working/tags.db
[E 14:53:18 18568] Locked DB /workspaces/cybr621-lab2-Memory-Safety-Validation/codeql-db/working/tags.db
[E 14:53:18 18568] Unlocking DB
[E 14:53:18 18568] Unlocked DB
[E 14:53:18 18568] Marking C compilation as attempted.
[E 14:53:18 18568] Setting tag c-compilation-attempted
[E 14:53:18 18568] Starting from CODEQL_TRACER_DB_ID 0000000000004886_0000000000000001
[E 14:53:18 18568] Locking DB /workspaces/cybr621-lab2-Memory-Safety-Validation/codeql-db/working/tags.db
[E 14:53:18 18568] Locked DB /workspaces/cybr621-lab2-Memory-Safety-Validation/codeql-db/working/tags.db
[E 14:53:18 18568] Set tag for 0000000000004886_0000000000000001
[E 14:53:18 18568] Set tag for 0000000000004882_0000000000000003
[E 14:53:18 18568] Set tag for 0000000000004882_0000000000000002
[E 14:53:18 18568] Set tag for root
[E 14:53:18 18568] Unlocking DB
[E 14:53:18 18568] Unlocked DB
[T 14:53:18 18644] Initializing tracer.
[T 14:53:18 18644] Initializing tags.
[T 14:53:18 18644] ID set to 00000000000048D4_0000000000000001 (parent 0000000000004888_0000000000000001)
[T 14:53:18 18644] ==== Candidate to intercept: /usr/libexec/gcc/x86_64-linux-gnu/13/cc1 (canonical: /usr/libexec/gcc/x86_64-linux-gnu/13/cc1) ====
[T 14:53:18 18644] Lua: === Intercepted call to /usr/libexec/gcc/x86_64-linux-gnu/13/cc1 ===
[T 14:53:18 18644] Executing the following tracer actions:
[T 14:53:18 18644] Tracer actions:
[T 14:53:18 18644] pre_invocations(0)
[T 14:53:18 18644] post_invocations(1)
[T 14:53:18 18644] invocation: /home/codespace/.local/share/gh/extensions/gh-codeql/dist/release/v2.27.1/cpp/tools/linux64/extractor, args: [--mimic, /usr/libexec/gcc/x86_64-linux-gnu/13/cc1, @/workspaces/cybr621-lab2-Memory-Safety-Validation/codeql-db/working/tmp//semmle_6_18568_955350, -v, -fsyntax-only, /workspaces/cybr621-lab2-Memory-Safety-Validation/codeql-db/working/tmp//semmle_7_18568_955490]
[T 14:53:18 18644] trace_languages(1): [cpp]
[T 14:53:18 18646] Attempting to switch stdout/stderr to 7...
[T 14:53:18 18646] Initializing tracer.
[T 14:53:18 18646] Initializing tags.
[T 14:53:18 18646] ID set to 00000000000048D6_0000000000000001 (parent 00000000000048D4_0000000000000001)
[E 14:53:18 18646] Mimicry classification suppression detected; exiting.
[E 14:53:18 18646] Extractor exited successfully
[T 14:53:18 18644] Extractor /home/codespace/.local/share/gh/extensions/gh-codeql/dist/release/v2.27.1/cpp/tools/linux64/extractor terminated with exit code 0.
[T 14:53:18 18647] Initializing tracer.
[T 14:53:18 18647] Initializing tags.
[T 14:53:18 18647] ID set to 00000000000048D7_0000000000000001 (parent 0000000000004888_0000000000000001)
[T 14:53:18 18647] ==== Candidate to intercept: /usr/libexec/gcc/x86_64-linux-gnu/13/cc1 (canonical: /usr/libexec/gcc/x86_64-linux-gnu/13/cc1) ====
[T 14:53:18 18647] Lua: === Intercepted call to /usr/libexec/gcc/x86_64-linux-gnu/13/cc1 ===
[T 14:53:18 18647] Executing the following tracer actions:
[T 14:53:18 18647] Tracer actions:
[T 14:53:18 18647] pre_invocations(0)
[T 14:53:18 18647] post_invocations(1)
[T 14:53:18 18647] invocation: /home/codespace/.local/share/gh/extensions/gh-codeql/dist/release/v2.27.1/cpp/tools/linux64/extractor, args: [--mimic, /usr/libexec/gcc/x86_64-linux-gnu/13/cc1, @/workspaces/cybr621-lab2-Memory-Safety-Validation/codeql-db/working/tmp//semmle_6_18568_955350, -E, -dM, /workspaces/cybr621-lab2-Memory-Safety-Validation/codeql-db/working/tmp//semmle_8_18568_972265]
[T 14:53:18 18647] trace_languages(1): [cpp]
[T 14:53:18 18649] Attempting to switch stdout/stderr to 7...
[T 14:53:18 18649] Initializing tracer.
[T 14:53:18 18649] Initializing tags.
[T 14:53:18 18649] ID set to 00000000000048D9_0000000000000001 (parent 00000000000048D7_0000000000000001)
[E 14:53:18 18649] Mimicry classification suppression detected; exiting.
[E 14:53:18 18649] Extractor exited successfully
[T 14:53:18 18647] Extractor /home/codespace/.local/share/gh/extensions/gh-codeql/dist/release/v2.27.1/cpp/tools/linux64/extractor terminated with exit code 0.
[T 14:53:18 18650] Initializing tracer.
[T 14:53:18 18650] Initializing tags.
[T 14:53:18 18650] ID set to 00000000000048DA_0000000000000001 (parent 0000000000004888_0000000000000001)
[T 14:53:18 18650] ==== Candidate to intercept: /usr/libexec/gcc/x86_64-linux-gnu/13/cc1 (canonical: /usr/libexec/gcc/x86_64-linux-gnu/13/cc1) ====
[T 14:53:18 18650] Lua: === Intercepted call to /usr/libexec/gcc/x86_64-linux-gnu/13/cc1 ===
[T 14:53:18 18650] Executing the following tracer actions:
[T 14:53:18 18650] Tracer actions:
[T 14:53:18 18650] pre_invocations(0)
[T 14:53:18 18650] post_invocations(1)
[T 14:53:18 18650] invocation: /home/codespace/.local/share/gh/extensions/gh-codeql/dist/release/v2.27.1/cpp/tools/linux64/extractor, args: [--mimic, /usr/libexec/gcc/x86_64-linux-gnu/13/cc1, @/workspaces/cybr621-lab2-Memory-Safety-Validation/codeql-db/working/tmp//semmle_9_18568_994403, -o, /workspaces/cybr621-lab2-Memory-Safety-Validation/codeql-db/working/tmp//semmle_11_18568_994630.o, /workspaces/cybr621-lab2-Memory-Safety-Validation/codeql-db/working/tmp//semmle_10_18568_994539.c]
[T 14:53:18 18650] trace_languages(1): [cpp]
[T 14:53:19 18652] Attempting to switch stdout/stderr to 7...
[T 14:53:19 18652] Initializing tracer.
[T 14:53:19 18652] Initializing tags.
[T 14:53:19 18652] ID set to 00000000000048DC_0000000000000001 (parent 00000000000048DA_0000000000000001)
[E 14:53:19 18652] Mimicry classification suppression detected; exiting.
[E 14:53:19 18652] Extractor exited successfully
[T 14:53:19 18650] Extractor /home/codespace/.local/share/gh/extensions/gh-codeql/dist/release/v2.27.1/cpp/tools/linux64/extractor terminated with exit code 0.
[T 14:53:19 18653] Initializing tracer.
[T 14:53:19 18653] Initializing tags.
[T 14:53:19 18653] ID set to 00000000000048DD_0000000000000001 (parent 0000000000004888_0000000000000001)
[T 14:53:19 18653] ==== Candidate to intercept: /usr/libexec/gcc/x86_64-linux-gnu/13/cc1 (canonical: /usr/libexec/gcc/x86_64-linux-gnu/13/cc1) ====
[T 14:53:19 18653] Lua: === Intercepted call to /usr/libexec/gcc/x86_64-linux-gnu/13/cc1 ===
[T 14:53:19 18653] Executing the following tracer actions:
[T 14:53:19 18653] Tracer actions:
[T 14:53:19 18653] pre_invocations(0)
[T 14:53:19 18653] post_invocations(1)
[T 14:53:19 18653] invocation: /home/codespace/.local/share/gh/extensions/gh-codeql/dist/release/v2.27.1/cpp/tools/linux64/extractor, args: [--mimic, /usr/libexec/gcc/x86_64-linux-gnu/13/cc1, @/workspaces/cybr621-lab2-Memory-Safety-Validation/codeql-db/working/tmp//semmle_9_18568_994403, -o, /workspaces/cybr621-lab2-Memory-Safety-Validation/codeql-db/working/tmp//semmle_13_18568_12310.o, /workspaces/cybr621-lab2-Memory-Safety-Validation/codeql-db/working/tmp//semmle_12_18568_12261.c]
[T 14:53:19 18653] trace_languages(1): [cpp]
[T 14:53:19 18655] Attempting to switch stdout/stderr to 7...
[T 14:53:19 18655] Initializing tracer.
[T 14:53:19 18655] Initializing tags.
[T 14:53:19 18655] ID set to 00000000000048DF_0000000000000001 (parent 00000000000048DD_0000000000000001)
[E 14:53:19 18655] Mimicry classification suppression detected; exiting.
[E 14:53:19 18655] Extractor exited successfully
[T 14:53:19 18653] Extractor /home/codespace/.local/share/gh/extensions/gh-codeql/dist/release/v2.27.1/cpp/tools/linux64/extractor terminated with exit code 0.
[T 14:53:19 18656] Initializing tracer.
[T 14:53:19 18656] Initializing tags.
[T 14:53:19 18656] ID set to 00000000000048E0_0000000000000001 (parent 0000000000004888_0000000000000001)
[T 14:53:19 18656] ==== Candidate to intercept: /usr/libexec/gcc/x86_64-linux-gnu/13/cc1 (canonical: /usr/libexec/gcc/x86_64-linux-gnu/13/cc1) ====
[T 14:53:19 18656] Lua: === Intercepted call to /usr/libexec/gcc/x86_64-linux-gnu/13/cc1 ===
[T 14:53:19 18656] Executing the following tracer actions:
[T 14:53:19 18656] Tracer actions:
[T 14:53:19 18656] pre_invocations(0)
[T 14:53:19 18656] post_invocations(1)
[T 14:53:19 18656] invocation: /home/codespace/.local/share/gh/extensions/gh-codeql/dist/release/v2.27.1/cpp/tools/linux64/extractor, args: [--mimic, /usr/libexec/gcc/x86_64-linux-gnu/13/cc1, @/workspaces/cybr621-lab2-Memory-Safety-Validation/codeql-db/working/tmp//semmle_9_18568_994403, -o, /workspaces/cybr621-lab2-Memory-Safety-Validation/codeql-db/working/tmp//semmle_15_18568_34005.o, /workspaces/cybr621-lab2-Memory-Safety-Validation/codeql-db/working/tmp//semmle_14_18568_33965.c]
[T 14:53:19 18656] trace_languages(1): [cpp]
[T 14:53:19 18658] Attempting to switch stdout/stderr to 7...
[T 14:53:19 18658] Initializing tracer.
[T 14:53:19 18658] Initializing tags.
[T 14:53:19 18658] ID set to 00000000000048E2_0000000000000001 (parent 00000000000048E0_0000000000000001)
[E 14:53:19 18658] Mimicry classification suppression detected; exiting.
[E 14:53:19 18658] Extractor exited successfully
[T 14:53:19 18656] Extractor /home/codespace/.local/share/gh/extensions/gh-codeql/dist/release/v2.27.1/cpp/tools/linux64/extractor terminated with exit code 0.
[T 14:53:19 18659] Initializing tracer.
[T 14:53:19 18659] Initializing tags.
[T 14:53:19 18659] ID set to 00000000000048E3_0000000000000001 (parent 0000000000004888_0000000000000001)
[T 14:53:19 18659] ==== Candidate to intercept: /usr/libexec/gcc/x86_64-linux-gnu/13/cc1 (canonical: /usr/libexec/gcc/x86_64-linux-gnu/13/cc1) ====
[T 14:53:19 18659] Lua: === Intercepted call to /usr/libexec/gcc/x86_64-linux-gnu/13/cc1 ===
[T 14:53:19 18659] Executing the following tracer actions:
[T 14:53:19 18659] Tracer actions:
[T 14:53:19 18659] pre_invocations(0)
[T 14:53:19 18659] post_invocations(1)
[T 14:53:19 18659] invocation: /home/codespace/.local/share/gh/extensions/gh-codeql/dist/release/v2.27.1/cpp/tools/linux64/extractor, args: [--mimic, /usr/libexec/gcc/x86_64-linux-gnu/13/cc1, @/workspaces/cybr621-lab2-Memory-Safety-Validation/codeql-db/working/tmp//semmle_9_18568_994403, -o, /workspaces/cybr621-lab2-Memory-Safety-Validation/codeql-db/working/tmp//semmle_17_18568_50805.o, /workspaces/cybr621-lab2-Memory-Safety-Validation/codeql-db/working/tmp//semmle_16_18568_50757.c]
[T 14:53:19 18659] trace_languages(1): [cpp]
[T 14:53:19 18661] Attempting to switch stdout/stderr to 7...
[T 14:53:19 18661] Initializing tracer.
[T 14:53:19 18661] Initializing tags.
[T 14:53:19 18661] ID set to 00000000000048E5_0000000000000001 (parent 00000000000048E3_0000000000000001)
[E 14:53:19 18661] Mimicry classification suppression detected; exiting.
[E 14:53:19 18661] Extractor exited successfully
[T 14:53:19 18659] Extractor /home/codespace/.local/share/gh/extensions/gh-codeql/dist/release/v2.27.1/cpp/tools/linux64/extractor terminated with exit code 0.
[T 14:53:19 18662] Initializing tracer.
[T 14:53:19 18662] Initializing tags.
[T 14:53:19 18662] ID set to 00000000000048E6_0000000000000001 (parent 0000000000004888_0000000000000001)
[T 14:53:19 18662] ==== Candidate to intercept: /usr/libexec/gcc/x86_64-linux-gnu/13/cc1 (canonical: /usr/libexec/gcc/x86_64-linux-gnu/13/cc1) ====
[T 14:53:19 18662] Lua: === Intercepted call to /usr/libexec/gcc/x86_64-linux-gnu/13/cc1 ===
[T 14:53:19 18662] Executing the following tracer actions:
[T 14:53:19 18662] Tracer actions:
[T 14:53:19 18662] pre_invocations(0)
[T 14:53:19 18662] post_invocations(1)
[T 14:53:19 18662] invocation: /home/codespace/.local/share/gh/extensions/gh-codeql/dist/release/v2.27.1/cpp/tools/linux64/extractor, args: [--mimic, /usr/libexec/gcc/x86_64-linux-gnu/13/cc1, @/workspaces/cybr621-lab2-Memory-Safety-Validation/codeql-db/working/tmp//semmle_9_18568_994403, -o, /workspaces/cybr621-lab2-Memory-Safety-Validation/codeql-db/working/tmp//semmle_19_18568_72147.o, /workspaces/cybr621-lab2-Memory-Safety-Validation/codeql-db/working/tmp//semmle_18_18568_72098.c]
[T 14:53:19 18662] trace_languages(1): [cpp]
[T 14:53:19 18664] Attempting to switch stdout/stderr to 7...
[T 14:53:19 18664] Initializing tracer.
[T 14:53:19 18664] Initializing tags.
[T 14:53:19 18664] ID set to 00000000000048E8_0000000000000001 (parent 00000000000048E6_0000000000000001)
[E 14:53:19 18664] Mimicry classification suppression detected; exiting.
[E 14:53:19 18664] Extractor exited successfully
[T 14:53:19 18662] Extractor /home/codespace/.local/share/gh/extensions/gh-codeql/dist/release/v2.27.1/cpp/tools/linux64/extractor terminated with exit code 0.
[T 14:53:19 18665] Initializing tracer.
[T 14:53:19 18665] Initializing tags.
[T 14:53:19 18665] ID set to 00000000000048E9_0000000000000001 (parent 0000000000004888_0000000000000001)
[T 14:53:19 18665] ==== Candidate to intercept: /usr/libexec/gcc/x86_64-linux-gnu/13/cc1 (canonical: /usr/libexec/gcc/x86_64-linux-gnu/13/cc1) ====
[T 14:53:19 18665] Lua: === Intercepted call to /usr/libexec/gcc/x86_64-linux-gnu/13/cc1 ===
[T 14:53:19 18665] Executing the following tracer actions:
[T 14:53:19 18665] Tracer actions:
[T 14:53:19 18665] pre_invocations(0)
[T 14:53:19 18665] post_invocations(1)
[T 14:53:19 18665] invocation: /home/codespace/.local/share/gh/extensions/gh-codeql/dist/release/v2.27.1/cpp/tools/linux64/extractor, args: [--mimic, /usr/libexec/gcc/x86_64-linux-gnu/13/cc1, @/workspaces/cybr621-lab2-Memory-Safety-Validation/codeql-db/working/tmp//semmle_9_18568_994403, -o, /workspaces/cybr621-lab2-Memory-Safety-Validation/codeql-db/working/tmp//semmle_21_18568_88998.o, /workspaces/cybr621-lab2-Memory-Safety-Validation/codeql-db/working/tmp//semmle_20_18568_88945.c]
[T 14:53:19 18665] trace_languages(1): [cpp]
[T 14:53:19 18667] Attempting to switch stdout/stderr to 7...
[T 14:53:19 18667] Initializing tracer.
[T 14:53:19 18667] Initializing tags.
[T 14:53:19 18667] ID set to 00000000000048EB_0000000000000001 (parent 00000000000048E9_0000000000000001)
[E 14:53:19 18667] Mimicry classification suppression detected; exiting.
[E 14:53:19 18667] Extractor exited successfully
[T 14:53:19 18665] Extractor /home/codespace/.local/share/gh/extensions/gh-codeql/dist/release/v2.27.1/cpp/tools/linux64/extractor terminated with exit code 0.
[E 14:53:19 18568] Processed command line: /home/codespace/.local/share/gh/extensions/gh-codeql/dist/release/v2.27.1/cpp/tools/linux64/extractor --trapfolder /workspaces/cybr621-lab2-Memory-Safety-Validation/codeql-db/trap/cpp --src_archive /workspaces/cybr621-lab2-Memory-Safety-Validation/codeql-db/src --object_filename /tmp/ccltQYBu.s --no_warnings_and_discretionary_errors --error_limit 1000 --disable_system_macros --variadic_macros --incognito --gcc --gnu_version 130300 --target linux_x86_64 '-D__DBL_MIN_EXP__=(-1021)' -D__UINT_LEAST16_MAX__=0xffff -D__FLT16_HAS_QUIET_NAN__=1 -D__ATOMIC_ACQUIRE=2 -D__FLT128_MAX_10_EXP__=4932 -D__FLT_MIN__=1.17549435082228750796873653722224568e-38F -D__GCC_IEC_559_COMPLEX=2 '-D__UINT_LEAST8_TYPE__=unsigned char' -D__SIZEOF_FLOAT80__=16 -D__BFLT16_DENORM_MIN__=9.18354961579912115600575419704879436e-41BF16 '-D__INTMAX_C(c)=c ## L' -D__CHAR_BIT__=8 -D__UINT8_MAX__=0xff -D__SCHAR_WIDTH__=8 -D__WINT_MAX__=0xffffffffU '-D__FLT32_MIN_EXP__=(-125)' -D__BFLT16_NORM_MAX__=3.38953138925153547590470800371487867e+38BF16 '-D__BFLT16_MIN_10_EXP__=(-37)' -D__ORDER_LITTLE_ENDIAN__=1234 -D__WCHAR_MAX__=0x7fffffff -D__GCC_HAVE_SYNC_COMPARE_AND_SWAP_2=1 -D__GCC_HAVE_SYNC_COMPARE_AND_SWAP_4=1 -D__GCC_HAVE_SYNC_COMPARE_AND_SWAP_8=1 -D__GCC_ATOMIC_CHAR_LOCK_FREE=2 -D__GCC_IEC_559=2 -D__FLT32X_DECIMAL_DIG__=17 -D__FLT_EVAL_METHOD__=0 -D__FLT64_DECIMAL_DIG__=17 -D__CET__=3 -D__GCC_ATOMIC_CHAR32_T_LOCK_FREE=2 -D__UINT_FAST64_MAX__=0xffffffffffffffffUL -D__SIG_ATOMIC_TYPE__=int '-D__DBL_MIN_10_EXP__=(-307)' -D__FINITE_MATH_ONLY__=0 -D__FLT32X_MAX_EXP__=1024 -D__GCC_HAVE_SYNC_COMPARE_AND_SWAP_1=1 -D__FLT32_HAS_DENORM__=1 -D__UINT_FAST8_MAX__=0xff -D__FLT32_MAX_10_EXP__=38 -D__DEC64_MAX_EXP__=385 '-D__INT8_C(c)=c' -D__INT_LEAST8_WIDTH__=8 -D__UINT_LEAST64_MAX__=0xffffffffffffffffUL -D__SHRT_MAX__=0x7fff -D__LDBL_MAX__=1.18973149535723176502126385303097021e+4932L -D__FLT64X_MAX_10_EXP__=4932 -D__BFLT16_MAX_10_EXP__=38 -D__BFLT16_MAX_EXP__=128 -D__LDBL_IS_IEC_60559__=1 -D__FLT64X_HAS_QUIET_NAN__=1 -D__UINT_LEAST8_MAX__=0xff -D__GCC_ATOMIC_BOOL_LOCK_FREE=2 -D__FLT128_DENORM_MIN__=6.47517511943802511092443895822764655e-4966F128 '-D__UINTMAX_TYPE__=long unsigned int' -D__BFLT16_DECIMAL_DIG__=4 -D__linux=1 -D__DEC32_EPSILON__=1E-6DF -D__FLT_EVAL_METHOD_TS_18661_3__=0 -D__UINT32_MAX__=0xffffffffU '-D__DBL_DENORM_MIN__=((double)4.94065645841246544176568792868221372e-324L)' '-D__FLT128_MIN_EXP__=(-16381)' -D__WINT_MIN__=0U '-D__FLT128_MIN_10_EXP__=(-4931)' -D__FLT32X_IS_IEC_60559__=1 -D__INT_LEAST16_WIDTH__=16 -D__SCHAR_MAX__=0x7f -D__FLT128_MANT_DIG__=113 '-D__WCHAR_MIN__=(-__WCHAR_MAX__ - 1)' '-D__INT64_C(c)=c ## L' -D__SSP_STRONG__=3 -D__GCC_ATOMIC_POINTER_LOCK_FREE=2 -D__ATOMIC_SEQ_CST=5 -D__unix=1 -D__INT_LEAST64_MAX__=0x7fffffffffffffffL -D__FLT32X_MANT_DIG__=53 -D__FLT64X_EPSILON__=1.08420217248550443400745280086994171e-19F64x '-D__DEC64_MIN_EXP__=(-382)' -D__DBL_DIG__=15 -D__FLT_EPSILON__=1.19209289550781250000000000000000000e-7F -D__SHRT_WIDTH__=16 -D__FLT32_IS_IEC_60559__=1 -D__LDBL_MIN__=3.36210314311209350626267781732175260e-4932L -D__STDC_UTF_16__=1 -D__DBL_IS_IEC_60559__=1 -D__DEC32_MAX__=9.999999E96DF -D__FLT64X_DENORM_MIN__=3.64519953188247460252840593361941982e-4951F64x -D__FLT32X_HAS_INFINITY__=1 -D__unix__=1 -D__INT_WIDTH__=32 -D__STDC_IEC_559__=1 -D__STDC_ISO_10646__=201706L -D__DECIMAL_DIG__=21 -D__STDC_IEC_559_COMPLEX__=1 -D__FLT64_EPSILON__=2.22044604925031308084726333618164062e-16F64 -D__gnu_linux__=1 -D__FLT128_IS_IEC_60559__=1 '-D__FLT64X_MIN_10_EXP__=(-4931)' -D__LDBL_HAS_QUIET_NAN__=1 '-D__FLT16_MIN_EXP__=(-13)' -D__FLT64_MANT_DIG__=53 -D__FLT64X_MANT_DIG__=64 -D__BFLT16_DIG__=2 -D__pie__=2 -D__MMX__=1 -D__FLT_HAS_DENORM__=1 -D__SIZEOF_LONG_DOUBLE__=16 -D__BIGGEST_ALIGNMENT__=16 -D__FLT64_MAX_10_EXP__=308 -D__BFLT16_IS_IEC_60559__=0 -D__FLT16_MAX_10_EXP__=4 '-D__DBL_MAX__=((double)1.79769313486231570814527423731704357e+308L)' -D__INT_FAST32_MAX__=0x7fffffffffffffffL -D__DBL_HAS_INFINITY__=1 -D__INT64_MAX__=0x7fffffffffffffffL -D__SIZEOF_FLOAT__=4 -D__HAVE_SPECULATION_SAFE_VALUE=1 '-D__DEC32_MIN_EXP__=(-94)' -D__INTPTR_WIDTH__=64 -D__UINT_LEAST32_MAX__=0xffffffffU -D__FLT32X_HAS_DENORM__=1 '-D__INT_FAST16_TYPE__=long int' -D__MMX_WITH_SSE__=1 -D__LDBL_HAS_DENORM__=1 -D__SEG_GS=1 -D__BFLT16_EPSILON__=7.81250000000000000000000000000000000e-3BF16 -D__FLT128_HAS_INFINITY__=1 -D__DEC32_MIN__=1E-95DF -D__DBL_MAX_EXP__=1024 -D__WCHAR_WIDTH__=32 -D__FLT32_MAX__=3.40282346638528859811704183484516925e+38F32 -D__DEC128_EPSILON__=1E-33DL -D__FLT16_DECIMAL_DIG__=5 -D__SSE2_MATH__=1 -D__ATOMIC_HLE_RELEASE=131072 -D__PTRDIFF_MAX__=0x7fffffffffffffffL -D__amd64=1 -D__ATOMIC_HLE_ACQUIRE=65536 -D__LONG_LONG_MAX__=0x7fffffffffffffffLL -D__SIZEOF_SIZE_T__=8 -D__BFLT16_HAS_INFINITY__=1 '-D__FLT64X_MIN_EXP__=(-16381)' -D__SIZEOF_WINT_T__=4 -D__LONG_LONG_WIDTH__=64 -D__FLT32_MAX_EXP__=128 -D__GXX_ABI_VERSION=1018 '-D__FLT_MIN_EXP__=(-125)' -D__GCC_HAVE_DWARF2_CFI_ASM=1 -D__INT16_MAX__=0x7fff -D__x86_64=1 '-D__INT_FAST64_TYPE__=long int' -D__BFLT16_MAX__=3.38953138925153547590470800371487867e+38BF16 -D__BFLT16_HAS_DENORM__=1 -D__FLT64_DENORM_MIN__=4.94065645841246544176568792868221372e-324F64 -D__FLT16_DENORM_MIN__=5.96046447753906250000000000000000000e-8F16 -D__FLT128_EPSILON__=1.92592994438723585305597794258492732e-34F128 -D__FLT64X_NORM_MAX__=1.18973149535723176502126385303097021e+4932F64x -D__SIZEOF_POINTER__=8 '-D__SIZE_TYPE__=long unsigned int' -D__LP64__=1 -D__DBL_HAS_QUIET_NAN__=1 -D__FLT32X_EPSILON__=2.22044604925031308084726333618164062e-16F32x -D__LDBL_MAX_EXP__=16384 -D__DECIMAL_BID_FORMAT__=1 '-D__FLT64_MIN_EXP__=(-1021)' '-D__FLT64_MIN_10_EXP__=(-307)' '-D__FLT16_MIN_10_EXP__=(-4)' -D__FLT64X_DECIMAL_DIG__=21 -D__DEC128_MIN__=1E-6143DL -D__REGISTER_PREFIX__= -D__UINT16_MAX__=0xffff -D__DBL_HAS_DENORM__=1 -D__FLT32_MIN__=1.17549435082228750796873653722224568e-38F32 '-D__UINT8_TYPE__=unsigned char' -D__FLT_DIG__=6 -D__NO_INLINE__=1 -D__DEC_EVAL_METHOD__=2 -D__FLT_MANT_DIG__=24 -D__LDBL_DECIMAL_DIG__=21 '-D__UINT64_C(c)=c ## UL' -D_STDC_PREDEF_H=1 -D__INT_LEAST32_MAX__=0x7fffffff -D__GCC_ATOMIC_INT_LOCK_FREE=2 -D__FLT128_MAX_EXP__=16384 -D__FLT32_MANT_DIG__=24 -D__FLOAT_WORD_ORDER__=__ORDER_LITTLE_ENDIAN__ '-D__FLT32X_MIN_EXP__=(-1021)' -D__STDC_IEC_60559_COMPLEX__=201404L -D__BFLT16_MIN__=1.17549435082228750796873653722224568e-38BF16 -D__FLT128_HAS_DENORM__=1 -D__FLT32_DECIMAL_DIG__=9 -D__FLT128_DIG__=33 '-D__INT32_C(c)=c' -D__DEC64_EPSILON__=1E-15DD -D__ORDER_PDP_ENDIAN__=3412 '-D__DEC128_MIN_EXP__=(-6142)' -D__DEC128_MAX__=9.999999999999999999999999999999999E6144DL '-D__INT_FAST32_TYPE__=long int' '-D__UINT_LEAST16_TYPE__=short unsigned int' -D__DEC128_MAX_EXP__=6145 -Dunix=1 -D__UINT64_MAX__=0xffffffffffffffffUL -D__FLT_IS_IEC_60559__=1 '-D__GNUC_WIDE_EXECUTION_CHARSET_NAME="UTF-32LE"' -D__FLT64X_DIG__=18 '-D__INT8_TYPE__=signed char' -D__ELF__=1 -D__GCC_ASM_FLAG_OUTPUTS__=1 '-D__UINT32_TYPE__=unsigned int' -D__BFLT16_HAS_QUIET_NAN__=1 -D__FLT_RADIX__=2 '-D__INT_LEAST16_TYPE__=short int' -D__LDBL_EPSILON__=1.08420217248550443400745280086994171e-19L '-D__UINTMAX_C(c)=c ## UL' -D__FLT16_DIG__=3 -D__SSE_MATH__=1 -D__k8=1 -D__FLT32X_MIN__=2.22507385850720138309023271733240406e-308F32x -D__SIG_ATOMIC_MAX__=0x7fffffff -D__GCC_ATOMIC_WCHAR_T_LOCK_FREE=2 -D__USER_LABEL_PREFIX__= -D__STDC_IEC_60559_BFP__=201404L -D__SIZEOF_PTRDIFF_T__=8 -D__FLT64X_HAS_INFINITY__=1 -D__FLT32_HAS_INFINITY__=1 -D__SIZEOF_LONG__=8 -D__LDBL_DIG__=18 -D__FLT64_IS_IEC_60559__=1 -D__x86_64__=1 -D__FLT16_IS_IEC_60559__=1 -D__FLT16_MAX_EXP__=16 -D__DEC32_SUBNORMAL_MIN__=0.000001E-95DF -D__INT_FAST16_MAX__=0x7fffffffffffffffL -D__GCC_CONSTRUCTIVE_SIZE=64 -D__FLT64_DIG__=15 -D__UINT_FAST32_MAX__=0xffffffffffffffffUL '-D__UINT_LEAST64_TYPE__=long unsigned int' -D__FLT16_EPSILON__=9.76562500000000000000000000000000000e-4F16 -D__FLT_HAS_QUIET_NAN__=1 -D__FLT_MAX_10_EXP__=38 -D__LONG_MAX__=0x7fffffffffffffffL -D__FLT64X_HAS_DENORM__=1 -D__DEC128_SUBNORMAL_MIN__=0.000000000000000000000000000000001E-6143DL -D__FLT_HAS_INFINITY__=1 '-D__GNUC_EXECUTION_CHARSET_NAME="UTF-8"' '-D__UINT_FAST16_TYPE__=long unsigned int' -D__DEC64_MAX__=9.999999999999999E384DD -D__INT_FAST32_WIDTH__=64 -D__PRAGMA_REDEFINE_EXTNAME=1 -D__SIZE_WIDTH__=64 -D__SEG_FS=1 -D__INT_LEAST16_MAX__=0x7fff -D__FLT16_NORM_MAX__=6.55040000000000000000000000000000000e+4F16 -D__DEC64_MANT_DIG__=16 -D__FLT32_DENORM_MIN__=1.40129846432481707092372958328991613e-45F32 -D__SIG_ATOMIC_WIDTH__=32 '-D__INT_LEAST64_TYPE__=long int' '-D__INT16_TYPE__=short int' '-D__INT_LEAST8_TYPE__=signed char' -D__FLT16_MAX__=6.55040000000000000000000000000000000e+4F16 -D__FLT128_MIN__=3.36210314311209350626267781732175260e-4932F128 -D__SIZEOF_INT__=4 -D__DEC32_MAX_EXP__=97 -D__INT_FAST8_MAX__=0x7f -D__FLT128_MAX__=1.18973149535723176508575932662800702e+4932F128 -D__INTPTR_MAX__=0x7fffffffffffffffL -Dlinux=1 -D__FLT64_HAS_QUIET_NAN__=1 '-D__FLT32_MIN_10_EXP__=(-37)' -D__FLT32X_DIG__=15 '-D__UINT16_C(c)=c' -D__PTRDIFF_WIDTH__=64 -D__LDBL_MANT_DIG__=64 -D__INT_FAST16_WIDTH__=64 -D__FLT64_HAS_INFINITY__=1 -D__FLT64X_MAX__=1.18973149535723176502126385303097021e+4932F64x -D__FLT16_HAS_INFINITY__=1 '-D__SIG_ATOMIC_MIN__=(-__SIG_ATOMIC_MAX__ - 1)' -D__code_model_small__=1 -D__GCC_ATOMIC_LONG_LOCK_FREE=2 -D__DEC32_MANT_DIG__=7 -D__FLT16_MANT_DIG__=11 -D__k8__=1 '-D__INTPTR_TYPE__=long int' '-D__UINT16_TYPE__=short unsigned int' -D__WCHAR_TYPE__=int -D__pic__=2 -D__UINTPTR_MAX__=0xffffffffffffffffUL -D__INT_FAST64_WIDTH__=64 -D__LDBL_HAS_INFINITY__=1 -D__INT_FAST64_MAX__=0x7fffffffffffffffL -D__GCC_ATOMIC_TEST_AND_SET_TRUEVAL=1 -D__FLT_NORM_MAX__=3.40282346638528859811704183484516925e+38F -D__FLT64X_MAX_EXP__=16384 '-D__UINT_FAST64_TYPE__=long unsigned int' '-D__BFLT16_MIN_EXP__=(-125)' -D__INT_MAX__=0x7fffffff -D__linux__=1 '-D__INT64_TYPE__=long int' -D__FLT_MAX_EXP__=128 -D__ORDER_BIG_ENDIAN__=4321 -D__DBL_MANT_DIG__=53 -D__SIZEOF_FLOAT128__=16 -D__BFLT16_MANT_DIG__=8 -D__GCC_ATOMIC_CHAR16_T_LOCK_FREE=2 -D__DEC64_MIN__=1E-383DD '-D__WINT_TYPE__=unsigned int' '-D__UINT_LEAST32_TYPE__=unsigned int' -D__SIZEOF_SHORT__=2 -D__FLT32_NORM_MAX__=3.40282346638528859811704183484516925e+38F32 -D__SSE__=1 '-D__LDBL_MIN_EXP__=(-16381)' -D__FLT64_MAX__=1.79769313486231570814527423731704357e+308F64 -D__amd64__=1 -D__WINT_WIDTH__=32 -D__INT_LEAST8_MAX__=0x7f -D__INT_LEAST64_WIDTH__=64 -D__FLT32X_MAX_10_EXP__=308 -D__SIZEOF_INT128__=16 -D__FLT16_MIN__=6.10351562500000000000000000000000000e-5F16 -D__FLT64X_IS_IEC_60559__=1 -D__LDBL_MAX_10_EXP__=4932 -D__ATOMIC_RELAXED=0 '-D__DBL_EPSILON__=((double)2.22044604925031308084726333618164062e-16L)' -D__INT_LEAST32_TYPE__=int -D_LP64=1 '-D__UINT8_C(c)=c' -D__FLT64_MAX_EXP__=1024 -D__SIZEOF_WCHAR_T__=4 '-D__UINT64_TYPE__=long unsigned int' -D__FLT128_NORM_MAX__=1.18973149535723176508575932662800702e+4932F128 -D__FLT64_NORM_MAX__=1.79769313486231570814527423731704357e+308F64 -D__FLT128_HAS_QUIET_NAN__=1 -D__INTMAX_MAX__=0x7fffffffffffffffL '-D__INT_FAST8_TYPE__=signed char' -D__FLT64X_MIN__=3.36210314311209350626267781732175260e-4932F64x -D__FLT64_HAS_DENORM__=1 -D__FLT32_EPSILON__=1.19209289550781250000000000000000000e-7F32 -D__FLT16_HAS_DENORM__=1 -D__DBL_DECIMAL_DIG__=17 -D__STDC_UTF_32__=1 -D__INT_FAST8_WIDTH__=8 -D__FXSR__=1 -D__FLT32X_MAX__=1.79769313486231570814527423731704357e+308F32x '-D__DBL_NORM_MAX__=((double)1.79769313486231570814527423731704357e+308L)' -D__BYTE_ORDER__=__ORDER_LITTLE_ENDIAN__ -D__GCC_DESTRUCTIVE_SIZE=64 -D__INTMAX_WIDTH__=64 -D__FLT32_DIG__=6 '-D__UINT32_C(c)=c ## U' -D__FLT_DENORM_MIN__=1.40129846432481707092372958328991613e-45F -D__INT8_MAX__=0x7f -D__LONG_WIDTH__=64 '-D__DBL_MIN__=((double)2.22507385850720138309023271733240406e-308L)' -D__PIC__=2 -D__INT32_MAX__=0x7fffffff '-D__UINT_FAST32_TYPE__=long unsigned int' -D__FLT32X_NORM_MAX__=1.79769313486231570814527423731704357e+308F32x -D__FLT_MAX__=3.40282346638528859811704183484516925e+38F -D__SSE2__=1 -D__INT32_TYPE__=int -D__SIZEOF_DOUBLE__=8 '-D__FLT_MIN_10_EXP__=(-37)' -D__FLT64_MIN__=2.22507385850720138309023271733240406e-308F64 -D__INT_LEAST32_WIDTH__=32 '-D__INTMAX_TYPE__=long int' -D__FLT32X_HAS_QUIET_NAN__=1 -D__ATOMIC_CONSUME=1 -D__UINTMAX_MAX__=0xffffffffffffffffUL -D__PIE__=2 -D__FLT32X_DENORM_MIN__=4.94065645841246544176568792868221372e-324F32x -D__DBL_MAX_10_EXP__=308 -D__LDBL_DENORM_MIN__=3.64519953188247460252840593361941982e-4951L '-D__INT16_C(c)=c' '-D__PTRDIFF_TYPE__=long int' '-D__FLT32X_MIN_10_EXP__=(-307)' '-D__UINTPTR_TYPE__=long unsigned int' -D__DEC64_SUBNORMAL_MIN__=0.000000000000001E-383DD -D__DEC128_MANT_DIG__=34 '-D__LDBL_MIN_10_EXP__=(-4931)' -D__SIZEOF_LONG_LONG__=8 -D__FLT128_DECIMAL_DIG__=36 -D__GCC_ATOMIC_LLONG_LOCK_FREE=2 -D__FLT32_HAS_QUIET_NAN__=1 -D__FLT_DECIMAL_DIG__=9 -D__UINT_FAST16_MAX__=0xffffffffffffffffUL -D__LDBL_NORM_MAX__=1.18973149535723176502126385303097021e+4932L -D__GCC_ATOMIC_SHORT_LOCK_FREE=2 -D__SIZE_MAX__=0xffffffffffffffffUL '-D__UINT_FAST8_TYPE__=unsigned char' -D__ATOMIC_ACQ_REL=4 -D__ATOMIC_RELEASE=3 -I/usr/lib/gcc/x86_64-linux-gnu/13/include -I/usr/local/include -I/usr/include/x86_64-linux-gnu -I/usr/include -- assistant1.c
[E 14:53:19 18568] CODEQL_EXTRACTOR_CPP_TRAP_CACHING is not set
[E 14:53:19 18568] CODEQL_EXTRACTOR_CPP_OPTION_TRAP_CACHE_WRITE is not set
[E 14:53:19 18568] CODEQL_EXTRACTOR_CPP_OPTION_TRAP_CACHE_DIR is not set
[E 14:53:19 18568] Initialising TRAP cache at path: 1d/85e6/e635c295bac4d8cf384863f23559
[E 14:53:19 18568] Not using TRAP cache
[E 14:53:19 18568] TRAP cache miss
[E 14:53:19 18568] Starting compilation TRAP /workspaces/cybr621-lab2-Memory-Safety-Validation/codeql-db/trap/cpp/compilations/12/4918635_0.trap.zst
[E 14:53:19 18568] Archiving /workspaces/cybr621-lab2-Memory-Safety-Validation/codeql-db/src/workspaces/cybr621-lab2-Memory-Safety-Validation/assistant1.c
[E 14:53:19 18568] Archiving /workspaces/cybr621-lab2-Memory-Safety-Validation/codeql-db/src/usr/include/stdio.h
[E 14:53:19 18568] Archiving /workspaces/cybr621-lab2-Memory-Safety-Validation/codeql-db/src/usr/include/x86_64-linux-gnu/bits/libc-header-start.h
[E 14:53:19 18568] Archiving /workspaces/cybr621-lab2-Memory-Safety-Validation/codeql-db/src/usr/include/features.h
[E 14:53:19 18568] Archiving /workspaces/cybr621-lab2-Memory-Safety-Validation/codeql-db/src/usr/include/features-time64.h
[E 14:53:19 18568] Archiving /workspaces/cybr621-lab2-Memory-Safety-Validation/codeql-db/src/usr/include/x86_64-linux-gnu/bits/wordsize.h
[E 14:53:19 18568] Archiving /workspaces/cybr621-lab2-Memory-Safety-Validation/codeql-db/src/usr/include/x86_64-linux-gnu/bits/timesize.h
[E 14:53:19 18568] Already archived /workspaces/cybr621-lab2-Memory-Safety-Validation/codeql-db/src/usr/include/x86_64-linux-gnu/bits/wordsize.h
[E 14:53:19 18568] Archiving /workspaces/cybr621-lab2-Memory-Safety-Validation/codeql-db/src/usr/include/stdc-predef.h
[E 14:53:19 18568] Archiving /workspaces/cybr621-lab2-Memory-Safety-Validation/codeql-db/src/usr/include/x86_64-linux-gnu/sys/cdefs.h
[E 14:53:19 18568] Already archived /workspaces/cybr621-lab2-Memory-Safety-Validation/codeql-db/src/usr/include/x86_64-linux-gnu/bits/wordsize.h
[E 14:53:19 18568] Archiving /workspaces/cybr621-lab2-Memory-Safety-Validation/codeql-db/src/usr/include/x86_64-linux-gnu/bits/long-double.h
[E 14:53:19 18568] Archiving /workspaces/cybr621-lab2-Memory-Safety-Validation/codeql-db/src/usr/include/x86_64-linux-gnu/gnu/stubs.h
[E 14:53:19 18568] Archiving /workspaces/cybr621-lab2-Memory-Safety-Validation/codeql-db/src/usr/include/x86_64-linux-gnu/gnu/stubs-64.h
[E 14:53:19 18568] Archiving /workspaces/cybr621-lab2-Memory-Safety-Validation/codeql-db/src/usr/lib/gcc/x86_64-linux-gnu/13/include/stddef.h
[E 14:53:19 18568] Archiving /workspaces/cybr621-lab2-Memory-Safety-Validation/codeql-db/src/usr/lib/gcc/x86_64-linux-gnu/13/include/stdarg.h
[E 14:53:19 18568] Archiving /workspaces/cybr621-lab2-Memory-Safety-Validation/codeql-db/src/usr/include/x86_64-linux-gnu/bits/types.h
[E 14:53:19 18568] Already archived /workspaces/cybr621-lab2-Memory-Safety-Validation/codeql-db/src/usr/include/x86_64-linux-gnu/bits/wordsize.h
[E 14:53:19 18568] Already archived /workspaces/cybr621-lab2-Memory-Safety-Validation/codeql-db/src/usr/include/x86_64-linux-gnu/bits/timesize.h
[E 14:53:19 18568] Already archived /workspaces/cybr621-lab2-Memory-Safety-Validation/codeql-db/src/usr/include/x86_64-linux-gnu/bits/wordsize.h
[E 14:53:19 18568] Archiving /workspaces/cybr621-lab2-Memory-Safety-Validation/codeql-db/src/usr/include/x86_64-linux-gnu/bits/typesizes.h
[E 14:53:19 18568] Archiving /workspaces/cybr621-lab2-Memory-Safety-Validation/codeql-db/src/usr/include/x86_64-linux-gnu/bits/time64.h
[E 14:53:19 18568] Archiving /workspaces/cybr621-lab2-Memory-Safety-Validation/codeql-db/src/usr/include/x86_64-linux-gnu/bits/types/__fpos_t.h
[E 14:53:19 18568] Archiving /workspaces/cybr621-lab2-Memory-Safety-Validation/codeql-db/src/usr/include/x86_64-linux-gnu/bits/types/__mbstate_t.h
[E 14:53:19 18568] Archiving /workspaces/cybr621-lab2-Memory-Safety-Validation/codeql-db/src/usr/include/x86_64-linux-gnu/bits/types/__fpos64_t.h
[E 14:53:19 18568] Archiving /workspaces/cybr621-lab2-Memory-Safety-Validation/codeql-db/src/usr/include/x86_64-linux-gnu/bits/types/__FILE.h
[E 14:53:19 18568] Archiving /workspaces/cybr621-lab2-Memory-Safety-Validation/codeql-db/src/usr/include/x86_64-linux-gnu/bits/types/FILE.h
[E 14:53:19 18568] Archiving /workspaces/cybr621-lab2-Memory-Safety-Validation/codeql-db/src/usr/include/x86_64-linux-gnu/bits/types/struct_FILE.h
[E 14:53:19 18568] Archiving /workspaces/cybr621-lab2-Memory-Safety-Validation/codeql-db/src/usr/include/x86_64-linux-gnu/bits/types/cookie_io_functions_t.h
[E 14:53:19 18568] Archiving /workspaces/cybr621-lab2-Memory-Safety-Validation/codeql-db/src/usr/include/x86_64-linux-gnu/bits/stdio_lim.h
[E 14:53:19 18568] Archiving /workspaces/cybr621-lab2-Memory-Safety-Validation/codeql-db/src/usr/include/x86_64-linux-gnu/bits/floatn.h
[E 14:53:19 18568] Archiving /workspaces/cybr621-lab2-Memory-Safety-Validation/codeql-db/src/usr/include/x86_64-linux-gnu/bits/floatn-common.h
[E 14:53:19 18568] Already archived /workspaces/cybr621-lab2-Memory-Safety-Validation/codeql-db/src/usr/include/x86_64-linux-gnu/bits/long-double.h
[E 14:53:19 18568] Creating trap tarball /workspaces/cybr621-lab2-Memory-Safety-Validation/codeql-db/trap/cpp/tarballs/workspaces/cybr621-lab2-Memory-Safety-Validation/assistant1.c.921f2884_0.trap.tar.zst
[E 14:53:19 18568] Emitting trap files for assistant1.c
[E 14:53:19 18568] Opening existencedb in /workspaces/cybr621-lab2-Memory-Safety-Validation/codeql-db/working/existencedb/db
[E 14:53:19 18568] Wrote 28 files to /workspaces/cybr621-lab2-Memory-Safety-Validation/codeql-db/trap/cpp/tarballs/workspaces/cybr621-lab2-Memory-Safety-Validation/assistant1.c.921f2884_0.trap.tar.zst
[E 14:53:19 18568] Finished compilation TRAP /workspaces/cybr621-lab2-Memory-Safety-Validation/codeql-db/trap/cpp/compilations/12/4918635_0.trap.zst
[E 14:53:19 18568] Marking C compilation as happened.
[E 14:53:19 18568] Setting tag c-compilation-happened
[E 14:53:19 18568] Starting from CODEQL_TRACER_DB_ID 0000000000004886_0000000000000001
[E 14:53:19 18568] Locking DB /workspaces/cybr621-lab2-Memory-Safety-Validation/codeql-db/working/tags.db
[E 14:53:19 18568] Locked DB /workspaces/cybr621-lab2-Memory-Safety-Validation/codeql-db/working/tags.db
[E 14:53:19 18568] Set tag for 0000000000004886_0000000000000001
[E 14:53:19 18568] Set tag for 0000000000004882_0000000000000003
[E 14:53:19 18568] Set tag for 0000000000004882_0000000000000002
[E 14:53:19 18568] Set tag for root
[E 14:53:19 18568] Unlocking DB
[E 14:53:19 18568] Unlocked DB
[E 14:53:19 18568] Time: 0.05 (CPU) 0.00 (elapsed)
[E 14:53:19 18568] Memory: 32.67 MiB (peak rss)
[E 14:53:19 18568] Extractor exited successfully
[T 14:53:19 18566] Extractor /home/codespace/.local/share/gh/extensions/gh-codeql/dist/release/v2.27.1/cpp/tools/linux64/extractor terminated with exit code 0.
[T 14:53:19 18668] Initializing tracer.
[T 14:53:19 18668] Initializing tags.
[T 14:53:19 18668] ID set to 00000000000048EC_0000000000000001 (parent 0000000000004882_0000000000000003)
[T 14:53:19 18668] ==== Candidate to intercept: as (canonical: /usr/bin/as) ====
[T 14:53:19 18668] Lua: === Intercepted call to /usr/bin/as ===
[T 14:53:19 18668] Executing the following tracer actions:
[T 14:53:19 18668] Tracer actions:
[T 14:53:19 18668] pre_invocations(0)
[T 14:53:19 18668] post_invocations(1)
[T 14:53:19 18668] invocation: /home/codespace/.local/share/gh/extensions/gh-codeql/dist/release/v2.27.1/cpp/tools/linux64/extractor, args: [--assembler, --codeql-assembler-executable, /usr/bin/as, --64, -o, assistant1.o, /tmp/ccltQYBu.s]
[T 14:53:19 18668] trace_languages(1): [cpp]
[T 14:53:19 18670] Attempting to switch stdout/stderr to 4...
[T 14:53:19 18670] Initializing tracer.
[T 14:53:19 18670] Initializing tags.
[T 14:53:19 18670] ID set to 00000000000048EE_0000000000000001 (parent 00000000000048EC_0000000000000001)
[E 14:53:19 18670] CodeQL C/C++ Extractor 2.27.1
[E 14:53:19 18670] Current directory: /workspaces/cybr621-lab2-Memory-Safety-Validation
[E 14:53:19 18670] Command: /home/codespace/.local/share/gh/extensions/gh-codeql/dist/release/v2.27.1/cpp/tools/linux64/extractor --assembler --codeql-assembler-executable /usr/bin/as --64 -o assistant1.o /tmp/ccltQYBu.s
[E 14:53:19 18670] Extractor exited after mimicking assembler
[T 14:53:19 18668] Extractor /home/codespace/.local/share/gh/extensions/gh-codeql/dist/release/v2.27.1/cpp/tools/linux64/extractor terminated with exit code 0.
[T 14:53:19 18671] Initializing tracer.
[T 14:53:19 18671] Initializing tags.
[T 14:53:19 18671] ID set to 00000000000048EF_0000000000000001 (parent 0000000000004882_0000000000000003)
[T 14:53:19 18671] ==== Candidate to intercept: /usr/libexec/gcc/x86_64-linux-gnu/13/cc1 (canonical: /usr/libexec/gcc/x86_64-linux-gnu/13/cc1) ====
[T 14:53:19 18671] Lua: === Intercepted call to /usr/libexec/gcc/x86_64-linux-gnu/13/cc1 ===
[T 14:53:19 18671] Executing the following tracer actions:
[T 14:53:19 18671] Tracer actions:
[T 14:53:19 18671] pre_invocations(0)
[T 14:53:19 18671] post_invocations(1)
[T 14:53:19 18671] invocation: /home/codespace/.local/share/gh/extensions/gh-codeql/dist/release/v2.27.1/cpp/tools/linux64/extractor, args: [--mimic, /usr/libexec/gcc/x86_64-linux-gnu/13/cc1, -quiet, -imultiarch, x86_64-linux-gnu, assistant2.c, -quiet, -dumpbase, assistant2.c, -dumpbase-ext, .c, -mtune=generic, -march=x86-64, -Wall, -Wextra, -Wpedantic, -fasynchronous-unwind-tables, -fstack-protector-strong, -Wformat-security, -fstack-clash-protection, -fcf-protection, -o, /tmp/ccltQYBu.s]
[T 14:53:19 18671] trace_languages(1): [cpp]
[T 14:53:19 18673] Attempting to switch stdout/stderr to 4...
[T 14:53:19 18673] Initializing tracer.
[T 14:53:19 18673] Initializing tags.
[T 14:53:19 18673] ID set to 00000000000048F1_0000000000000001 (parent 00000000000048EF_0000000000000001)
[E 14:53:19 18673] CodeQL C/C++ Extractor 2.27.1
[E 14:53:19 18673] Current directory: /workspaces/cybr621-lab2-Memory-Safety-Validation
[E 14:53:19 18673] Command: /home/codespace/.local/share/gh/extensions/gh-codeql/dist/release/v2.27.1/cpp/tools/linux64/extractor --mimic /usr/libexec/gcc/x86_64-linux-gnu/13/cc1 -quiet -imultiarch x86_64-linux-gnu assistant2.c -quiet -dumpbase assistant2.c -dumpbase-ext .c -mtune=generic -march=x86-64 -Wall -Wextra -Wpedantic -fasynchronous-unwind-tables -fstack-protector-strong -Wformat-security -fstack-clash-protection -fcf-protection -o /tmp/ccltQYBu.s
[E 14:53:19 18673] Checking whether C compilation already happened.
[E 14:53:19 18673] Checking for tag c-compilation-happened
[E 14:53:19 18673] Checking CODEQL_TRACER_DB_ID 00000000000048EF_0000000000000001
[E 14:53:19 18673] Locking DB /workspaces/cybr621-lab2-Memory-Safety-Validation/codeql-db/working/tags.db
[E 14:53:19 18673] Locked DB /workspaces/cybr621-lab2-Memory-Safety-Validation/codeql-db/working/tags.db
[E 14:53:19 18673] Unlocking DB
[E 14:53:19 18673] Unlocked DB
[E 14:53:19 18673] Looks like C compilation didn't already happen.
[E 14:53:19 18673] Checking whether C compilation has been attempted.
[E 14:53:19 18673] Checking for tag c-compilation-attempted
[E 14:53:19 18673] Checking CODEQL_TRACER_DB_ID 00000000000048EF_0000000000000001
[E 14:53:19 18673] Locking DB /workspaces/cybr621-lab2-Memory-Safety-Validation/codeql-db/working/tags.db
[E 14:53:19 18673] Locked DB /workspaces/cybr621-lab2-Memory-Safety-Validation/codeql-db/working/tags.db
[E 14:53:19 18673] Unlocking DB
[E 14:53:19 18673] Unlocked DB
[E 14:53:19 18673] Marking C compilation as attempted.
[E 14:53:19 18673] Setting tag c-compilation-attempted
[E 14:53:19 18673] Starting from CODEQL_TRACER_DB_ID 00000000000048EF_0000000000000001
[E 14:53:19 18673] Locking DB /workspaces/cybr621-lab2-Memory-Safety-Validation/codeql-db/working/tags.db
[E 14:53:19 18673] Locked DB /workspaces/cybr621-lab2-Memory-Safety-Validation/codeql-db/working/tags.db
[E 14:53:19 18673] Set tag for 00000000000048EF_0000000000000001
[E 14:53:19 18673] Set tag for 0000000000004882_0000000000000003
[E 14:53:19 18673] Set tag for 0000000000004882_0000000000000002
[E 14:53:19 18673] Set tag for root
[E 14:53:19 18673] Unlocking DB
[E 14:53:19 18673] Unlocked DB
[E 14:53:19 18673] Processed command line: /home/codespace/.local/share/gh/extensions/gh-codeql/dist/release/v2.27.1/cpp/tools/linux64/extractor --trapfolder /workspaces/cybr621-lab2-Memory-Safety-Validation/codeql-db/trap/cpp --src_archive /workspaces/cybr621-lab2-Memory-Safety-Validation/codeql-db/src --object_filename /tmp/ccltQYBu.s --no_warnings_and_discretionary_errors --error_limit 1000 --disable_system_macros --variadic_macros --incognito --gcc --gnu_version 130300 --target linux_x86_64 '-D__DBL_MIN_EXP__=(-1021)' -D__UINT_LEAST16_MAX__=0xffff -D__FLT16_HAS_QUIET_NAN__=1 -D__ATOMIC_ACQUIRE=2 -D__FLT128_MAX_10_EXP__=4932 -D__FLT_MIN__=1.17549435082228750796873653722224568e-38F -D__GCC_IEC_559_COMPLEX=2 '-D__UINT_LEAST8_TYPE__=unsigned char' -D__SIZEOF_FLOAT80__=16 -D__BFLT16_DENORM_MIN__=9.18354961579912115600575419704879436e-41BF16 '-D__INTMAX_C(c)=c ## L' -D__CHAR_BIT__=8 -D__UINT8_MAX__=0xff -D__SCHAR_WIDTH__=8 -D__WINT_MAX__=0xffffffffU '-D__FLT32_MIN_EXP__=(-125)' -D__BFLT16_NORM_MAX__=3.38953138925153547590470800371487867e+38BF16 '-D__BFLT16_MIN_10_EXP__=(-37)' -D__ORDER_LITTLE_ENDIAN__=1234 -D__WCHAR_MAX__=0x7fffffff -D__GCC_HAVE_SYNC_COMPARE_AND_SWAP_2=1 -D__GCC_HAVE_SYNC_COMPARE_AND_SWAP_4=1 -D__GCC_HAVE_SYNC_COMPARE_AND_SWAP_8=1 -D__GCC_ATOMIC_CHAR_LOCK_FREE=2 -D__GCC_IEC_559=2 -D__FLT32X_DECIMAL_DIG__=17 -D__FLT_EVAL_METHOD__=0 -D__FLT64_DECIMAL_DIG__=17 -D__CET__=3 -D__GCC_ATOMIC_CHAR32_T_LOCK_FREE=2 -D__UINT_FAST64_MAX__=0xffffffffffffffffUL -D__SIG_ATOMIC_TYPE__=int '-D__DBL_MIN_10_EXP__=(-307)' -D__FINITE_MATH_ONLY__=0 -D__FLT32X_MAX_EXP__=1024 -D__GCC_HAVE_SYNC_COMPARE_AND_SWAP_1=1 -D__FLT32_HAS_DENORM__=1 -D__UINT_FAST8_MAX__=0xff -D__FLT32_MAX_10_EXP__=38 -D__DEC64_MAX_EXP__=385 '-D__INT8_C(c)=c' -D__INT_LEAST8_WIDTH__=8 -D__UINT_LEAST64_MAX__=0xffffffffffffffffUL -D__SHRT_MAX__=0x7fff -D__LDBL_MAX__=1.18973149535723176502126385303097021e+4932L -D__FLT64X_MAX_10_EXP__=4932 -D__BFLT16_MAX_10_EXP__=38 -D__BFLT16_MAX_EXP__=128 -D__LDBL_IS_IEC_60559__=1 -D__FLT64X_HAS_QUIET_NAN__=1 -D__UINT_LEAST8_MAX__=0xff -D__GCC_ATOMIC_BOOL_LOCK_FREE=2 -D__FLT128_DENORM_MIN__=6.47517511943802511092443895822764655e-4966F128 '-D__UINTMAX_TYPE__=long unsigned int' -D__BFLT16_DECIMAL_DIG__=4 -D__linux=1 -D__DEC32_EPSILON__=1E-6DF -D__FLT_EVAL_METHOD_TS_18661_3__=0 -D__UINT32_MAX__=0xffffffffU '-D__DBL_DENORM_MIN__=((double)4.94065645841246544176568792868221372e-324L)' '-D__FLT128_MIN_EXP__=(-16381)' -D__WINT_MIN__=0U '-D__FLT128_MIN_10_EXP__=(-4931)' -D__FLT32X_IS_IEC_60559__=1 -D__INT_LEAST16_WIDTH__=16 -D__SCHAR_MAX__=0x7f -D__FLT128_MANT_DIG__=113 '-D__WCHAR_MIN__=(-__WCHAR_MAX__ - 1)' '-D__INT64_C(c)=c ## L' -D__SSP_STRONG__=3 -D__GCC_ATOMIC_POINTER_LOCK_FREE=2 -D__ATOMIC_SEQ_CST=5 -D__unix=1 -D__INT_LEAST64_MAX__=0x7fffffffffffffffL -D__FLT32X_MANT_DIG__=53 -D__FLT64X_EPSILON__=1.08420217248550443400745280086994171e-19F64x '-D__DEC64_MIN_EXP__=(-382)' -D__DBL_DIG__=15 -D__FLT_EPSILON__=1.19209289550781250000000000000000000e-7F -D__SHRT_WIDTH__=16 -D__FLT32_IS_IEC_60559__=1 -D__LDBL_MIN__=3.36210314311209350626267781732175260e-4932L -D__STDC_UTF_16__=1 -D__DBL_IS_IEC_60559__=1 -D__DEC32_MAX__=9.999999E96DF -D__FLT64X_DENORM_MIN__=3.64519953188247460252840593361941982e-4951F64x -D__FLT32X_HAS_INFINITY__=1 -D__unix__=1 -D__INT_WIDTH__=32 -D__STDC_IEC_559__=1 -D__STDC_ISO_10646__=201706L -D__DECIMAL_DIG__=21 -D__STDC_IEC_559_COMPLEX__=1 -D__FLT64_EPSILON__=2.22044604925031308084726333618164062e-16F64 -D__gnu_linux__=1 -D__FLT128_IS_IEC_60559__=1 '-D__FLT64X_MIN_10_EXP__=(-4931)' -D__LDBL_HAS_QUIET_NAN__=1 '-D__FLT16_MIN_EXP__=(-13)' -D__FLT64_MANT_DIG__=53 -D__FLT64X_MANT_DIG__=64 -D__BFLT16_DIG__=2 -D__pie__=2 -D__MMX__=1 -D__FLT_HAS_DENORM__=1 -D__SIZEOF_LONG_DOUBLE__=16 -D__BIGGEST_ALIGNMENT__=16 -D__FLT64_MAX_10_EXP__=308 -D__BFLT16_IS_IEC_60559__=0 -D__FLT16_MAX_10_EXP__=4 '-D__DBL_MAX__=((double)1.79769313486231570814527423731704357e+308L)' -D__INT_FAST32_MAX__=0x7fffffffffffffffL -D__DBL_HAS_INFINITY__=1 -D__INT64_MAX__=0x7fffffffffffffffL -D__SIZEOF_FLOAT__=4 -D__HAVE_SPECULATION_SAFE_VALUE=1 '-D__DEC32_MIN_EXP__=(-94)' -D__INTPTR_WIDTH__=64 -D__UINT_LEAST32_MAX__=0xffffffffU -D__FLT32X_HAS_DENORM__=1 '-D__INT_FAST16_TYPE__=long int' -D__MMX_WITH_SSE__=1 -D__LDBL_HAS_DENORM__=1 -D__SEG_GS=1 -D__BFLT16_EPSILON__=7.81250000000000000000000000000000000e-3BF16 -D__FLT128_HAS_INFINITY__=1 -D__DEC32_MIN__=1E-95DF -D__DBL_MAX_EXP__=1024 -D__WCHAR_WIDTH__=32 -D__FLT32_MAX__=3.40282346638528859811704183484516925e+38F32 -D__DEC128_EPSILON__=1E-33DL -D__FLT16_DECIMAL_DIG__=5 -D__SSE2_MATH__=1 -D__ATOMIC_HLE_RELEASE=131072 -D__PTRDIFF_MAX__=0x7fffffffffffffffL -D__amd64=1 -D__ATOMIC_HLE_ACQUIRE=65536 -D__LONG_LONG_MAX__=0x7fffffffffffffffLL -D__SIZEOF_SIZE_T__=8 -D__BFLT16_HAS_INFINITY__=1 '-D__FLT64X_MIN_EXP__=(-16381)' -D__SIZEOF_WINT_T__=4 -D__LONG_LONG_WIDTH__=64 -D__FLT32_MAX_EXP__=128 -D__GXX_ABI_VERSION=1018 '-D__FLT_MIN_EXP__=(-125)' -D__GCC_HAVE_DWARF2_CFI_ASM=1 -D__INT16_MAX__=0x7fff -D__x86_64=1 '-D__INT_FAST64_TYPE__=long int' -D__BFLT16_MAX__=3.38953138925153547590470800371487867e+38BF16 -D__BFLT16_HAS_DENORM__=1 -D__FLT64_DENORM_MIN__=4.94065645841246544176568792868221372e-324F64 -D__FLT16_DENORM_MIN__=5.96046447753906250000000000000000000e-8F16 -D__FLT128_EPSILON__=1.92592994438723585305597794258492732e-34F128 -D__FLT64X_NORM_MAX__=1.18973149535723176502126385303097021e+4932F64x -D__SIZEOF_POINTER__=8 '-D__SIZE_TYPE__=long unsigned int' -D__LP64__=1 -D__DBL_HAS_QUIET_NAN__=1 -D__FLT32X_EPSILON__=2.22044604925031308084726333618164062e-16F32x -D__LDBL_MAX_EXP__=16384 -D__DECIMAL_BID_FORMAT__=1 '-D__FLT64_MIN_EXP__=(-1021)' '-D__FLT64_MIN_10_EXP__=(-307)' '-D__FLT16_MIN_10_EXP__=(-4)' -D__FLT64X_DECIMAL_DIG__=21 -D__DEC128_MIN__=1E-6143DL -D__REGISTER_PREFIX__= -D__UINT16_MAX__=0xffff -D__DBL_HAS_DENORM__=1 -D__FLT32_MIN__=1.17549435082228750796873653722224568e-38F32 '-D__UINT8_TYPE__=unsigned char' -D__FLT_DIG__=6 -D__NO_INLINE__=1 -D__DEC_EVAL_METHOD__=2 -D__FLT_MANT_DIG__=24 -D__LDBL_DECIMAL_DIG__=21 '-D__UINT64_C(c)=c ## UL' -D_STDC_PREDEF_H=1 -D__INT_LEAST32_MAX__=0x7fffffff -D__GCC_ATOMIC_INT_LOCK_FREE=2 -D__FLT128_MAX_EXP__=16384 -D__FLT32_MANT_DIG__=24 -D__FLOAT_WORD_ORDER__=__ORDER_LITTLE_ENDIAN__ '-D__FLT32X_MIN_EXP__=(-1021)' -D__STDC_IEC_60559_COMPLEX__=201404L -D__BFLT16_MIN__=1.17549435082228750796873653722224568e-38BF16 -D__FLT128_HAS_DENORM__=1 -D__FLT32_DECIMAL_DIG__=9 -D__FLT128_DIG__=33 '-D__INT32_C(c)=c' -D__DEC64_EPSILON__=1E-15DD -D__ORDER_PDP_ENDIAN__=3412 '-D__DEC128_MIN_EXP__=(-6142)' -D__DEC128_MAX__=9.999999999999999999999999999999999E6144DL '-D__INT_FAST32_TYPE__=long int' '-D__UINT_LEAST16_TYPE__=short unsigned int' -D__DEC128_MAX_EXP__=6145 -Dunix=1 -D__UINT64_MAX__=0xffffffffffffffffUL -D__FLT_IS_IEC_60559__=1 '-D__GNUC_WIDE_EXECUTION_CHARSET_NAME="UTF-32LE"' -D__FLT64X_DIG__=18 '-D__INT8_TYPE__=signed char' -D__ELF__=1 -D__GCC_ASM_FLAG_OUTPUTS__=1 '-D__UINT32_TYPE__=unsigned int' -D__BFLT16_HAS_QUIET_NAN__=1 -D__FLT_RADIX__=2 '-D__INT_LEAST16_TYPE__=short int' -D__LDBL_EPSILON__=1.08420217248550443400745280086994171e-19L '-D__UINTMAX_C(c)=c ## UL' -D__FLT16_DIG__=3 -D__SSE_MATH__=1 -D__k8=1 -D__FLT32X_MIN__=2.22507385850720138309023271733240406e-308F32x -D__SIG_ATOMIC_MAX__=0x7fffffff -D__GCC_ATOMIC_WCHAR_T_LOCK_FREE=2 -D__USER_LABEL_PREFIX__= -D__STDC_IEC_60559_BFP__=201404L -D__SIZEOF_PTRDIFF_T__=8 -D__FLT64X_HAS_INFINITY__=1 -D__FLT32_HAS_INFINITY__=1 -D__SIZEOF_LONG__=8 -D__LDBL_DIG__=18 -D__FLT64_IS_IEC_60559__=1 -D__x86_64__=1 -D__FLT16_IS_IEC_60559__=1 -D__FLT16_MAX_EXP__=16 -D__DEC32_SUBNORMAL_MIN__=0.000001E-95DF -D__INT_FAST16_MAX__=0x7fffffffffffffffL -D__GCC_CONSTRUCTIVE_SIZE=64 -D__FLT64_DIG__=15 -D__UINT_FAST32_MAX__=0xffffffffffffffffUL '-D__UINT_LEAST64_TYPE__=long unsigned int' -D__FLT16_EPSILON__=9.76562500000000000000000000000000000e-4F16 -D__FLT_HAS_QUIET_NAN__=1 -D__FLT_MAX_10_EXP__=38 -D__LONG_MAX__=0x7fffffffffffffffL -D__FLT64X_HAS_DENORM__=1 -D__DEC128_SUBNORMAL_MIN__=0.000000000000000000000000000000001E-6143DL -D__FLT_HAS_INFINITY__=1 '-D__GNUC_EXECUTION_CHARSET_NAME="UTF-8"' '-D__UINT_FAST16_TYPE__=long unsigned int' -D__DEC64_MAX__=9.999999999999999E384DD -D__INT_FAST32_WIDTH__=64 -D__PRAGMA_REDEFINE_EXTNAME=1 -D__SIZE_WIDTH__=64 -D__SEG_FS=1 -D__INT_LEAST16_MAX__=0x7fff -D__FLT16_NORM_MAX__=6.55040000000000000000000000000000000e+4F16 -D__DEC64_MANT_DIG__=16 -D__FLT32_DENORM_MIN__=1.40129846432481707092372958328991613e-45F32 -D__SIG_ATOMIC_WIDTH__=32 '-D__INT_LEAST64_TYPE__=long int' '-D__INT16_TYPE__=short int' '-D__INT_LEAST8_TYPE__=signed char' -D__FLT16_MAX__=6.55040000000000000000000000000000000e+4F16 -D__FLT128_MIN__=3.36210314311209350626267781732175260e-4932F128 -D__SIZEOF_INT__=4 -D__DEC32_MAX_EXP__=97 -D__INT_FAST8_MAX__=0x7f -D__FLT128_MAX__=1.18973149535723176508575932662800702e+4932F128 -D__INTPTR_MAX__=0x7fffffffffffffffL -Dlinux=1 -D__FLT64_HAS_QUIET_NAN__=1 '-D__FLT32_MIN_10_EXP__=(-37)' -D__FLT32X_DIG__=15 '-D__UINT16_C(c)=c' -D__PTRDIFF_WIDTH__=64 -D__LDBL_MANT_DIG__=64 -D__INT_FAST16_WIDTH__=64 -D__FLT64_HAS_INFINITY__=1 -D__FLT64X_MAX__=1.18973149535723176502126385303097021e+4932F64x -D__FLT16_HAS_INFINITY__=1 '-D__SIG_ATOMIC_MIN__=(-__SIG_ATOMIC_MAX__ - 1)' -D__code_model_small__=1 -D__GCC_ATOMIC_LONG_LOCK_FREE=2 -D__DEC32_MANT_DIG__=7 -D__FLT16_MANT_DIG__=11 -D__k8__=1 '-D__INTPTR_TYPE__=long int' '-D__UINT16_TYPE__=short unsigned int' -D__WCHAR_TYPE__=int -D__pic__=2 -D__UINTPTR_MAX__=0xffffffffffffffffUL -D__INT_FAST64_WIDTH__=64 -D__LDBL_HAS_INFINITY__=1 -D__INT_FAST64_MAX__=0x7fffffffffffffffL -D__GCC_ATOMIC_TEST_AND_SET_TRUEVAL=1 -D__FLT_NORM_MAX__=3.40282346638528859811704183484516925e+38F -D__FLT64X_MAX_EXP__=16384 '-D__UINT_FAST64_TYPE__=long unsigned int' '-D__BFLT16_MIN_EXP__=(-125)' -D__INT_MAX__=0x7fffffff -D__linux__=1 '-D__INT64_TYPE__=long int' -D__FLT_MAX_EXP__=128 -D__ORDER_BIG_ENDIAN__=4321 -D__DBL_MANT_DIG__=53 -D__SIZEOF_FLOAT128__=16 -D__BFLT16_MANT_DIG__=8 -D__GCC_ATOMIC_CHAR16_T_LOCK_FREE=2 -D__DEC64_MIN__=1E-383DD '-D__WINT_TYPE__=unsigned int' '-D__UINT_LEAST32_TYPE__=unsigned int' -D__SIZEOF_SHORT__=2 -D__FLT32_NORM_MAX__=3.40282346638528859811704183484516925e+38F32 -D__SSE__=1 '-D__LDBL_MIN_EXP__=(-16381)' -D__FLT64_MAX__=1.79769313486231570814527423731704357e+308F64 -D__amd64__=1 -D__WINT_WIDTH__=32 -D__INT_LEAST8_MAX__=0x7f -D__INT_LEAST64_WIDTH__=64 -D__FLT32X_MAX_10_EXP__=308 -D__SIZEOF_INT128__=16 -D__FLT16_MIN__=6.10351562500000000000000000000000000e-5F16 -D__FLT64X_IS_IEC_60559__=1 -D__LDBL_MAX_10_EXP__=4932 -D__ATOMIC_RELAXED=0 '-D__DBL_EPSILON__=((double)2.22044604925031308084726333618164062e-16L)' -D__INT_LEAST32_TYPE__=int -D_LP64=1 '-D__UINT8_C(c)=c' -D__FLT64_MAX_EXP__=1024 -D__SIZEOF_WCHAR_T__=4 '-D__UINT64_TYPE__=long unsigned int' -D__FLT128_NORM_MAX__=1.18973149535723176508575932662800702e+4932F128 -D__FLT64_NORM_MAX__=1.79769313486231570814527423731704357e+308F64 -D__FLT128_HAS_QUIET_NAN__=1 -D__INTMAX_MAX__=0x7fffffffffffffffL '-D__INT_FAST8_TYPE__=signed char' -D__FLT64X_MIN__=3.36210314311209350626267781732175260e-4932F64x -D__FLT64_HAS_DENORM__=1 -D__FLT32_EPSILON__=1.19209289550781250000000000000000000e-7F32 -D__FLT16_HAS_DENORM__=1 -D__DBL_DECIMAL_DIG__=17 -D__STDC_UTF_32__=1 -D__INT_FAST8_WIDTH__=8 -D__FXSR__=1 -D__FLT32X_MAX__=1.79769313486231570814527423731704357e+308F32x '-D__DBL_NORM_MAX__=((double)1.79769313486231570814527423731704357e+308L)' -D__BYTE_ORDER__=__ORDER_LITTLE_ENDIAN__ -D__GCC_DESTRUCTIVE_SIZE=64 -D__INTMAX_WIDTH__=64 -D__FLT32_DIG__=6 '-D__UINT32_C(c)=c ## U' -D__FLT_DENORM_MIN__=1.40129846432481707092372958328991613e-45F -D__INT8_MAX__=0x7f -D__LONG_WIDTH__=64 '-D__DBL_MIN__=((double)2.22507385850720138309023271733240406e-308L)' -D__PIC__=2 -D__INT32_MAX__=0x7fffffff '-D__UINT_FAST32_TYPE__=long unsigned int' -D__FLT32X_NORM_MAX__=1.79769313486231570814527423731704357e+308F32x -D__FLT_MAX__=3.40282346638528859811704183484516925e+38F -D__SSE2__=1 -D__INT32_TYPE__=int -D__SIZEOF_DOUBLE__=8 '-D__FLT_MIN_10_EXP__=(-37)' -D__FLT64_MIN__=2.22507385850720138309023271733240406e-308F64 -D__INT_LEAST32_WIDTH__=32 '-D__INTMAX_TYPE__=long int' -D__FLT32X_HAS_QUIET_NAN__=1 -D__ATOMIC_CONSUME=1 -D__UINTMAX_MAX__=0xffffffffffffffffUL -D__PIE__=2 -D__FLT32X_DENORM_MIN__=4.94065645841246544176568792868221372e-324F32x -D__DBL_MAX_10_EXP__=308 -D__LDBL_DENORM_MIN__=3.64519953188247460252840593361941982e-4951L '-D__INT16_C(c)=c' '-D__PTRDIFF_TYPE__=long int' '-D__FLT32X_MIN_10_EXP__=(-307)' '-D__UINTPTR_TYPE__=long unsigned int' -D__DEC64_SUBNORMAL_MIN__=0.000000000000001E-383DD -D__DEC128_MANT_DIG__=34 '-D__LDBL_MIN_10_EXP__=(-4931)' -D__SIZEOF_LONG_LONG__=8 -D__FLT128_DECIMAL_DIG__=36 -D__GCC_ATOMIC_LLONG_LOCK_FREE=2 -D__FLT32_HAS_QUIET_NAN__=1 -D__FLT_DECIMAL_DIG__=9 -D__UINT_FAST16_MAX__=0xffffffffffffffffUL -D__LDBL_NORM_MAX__=1.18973149535723176502126385303097021e+4932L -D__GCC_ATOMIC_SHORT_LOCK_FREE=2 -D__SIZE_MAX__=0xffffffffffffffffUL '-D__UINT_FAST8_TYPE__=unsigned char' -D__ATOMIC_ACQ_REL=4 -D__ATOMIC_RELEASE=3 -I/usr/lib/gcc/x86_64-linux-gnu/13/include -I/usr/local/include -I/usr/include/x86_64-linux-gnu -I/usr/include -- assistant2.c
[E 14:53:19 18673] CODEQL_EXTRACTOR_CPP_TRAP_CACHING is not set
[E 14:53:19 18673] CODEQL_EXTRACTOR_CPP_OPTION_TRAP_CACHE_WRITE is not set
[E 14:53:19 18673] CODEQL_EXTRACTOR_CPP_OPTION_TRAP_CACHE_DIR is not set
[E 14:53:19 18673] Initialising TRAP cache at path: 33/fa9f/9f90b6ab5354591c34fdd7861023
[E 14:53:19 18673] Not using TRAP cache
[E 14:53:19 18673] TRAP cache miss
[E 14:53:19 18673] Starting compilation TRAP /workspaces/cybr621-lab2-Memory-Safety-Validation/codeql-db/trap/cpp/compilations/55/42431297_0.trap.zst
[E 14:53:19 18673] Archiving /workspaces/cybr621-lab2-Memory-Safety-Validation/codeql-db/src/workspaces/cybr621-lab2-Memory-Safety-Validation/assistant2.c
[E 14:53:19 18673] Archiving /workspaces/cybr621-lab2-Memory-Safety-Validation/codeql-db/src/usr/include/errno.h
[E 14:53:19 18673] Already archived /workspaces/cybr621-lab2-Memory-Safety-Validation/codeql-db/src/usr/include/features.h
[E 14:53:19 18673] Already archived /workspaces/cybr621-lab2-Memory-Safety-Validation/codeql-db/src/usr/include/features-time64.h
[E 14:53:19 18673] Already archived /workspaces/cybr621-lab2-Memory-Safety-Validation/codeql-db/src/usr/include/x86_64-linux-gnu/bits/wordsize.h
[E 14:53:19 18673] Already archived /workspaces/cybr621-lab2-Memory-Safety-Validation/codeql-db/src/usr/include/x86_64-linux-gnu/bits/timesize.h
[E 14:53:19 18673] Already archived /workspaces/cybr621-lab2-Memory-Safety-Validation/codeql-db/src/usr/include/x86_64-linux-gnu/bits/wordsize.h
[E 14:53:19 18673] Already archived /workspaces/cybr621-lab2-Memory-Safety-Validation/codeql-db/src/usr/include/stdc-predef.h
[E 14:53:19 18673] Already archived /workspaces/cybr621-lab2-Memory-Safety-Validation/codeql-db/src/usr/include/x86_64-linux-gnu/sys/cdefs.h
[E 14:53:19 18673] Already archived /workspaces/cybr621-lab2-Memory-Safety-Validation/codeql-db/src/usr/include/x86_64-linux-gnu/bits/wordsize.h
[E 14:53:19 18673] Already archived /workspaces/cybr621-lab2-Memory-Safety-Validation/codeql-db/src/usr/include/x86_64-linux-gnu/bits/long-double.h
[E 14:53:19 18673] Already archived /workspaces/cybr621-lab2-Memory-Safety-Validation/codeql-db/src/usr/include/x86_64-linux-gnu/gnu/stubs.h
[E 14:53:19 18673] Already archived /workspaces/cybr621-lab2-Memory-Safety-Validation/codeql-db/src/usr/include/x86_64-linux-gnu/gnu/stubs-64.h
[E 14:53:19 18673] Archiving /workspaces/cybr621-lab2-Memory-Safety-Validation/codeql-db/src/usr/include/x86_64-linux-gnu/bits/errno.h
[E 14:53:19 18673] Archiving /workspaces/cybr621-lab2-Memory-Safety-Validation/codeql-db/src/usr/include/linux/errno.h
[E 14:53:19 18673] Archiving /workspaces/cybr621-lab2-Memory-Safety-Validation/codeql-db/src/usr/include/x86_64-linux-gnu/asm/errno.h
[E 14:53:19 18673] Archiving /workspaces/cybr621-lab2-Memory-Safety-Validation/codeql-db/src/usr/include/asm-generic/errno.h
[E 14:53:19 18673] Archiving /workspaces/cybr621-lab2-Memory-Safety-Validation/codeql-db/src/usr/include/asm-generic/errno-base.h
[E 14:53:19 18673] Archiving /workspaces/cybr621-lab2-Memory-Safety-Validation/codeql-db/src/usr/include/fcntl.h
[E 14:53:19 18673] Already archived /workspaces/cybr621-lab2-Memory-Safety-Validation/codeql-db/src/usr/include/x86_64-linux-gnu/bits/types.h
[E 14:53:19 18673] Already archived /workspaces/cybr621-lab2-Memory-Safety-Validation/codeql-db/src/usr/include/x86_64-linux-gnu/bits/wordsize.h
[E 14:53:19 18673] Already archived /workspaces/cybr621-lab2-Memory-Safety-Validation/codeql-db/src/usr/include/x86_64-linux-gnu/bits/timesize.h
[E 14:53:19 18673] Already archived /workspaces/cybr621-lab2-Memory-Safety-Validation/codeql-db/src/usr/include/x86_64-linux-gnu/bits/wordsize.h
[E 14:53:19 18673] Already archived /workspaces/cybr621-lab2-Memory-Safety-Validation/codeql-db/src/usr/include/x86_64-linux-gnu/bits/typesizes.h
[E 14:53:19 18673] Already archived /workspaces/cybr621-lab2-Memory-Safety-Validation/codeql-db/src/usr/include/x86_64-linux-gnu/bits/time64.h
[E 14:53:19 18673] Archiving /workspaces/cybr621-lab2-Memory-Safety-Validation/codeql-db/src/usr/include/x86_64-linux-gnu/bits/fcntl.h
[E 14:53:19 18673] Archiving /workspaces/cybr621-lab2-Memory-Safety-Validation/codeql-db/src/usr/include/x86_64-linux-gnu/bits/fcntl-linux.h
[E 14:53:19 18673] Archiving /workspaces/cybr621-lab2-Memory-Safety-Validation/codeql-db/src/usr/include/x86_64-linux-gnu/bits/types/struct_timespec.h
[E 14:53:19 18673] Archiving /workspaces/cybr621-lab2-Memory-Safety-Validation/codeql-db/src/usr/include/x86_64-linux-gnu/bits/endian.h
[E 14:53:19 18673] Archiving /workspaces/cybr621-lab2-Memory-Safety-Validation/codeql-db/src/usr/include/x86_64-linux-gnu/bits/endianness.h
[E 14:53:19 18673] Archiving /workspaces/cybr621-lab2-Memory-Safety-Validation/codeql-db/src/usr/include/x86_64-linux-gnu/bits/types/time_t.h
[E 14:53:19 18673] Archiving /workspaces/cybr621-lab2-Memory-Safety-Validation/codeql-db/src/usr/include/x86_64-linux-gnu/bits/stat.h
[E 14:53:19 18673] Archiving /workspaces/cybr621-lab2-Memory-Safety-Validation/codeql-db/src/usr/include/x86_64-linux-gnu/bits/struct_stat.h
[E 14:53:19 18673] Already archived /workspaces/cybr621-lab2-Memory-Safety-Validation/codeql-db/src/usr/include/stdio.h
[E 14:53:19 18673] Already archived /workspaces/cybr621-lab2-Memory-Safety-Validation/codeql-db/src/usr/include/x86_64-linux-gnu/bits/libc-header-start.h
[E 14:53:19 18673] Already archived /workspaces/cybr621-lab2-Memory-Safety-Validation/codeql-db/src/usr/lib/gcc/x86_64-linux-gnu/13/include/stddef.h
[E 14:53:19 18673] Already archived /workspaces/cybr621-lab2-Memory-Safety-Validation/codeql-db/src/usr/lib/gcc/x86_64-linux-gnu/13/include/stdarg.h
[E 14:53:19 18673] Already archived /workspaces/cybr621-lab2-Memory-Safety-Validation/codeql-db/src/usr/include/x86_64-linux-gnu/bits/types/__fpos_t.h
[E 14:53:19 18673] Already archived /workspaces/cybr621-lab2-Memory-Safety-Validation/codeql-db/src/usr/include/x86_64-linux-gnu/bits/types/__mbstate_t.h
[E 14:53:19 18673] Already archived /workspaces/cybr621-lab2-Memory-Safety-Validation/codeql-db/src/usr/include/x86_64-linux-gnu/bits/types/__fpos64_t.h
[E 14:53:19 18673] Already archived /workspaces/cybr621-lab2-Memory-Safety-Validation/codeql-db/src/usr/include/x86_64-linux-gnu/bits/types/__FILE.h
[E 14:53:19 18673] Already archived /workspaces/cybr621-lab2-Memory-Safety-Validation/codeql-db/src/usr/include/x86_64-linux-gnu/bits/types/FILE.h
[E 14:53:19 18673] Already archived /workspaces/cybr621-lab2-Memory-Safety-Validation/codeql-db/src/usr/include/x86_64-linux-gnu/bits/types/struct_FILE.h
[E 14:53:19 18673] Already archived /workspaces/cybr621-lab2-Memory-Safety-Validation/codeql-db/src/usr/include/x86_64-linux-gnu/bits/stdio_lim.h
[E 14:53:19 18673] Already archived /workspaces/cybr621-lab2-Memory-Safety-Validation/codeql-db/src/usr/include/x86_64-linux-gnu/bits/floatn.h
[E 14:53:19 18673] Already archived /workspaces/cybr621-lab2-Memory-Safety-Validation/codeql-db/src/usr/include/x86_64-linux-gnu/bits/floatn-common.h
[E 14:53:19 18673] Already archived /workspaces/cybr621-lab2-Memory-Safety-Validation/codeql-db/src/usr/include/x86_64-linux-gnu/bits/long-double.h
[E 14:53:19 18673] Archiving /workspaces/cybr621-lab2-Memory-Safety-Validation/codeql-db/src/usr/include/stdlib.h
[E 14:53:19 18673] Already archived /workspaces/cybr621-lab2-Memory-Safety-Validation/codeql-db/src/usr/include/x86_64-linux-gnu/bits/libc-header-start.h
[E 14:53:19 18673] Already archived /workspaces/cybr621-lab2-Memory-Safety-Validation/codeql-db/src/usr/lib/gcc/x86_64-linux-gnu/13/include/stddef.h
[E 14:53:19 18673] Archiving /workspaces/cybr621-lab2-Memory-Safety-Validation/codeql-db/src/usr/include/x86_64-linux-gnu/bits/waitflags.h
[E 14:53:19 18673] Archiving /workspaces/cybr621-lab2-Memory-Safety-Validation/codeql-db/src/usr/include/x86_64-linux-gnu/bits/waitstatus.h
[E 14:53:19 18673] Archiving /workspaces/cybr621-lab2-Memory-Safety-Validation/codeql-db/src/usr/include/x86_64-linux-gnu/sys/types.h
[E 14:53:19 18673] Archiving /workspaces/cybr621-lab2-Memory-Safety-Validation/codeql-db/src/usr/include/x86_64-linux-gnu/bits/types/clock_t.h
[E 14:53:19 18673] Archiving /workspaces/cybr621-lab2-Memory-Safety-Validation/codeql-db/src/usr/include/x86_64-linux-gnu/bits/types/clockid_t.h
[E 14:53:19 18673] Archiving /workspaces/cybr621-lab2-Memory-Safety-Validation/codeql-db/src/usr/include/x86_64-linux-gnu/bits/types/timer_t.h
[E 14:53:19 18673] Already archived /workspaces/cybr621-lab2-Memory-Safety-Validation/codeql-db/src/usr/lib/gcc/x86_64-linux-gnu/13/include/stddef.h
[E 14:53:19 18673] Archiving /workspaces/cybr621-lab2-Memory-Safety-Validation/codeql-db/src/usr/include/x86_64-linux-gnu/bits/stdint-intn.h
[E 14:53:19 18673] Archiving /workspaces/cybr621-lab2-Memory-Safety-Validation/codeql-db/src/usr/include/x86_64-linux-gnu/bits/pthreadtypes.h
[E 14:53:19 18673] Archiving /workspaces/cybr621-lab2-Memory-Safety-Validation/codeql-db/src/usr/include/x86_64-linux-gnu/bits/thread-shared-types.h
[E 14:53:19 18673] Archiving /workspaces/cybr621-lab2-Memory-Safety-Validation/codeql-db/src/usr/include/x86_64-linux-gnu/bits/pthreadtypes-arch.h
[E 14:53:19 18673] Already archived /workspaces/cybr621-lab2-Memory-Safety-Validation/codeql-db/src/usr/include/x86_64-linux-gnu/bits/wordsize.h
[E 14:53:19 18673] Archiving /workspaces/cybr621-lab2-Memory-Safety-Validation/codeql-db/src/usr/include/x86_64-linux-gnu/bits/atomic_wide_counter.h
[E 14:53:19 18673] Archiving /workspaces/cybr621-lab2-Memory-Safety-Validation/codeql-db/src/usr/include/x86_64-linux-gnu/bits/struct_mutex.h
[E 14:53:19 18673] Archiving /workspaces/cybr621-lab2-Memory-Safety-Validation/codeql-db/src/usr/include/x86_64-linux-gnu/bits/struct_rwlock.h
[E 14:53:19 18673] Archiving /workspaces/cybr621-lab2-Memory-Safety-Validation/codeql-db/src/usr/include/x86_64-linux-gnu/bits/stdlib-float.h
[E 14:53:19 18673] Archiving /workspaces/cybr621-lab2-Memory-Safety-Validation/codeql-db/src/usr/include/string.h
[E 14:53:19 18673] Already archived /workspaces/cybr621-lab2-Memory-Safety-Validation/codeql-db/src/usr/include/x86_64-linux-gnu/bits/libc-header-start.h
[E 14:53:19 18673] Already archived /workspaces/cybr621-lab2-Memory-Safety-Validation/codeql-db/src/usr/lib/gcc/x86_64-linux-gnu/13/include/stddef.h
[E 14:53:19 18673] Archiving /workspaces/cybr621-lab2-Memory-Safety-Validation/codeql-db/src/usr/include/x86_64-linux-gnu/bits/types/locale_t.h
[E 14:53:19 18673] Archiving /workspaces/cybr621-lab2-Memory-Safety-Validation/codeql-db/src/usr/include/x86_64-linux-gnu/bits/types/__locale_t.h
[E 14:53:19 18673] Archiving /workspaces/cybr621-lab2-Memory-Safety-Validation/codeql-db/src/usr/include/x86_64-linux-gnu/sys/stat.h
[E 14:53:19 18673] Already archived /workspaces/cybr621-lab2-Memory-Safety-Validation/codeql-db/src/usr/include/x86_64-linux-gnu/bits/stat.h
[E 14:53:19 18673] Archiving /workspaces/cybr621-lab2-Memory-Safety-Validation/codeql-db/src/usr/include/time.h
[E 14:53:19 18673] Already archived /workspaces/cybr621-lab2-Memory-Safety-Validation/codeql-db/src/usr/lib/gcc/x86_64-linux-gnu/13/include/stddef.h
[E 14:53:19 18673] Archiving /workspaces/cybr621-lab2-Memory-Safety-Validation/codeql-db/src/usr/include/x86_64-linux-gnu/bits/time.h
[E 14:53:19 18673] Archiving /workspaces/cybr621-lab2-Memory-Safety-Validation/codeql-db/src/usr/include/x86_64-linux-gnu/bits/types/struct_tm.h
[E 14:53:19 18673] Archiving /workspaces/cybr621-lab2-Memory-Safety-Validation/codeql-db/src/usr/include/x86_64-linux-gnu/bits/types/struct_itimerspec.h
[E 14:53:19 18673] Archiving /workspaces/cybr621-lab2-Memory-Safety-Validation/codeql-db/src/usr/include/unistd.h
[E 14:53:19 18673] Archiving /workspaces/cybr621-lab2-Memory-Safety-Validation/codeql-db/src/usr/include/x86_64-linux-gnu/bits/posix_opt.h
[E 14:53:19 18673] Archiving /workspaces/cybr621-lab2-Memory-Safety-Validation/codeql-db/src/usr/include/x86_64-linux-gnu/bits/environments.h
[E 14:53:19 18673] Already archived /workspaces/cybr621-lab2-Memory-Safety-Validation/codeql-db/src/usr/include/x86_64-linux-gnu/bits/wordsize.h
[E 14:53:19 18673] Already archived /workspaces/cybr621-lab2-Memory-Safety-Validation/codeql-db/src/usr/lib/gcc/x86_64-linux-gnu/13/include/stddef.h
[E 14:53:19 18673] Archiving /workspaces/cybr621-lab2-Memory-Safety-Validation/codeql-db/src/usr/include/x86_64-linux-gnu/bits/confname.h
[E 14:53:19 18673] Archiving /workspaces/cybr621-lab2-Memory-Safety-Validation/codeql-db/src/usr/include/x86_64-linux-gnu/bits/getopt_posix.h
[E 14:53:19 18673] Archiving /workspaces/cybr621-lab2-Memory-Safety-Validation/codeql-db/src/usr/include/x86_64-linux-gnu/bits/getopt_core.h
[E 14:53:19 18673] Archiving /workspaces/cybr621-lab2-Memory-Safety-Validation/codeql-db/src/usr/include/x86_64-linux-gnu/bits/unistd_ext.h
[E 14:53:19 18673] Creating trap tarball /workspaces/cybr621-lab2-Memory-Safety-Validation/codeql-db/trap/cpp/tarballs/workspaces/cybr621-lab2-Memory-Safety-Validation/assistant2.c.1a412b9c_0.trap.tar.zst
[E 14:53:19 18673] Emitting trap files for assistant2.c
[E 14:53:19 18673] Opening existencedb in /workspaces/cybr621-lab2-Memory-Safety-Validation/codeql-db/working/existencedb/db
[E 14:53:19 18673] Wrote 56 files to /workspaces/cybr621-lab2-Memory-Safety-Validation/codeql-db/trap/cpp/tarballs/workspaces/cybr621-lab2-Memory-Safety-Validation/assistant2.c.1a412b9c_0.trap.tar.zst
[E 14:53:19 18673] Finished compilation TRAP /workspaces/cybr621-lab2-Memory-Safety-Validation/codeql-db/trap/cpp/compilations/55/42431297_0.trap.zst
[E 14:53:19 18673] Marking C compilation as happened.
[E 14:53:19 18673] Setting tag c-compilation-happened
[E 14:53:19 18673] Starting from CODEQL_TRACER_DB_ID 00000000000048EF_0000000000000001
[E 14:53:19 18673] Locking DB /workspaces/cybr621-lab2-Memory-Safety-Validation/codeql-db/working/tags.db
[E 14:53:19 18673] Locked DB /workspaces/cybr621-lab2-Memory-Safety-Validation/codeql-db/working/tags.db
[E 14:53:19 18673] Set tag for 00000000000048EF_0000000000000001
[E 14:53:19 18673] Set tag for 0000000000004882_0000000000000003
[E 14:53:19 18673] Set tag for 0000000000004882_0000000000000002
[E 14:53:19 18673] Set tag for root
[E 14:53:19 18673] Unlocking DB
[E 14:53:19 18673] Unlocked DB
[E 14:53:19 18673] Time: 0.11 (CPU) 0.00 (elapsed)
[E 14:53:19 18673] Memory: 38.12 MiB (peak rss)
[E 14:53:19 18673] Extractor exited successfully
[T 14:53:19 18671] Extractor /home/codespace/.local/share/gh/extensions/gh-codeql/dist/release/v2.27.1/cpp/tools/linux64/extractor terminated with exit code 0.
[T 14:53:19 18674] Initializing tracer.
[T 14:53:19 18674] Initializing tags.
[T 14:53:19 18674] ID set to 00000000000048F2_0000000000000001 (parent 0000000000004882_0000000000000003)
[T 14:53:19 18674] ==== Candidate to intercept: as (canonical: /usr/bin/as) ====
[T 14:53:19 18674] Lua: === Intercepted call to /usr/bin/as ===
[T 14:53:19 18674] Executing the following tracer actions:
[T 14:53:19 18674] Tracer actions:
[T 14:53:19 18674] pre_invocations(0)
[T 14:53:19 18674] post_invocations(1)
[T 14:53:19 18674] invocation: /home/codespace/.local/share/gh/extensions/gh-codeql/dist/release/v2.27.1/cpp/tools/linux64/extractor, args: [--assembler, --codeql-assembler-executable, /usr/bin/as, --64, -o, assistant2.o, /tmp/ccltQYBu.s]
[T 14:53:19 18674] trace_languages(1): [cpp]
[T 14:53:19 18676] Attempting to switch stdout/stderr to 4...
[T 14:53:19 18676] Initializing tracer.
[T 14:53:19 18676] Initializing tags.
[T 14:53:19 18676] ID set to 00000000000048F4_0000000000000001 (parent 00000000000048F2_0000000000000001)
[E 14:53:19 18676] CodeQL C/C++ Extractor 2.27.1
[E 14:53:19 18676] Current directory: /workspaces/cybr621-lab2-Memory-Safety-Validation
[E 14:53:19 18676] Command: /home/codespace/.local/share/gh/extensions/gh-codeql/dist/release/v2.27.1/cpp/tools/linux64/extractor --assembler --codeql-assembler-executable /usr/bin/as --64 -o assistant2.o /tmp/ccltQYBu.s
[E 14:53:19 18676] Extractor exited after mimicking assembler
[T 14:53:19 18674] Extractor /home/codespace/.local/share/gh/extensions/gh-codeql/dist/release/v2.27.1/cpp/tools/linux64/extractor terminated with exit code 0.
[T 14:53:19 18677] Attempting to switch stdout/stderr to 4...
[T 14:53:19 18677] Initializing tracer.
[T 14:53:19 18677] Initializing tags.
[T 14:53:19 18677] ID set to 00000000000048F5_0000000000000001 (parent 0000000000004882_0000000000000003)
[E 14:53:19 18677] CodeQL C/C++ Extractor 2.27.1
[E 14:53:19 18677] Current directory: /workspaces/cybr621-lab2-Memory-Safety-Validation
[E 14:53:19 18677] Command: /home/codespace/.local/share/gh/extensions/gh-codeql/dist/release/v2.27.1/cpp/tools/linux64/extractor --mimic /usr/bin/gcc -Wall -Wextra -Wpedantic -c assistant1.c assistant2.c
[T 14:53:19 18678] Initializing tracer.
[T 14:53:19 18678] Initializing tags.
[T 14:53:19 18678] ID set to 00000000000048F6_0000000000000001 (parent 00000000000048F5_0000000000000001)
[T 14:53:19 18678] ==== Candidate to intercept: /usr/bin/gcc (canonical: /usr/bin/x86_64-linux-gnu-gcc-13) ====
[T 14:53:19 18678] Lua: === Intercepted call to /usr/bin/x86_64-linux-gnu-gcc-13 ===
[T 14:53:19 18678] Executing the following tracer actions:
[T 14:53:19 18678] Tracer actions:
[T 14:53:19 18678] pre_invocations(0)
[T 14:53:19 18678] post_invocations(1)
[T 14:53:19 18678] invocation: /home/codespace/.local/share/gh/extensions/gh-codeql/dist/release/v2.27.1/cpp/tools/linux64/extractor, args: [--mimic, /usr/bin/x86_64-linux-gnu-gcc-13, --version]
[T 14:53:19 18678] trace_languages(1): [cpp]
[T 14:53:19 18680] Attempting to switch stdout/stderr to 7...
[T 14:53:19 18680] Initializing tracer.
[T 14:53:19 18680] Initializing tags.
[T 14:53:19 18680] ID set to 00000000000048F8_0000000000000001 (parent 00000000000048F6_0000000000000001)
[E 14:53:19 18680] Mimicry classification suppression detected; exiting.
[E 14:53:19 18680] Extractor exited successfully
[T 14:53:19 18678] Extractor /home/codespace/.local/share/gh/extensions/gh-codeql/dist/release/v2.27.1/cpp/tools/linux64/extractor terminated with exit code 0.
[T 14:53:19 18681] Initializing tracer.
[T 14:53:19 18681] Initializing tags.
[T 14:53:19 18681] ID set to 00000000000048F9_0000000000000001 (parent 00000000000048F5_0000000000000001)
[T 14:53:19 18681] ==== Candidate to intercept: /usr/bin/gcc (canonical: /usr/bin/x86_64-linux-gnu-gcc-13) ====
[T 14:53:19 18681] Lua: === Intercepted call to /usr/bin/x86_64-linux-gnu-gcc-13 ===
[T 14:53:19 18681] Executing the following tracer actions:
[T 14:53:19 18681] Tracer actions:
[T 14:53:19 18681] pre_invocations(0)
[T 14:53:19 18681] post_invocations(1)
[T 14:53:19 18681] invocation: /home/codespace/.local/share/gh/extensions/gh-codeql/dist/release/v2.27.1/cpp/tools/linux64/extractor, args: [--mimic, /usr/bin/x86_64-linux-gnu-gcc-13, --help]
[T 14:53:19 18681] trace_languages(1): [cpp]
[T 14:53:19 18683] Attempting to switch stdout/stderr to 7...
[T 14:53:19 18683] Initializing tracer.
[T 14:53:19 18683] Initializing tags.
[T 14:53:19 18683] ID set to 00000000000048FB_0000000000000001 (parent 00000000000048F9_0000000000000001)
[E 14:53:19 18683] Mimicry classification suppression detected; exiting.
[E 14:53:19 18683] Extractor exited successfully
[T 14:53:19 18681] Extractor /home/codespace/.local/share/gh/extensions/gh-codeql/dist/release/v2.27.1/cpp/tools/linux64/extractor terminated with exit code 0.
[T 14:53:19 18684] Initializing tracer.
[T 14:53:19 18684] Initializing tags.
[T 14:53:19 18684] ID set to 00000000000048FC_0000000000000001 (parent 00000000000048F5_0000000000000001)
[T 14:53:19 18684] ==== Candidate to intercept: /usr/bin/gcc (canonical: /usr/bin/x86_64-linux-gnu-gcc-13) ====
[T 14:53:19 18684] Lua: === Intercepted call to /usr/bin/x86_64-linux-gnu-gcc-13 ===
[T 14:53:19 18684] Executing the following tracer actions:
[T 14:53:19 18684] Tracer actions:
[T 14:53:19 18684] pre_invocations(0)
[T 14:53:19 18684] post_invocations(1)
[T 14:53:19 18684] invocation: /home/codespace/.local/share/gh/extensions/gh-codeql/dist/release/v2.27.1/cpp/tools/linux64/extractor, args: [--mimic, /usr/bin/x86_64-linux-gnu-gcc-13, -S, -nostdinc, -o, /workspaces/cybr621-lab2-Memory-Safety-Validation/codeql-db/working/tmp//semmle_2_18677_651401.o, -c, /workspaces/cybr621-lab2-Memory-Safety-Validation/codeql-db/working/tmp//semmle_1_18677_651341.c]
[T 14:53:19 18684] trace_languages(1): [cpp]
[T 14:53:19 18686] Initializing tracer.
[T 14:53:19 18686] Initializing tags.
[T 14:53:19 18686] ID set to 00000000000048FE_0000000000000001 (parent 00000000000048FC_0000000000000001)
[T 14:53:19 18686] ==== Candidate to intercept: /usr/libexec/gcc/x86_64-linux-gnu/13/cc1 (canonical: /usr/libexec/gcc/x86_64-linux-gnu/13/cc1) ====
[T 14:53:19 18686] Lua: === Intercepted call to /usr/libexec/gcc/x86_64-linux-gnu/13/cc1 ===
[T 14:53:19 18686] Executing the following tracer actions:
[T 14:53:19 18686] Tracer actions:
[T 14:53:19 18686] pre_invocations(0)
[T 14:53:19 18686] post_invocations(1)
[T 14:53:19 18686] invocation: /home/codespace/.local/share/gh/extensions/gh-codeql/dist/release/v2.27.1/cpp/tools/linux64/extractor, args: [--mimic, /usr/libexec/gcc/x86_64-linux-gnu/13/cc1, -quiet, -nostdinc, -imultiarch, x86_64-linux-gnu, /workspaces/cybr621-lab2-Memory-Safety-Validation/codeql-db/working/tmp//semmle_1_18677_651341.c, -quiet, -dumpdir, /workspaces/cybr621-lab2-Memory-Safety-Validation/codeql-db/working/tmp//, -dumpbase, semmle_2_18677_651401.c, -dumpbase-ext, .c, -mtune=generic, -march=x86-64, -o, /workspaces/cybr621-lab2-Memory-Safety-Validation/codeql-db/working/tmp//semmle_2_18677_651401.o, -fasynchronous-unwind-tables, -fstack-protector-strong, -Wformat, -Wformat-security, -fstack-clash-protection, -fcf-protection]
[T 14:53:19 18686] trace_languages(1): [cpp]
[T 14:53:19 18691] Attempting to switch stdout/stderr to 7...
[T 14:53:19 18691] Initializing tracer.
[T 14:53:19 18691] Initializing tags.
[T 14:53:19 18691] ID set to 0000000000004903_0000000000000001 (parent 00000000000048FE_0000000000000001)
[E 14:53:19 18691] Mimicry classification suppression detected; exiting.
[E 14:53:19 18691] Extractor exited successfully
[T 14:53:19 18686] Extractor /home/codespace/.local/share/gh/extensions/gh-codeql/dist/release/v2.27.1/cpp/tools/linux64/extractor terminated with exit code 0.
[T 14:53:19 18692] Attempting to switch stdout/stderr to 7...
[T 14:53:19 18692] Initializing tracer.
[T 14:53:19 18692] Initializing tags.
[T 14:53:19 18692] ID set to 0000000000004904_0000000000000001 (parent 00000000000048FC_0000000000000001)
[E 14:53:19 18692] Mimicry classification suppression detected; exiting.
[E 14:53:19 18692] Extractor exited successfully
[T 14:53:19 18684] Extractor /home/codespace/.local/share/gh/extensions/gh-codeql/dist/release/v2.27.1/cpp/tools/linux64/extractor terminated with exit code 0.
[T 14:53:19 18693] Initializing tracer.
[T 14:53:19 18693] Initializing tags.
[T 14:53:19 18693] ID set to 0000000000004905_0000000000000001 (parent 00000000000048F5_0000000000000001)
[T 14:53:19 18693] ==== Candidate to intercept: /usr/bin/gcc (canonical: /usr/bin/x86_64-linux-gnu-gcc-13) ====
[T 14:53:19 18693] Lua: === Intercepted call to /usr/bin/x86_64-linux-gnu-gcc-13 ===
[T 14:53:19 18693] Executing the following tracer actions:
[T 14:53:19 18693] Tracer actions:
[T 14:53:19 18693] pre_invocations(0)
[T 14:53:19 18693] post_invocations(1)
[T 14:53:19 18693] invocation: /home/codespace/.local/share/gh/extensions/gh-codeql/dist/release/v2.27.1/cpp/tools/linux64/extractor, args: [--mimic, /usr/bin/x86_64-linux-gnu-gcc-13, -S, -nostdinc, -o, /workspaces/cybr621-lab2-Memory-Safety-Validation/codeql-db/working/tmp//semmle_4_18677_699891.o, -c, /workspaces/cybr621-lab2-Memory-Safety-Validation/codeql-db/working/tmp//semmle_3_18677_699838.c]
[T 14:53:19 18693] trace_languages(1): [cpp]
[T 14:53:19 18695] Initializing tracer.
[T 14:53:19 18695] Initializing tags.
[T 14:53:19 18695] ID set to 0000000000004907_0000000000000001 (parent 0000000000004905_0000000000000001)
[T 14:53:19 18695] ==== Candidate to intercept: /usr/libexec/gcc/x86_64-linux-gnu/13/cc1 (canonical: /usr/libexec/gcc/x86_64-linux-gnu/13/cc1) ====
[T 14:53:19 18695] Lua: === Intercepted call to /usr/libexec/gcc/x86_64-linux-gnu/13/cc1 ===
[T 14:53:19 18695] Executing the following tracer actions:
[T 14:53:19 18695] Tracer actions:
[T 14:53:19 18695] pre_invocations(0)
[T 14:53:19 18695] post_invocations(1)
[T 14:53:19 18695] invocation: /home/codespace/.local/share/gh/extensions/gh-codeql/dist/release/v2.27.1/cpp/tools/linux64/extractor, args: [--mimic, /usr/libexec/gcc/x86_64-linux-gnu/13/cc1, -quiet, -nostdinc, -imultiarch, x86_64-linux-gnu, /workspaces/cybr621-lab2-Memory-Safety-Validation/codeql-db/working/tmp//semmle_3_18677_699838.c, -quiet, -dumpdir, /workspaces/cybr621-lab2-Memory-Safety-Validation/codeql-db/working/tmp//, -dumpbase, semmle_4_18677_699891.c, -dumpbase-ext, .c, -mtune=generic, -march=x86-64, -o, /workspaces/cybr621-lab2-Memory-Safety-Validation/codeql-db/working/tmp//semmle_4_18677_699891.o, -fasynchronous-unwind-tables, -fstack-protector-strong, -Wformat, -Wformat-security, -fstack-clash-protection, -fcf-protection]
[T 14:53:19 18695] trace_languages(1): [cpp]
[T 14:53:19 18697] Attempting to switch stdout/stderr to 7...
[T 14:53:19 18697] Initializing tracer.
[T 14:53:19 18697] Initializing tags.
[T 14:53:19 18697] ID set to 0000000000004909_0000000000000001 (parent 0000000000004907_0000000000000001)
[E 14:53:19 18697] Mimicry classification suppression detected; exiting.
[E 14:53:19 18697] Extractor exited successfully
[T 14:53:19 18695] Extractor /home/codespace/.local/share/gh/extensions/gh-codeql/dist/release/v2.27.1/cpp/tools/linux64/extractor terminated with exit code 0.
[T 14:53:19 18702] Attempting to switch stdout/stderr to 7...
[T 14:53:19 18702] Initializing tracer.
[T 14:53:19 18702] Initializing tags.
[T 14:53:19 18702] ID set to 000000000000490E_0000000000000001 (parent 0000000000004905_0000000000000001)
[E 14:53:19 18702] Mimicry classification suppression detected; exiting.
[E 14:53:19 18702] Extractor exited successfully
[T 14:53:19 18693] Extractor /home/codespace/.local/share/gh/extensions/gh-codeql/dist/release/v2.27.1/cpp/tools/linux64/extractor terminated with exit code 0.
[E 14:53:19 18677] Checking whether C compilation already happened.
[E 14:53:19 18677] Checking for tag c-compilation-happened
[E 14:53:19 18677] Checking CODEQL_TRACER_DB_ID 0000000000004882_0000000000000003
[E 14:53:19 18677] Locking DB /workspaces/cybr621-lab2-Memory-Safety-Validation/codeql-db/working/tags.db
[E 14:53:19 18677] Locked DB /workspaces/cybr621-lab2-Memory-Safety-Validation/codeql-db/working/tags.db
[E 14:53:19 18677] Unlocking DB
[E 14:53:19 18677] Unlocked DB
[E 14:53:19 18677] Exiting as C compilation already happened.
[T 14:53:19 18562] Extractor /home/codespace/.local/share/gh/extensions/gh-codeql/dist/release/v2.27.1/cpp/tools/linux64/extractor terminated with exit code 0.
